AGO,2018,199957.703125
AGO,2019,199279.96875
AGO,2020,198706.484375
AGO,2021,198139.375
AGO,2022,197574.046875
AGO,2023,197010.328125
AGO,2024,196448.234375
AGO,2025,195887.75
AGO,2026,195328.859375
AGO,2027,194771.5625
AGO,2028,194215.859375
AGO,2029,193661.734375
AGO,2030,193109.203125
AGO,2031,192558.234375
AGO,2032,192008.84375
ALB,2018,33151.6328125
ALB,2019,33039.4140625
ALB,2020,32944.453125
ALB,2021,32850.5546875
ALB,2022,32756.951171875
ALB,2023,32663.615234375
ALB,2024,32570.544921875
ALB,2025,32477.740234375
ALB,2026,32385.201171875
ALB,2027,32292.92578125
ALB,2028,32200.912109375
ALB,2029,32109.162109375
ALB,2030,32017.67578125
ALB,2031,31926.44921875
ALB,2032,31835.48046875
ARG,2018,719550.6875
ARG,2019,717113.1875
ARG,2020,715049.1875
ARG,2021,713007.9375
ARG,2022,710973.1875
ARG,2023,708944.3125
ARG,2024,706921.1875
ARG,2025,704903.8125
ARG,2026,702892.1875
ARG,2027,700886.3125
ARG,2028,698886.1875
ARG,2029,696891.75
ARG,2030,694903.0625
ARG,2031,692920.0
ARG,2032,690942.625
ARM,2018,33126.609375
ARM,2019,33014.453125
ARM,2020,32919.56640625
ARM,2021,32825.734375
ARM,2022,32732.201171875
ARM,2023,32638.935546875
ARM,2024,32545.935546875
ARM,2025,32453.201171875
ARM,2026,32360.732421875
ARM,2027,32268.529296875
ARM,2028,32176.5859375
ARM,2029,32084.90625
ARM,2030,31993.48828125
ARM,2031,31902.33203125
ARM,2032,31811.43359375
AUS,2018,1202450.125
AUS,2019,1198376.75
AUS,2020,1194927.5
AUS,2021,1191516.5
AUS,2022,1188116.25
AUS,2023,1184725.75
AUS,2024,1181344.875
AUS,2025,1177973.625
AUS,2026,1174612.0
AUS,2027,1171259.875
AUS,2028,1167917.5
AUS,2029,1164584.5
AUS,2030,1161261.125
AUS,2031,1157947.125
AUS,2032,1154642.5
AUT,2018,376474.5625
AUT,2019,375199.3125
AUT,2020,374119.4375
AUT,2021,373051.53125
AUT,2022,371987.0
AUT,2023,370925.5
AUT,2024,369867.0625
AUT,2025,368811.625
AUT,2026,367759.21875
AUT,2027,366709.8125
AUT,2028,365663.375
AUT,2029,364619.9375
AUT,2030,363579.46875
AUT,2031,362541.96875
AUT,2032,361507.4375
BDI,2018,8118.39208984375
BDI,2019,8090.6015625
BDI,2020,8067.4443359375
BDI,2021,8044.5615234375
BDI,2022,8021.75244140625
BDI,2023,7999.0087890625
BDI,2024,7976.32958984375
BDI,2025,7953.71533203125
BDI,2026,7931.166015625
BDI,2027,7908.68017578125
BDI,2028,7886.2587890625
BDI,2029,7863.90185546875
BDI,2030,7841.60791015625
BDI,2031,7819.37744140625
BDI,2032,7797.2109375
BEL,2018,448222.78125
BEL,2019,446704.46875
BEL,2020,445418.8125
BEL,2021,444147.3125
BEL,2022,442879.875
BEL,2023,441616.0625
BEL,2024,440355.875
BEL,2025,439099.25
BEL,2026,437846.25
BEL,2027,436596.8125
BEL,2028,435350.9375
BEL,2029,434108.625
BEL,2030,432869.875
BEL,2031,431634.625
BEL,2032,430402.90625
BEN,2018,24794.990234375
BEN,2019,24710.498046875
BEN,2020,24639.494140625
BEN,2021,24569.302734375
BEN,2022,24499.333984375
BEN,2023,24429.564453125
BEN,2024,24359.994140625
BEN,2025,24290.623046875
BEN,2026,24221.447265625
BEN,2027,24152.46875
BEN,2028,24083.689453125
BEN,2029,24015.107421875
BEN,2030,23946.720703125
BEN,2031,23878.529296875
BEN,2032,23810.533203125
BFA,2018,29408.126953125
BFA,2019,29308.103515625
BFA,2020,29223.869140625
BFA,2021,29140.587890625
BFA,2022,29057.5703125
BFA,2023,28974.791015625
BFA,2024,28892.248046875
BFA,2025,28809.94140625
BFA,2026,28727.8671875
BFA,2027,28646.029296875
BFA,2028,28564.427734375
BFA,2029,28483.056640625
BFA,2030,28401.91796875
BFA,2031,28321.009765625
BFA,2032,28240.333984375
BGD,2018,616911.5625
BGD,2019,614821.9375
BGD,2020,613052.3125
BGD,2021,611302.3125
BGD,2022,609557.8125
BGD,2023,607818.3125
BGD,2024,606083.8125
BGD,2025,604354.3125
BGD,2026,602629.6875
BGD,2027,600909.9375
BGD,2028,599195.125
BGD,2029,597485.1875
BGD,2030,595780.125
BGD,2031,594079.9375
BGD,2032,592384.625
BGR,2018,126416.46875
BGR,2019,125988.3046875
BGR,2020,125625.796875
BGR,2021,125267.3046875
BGR,2022,124909.9375
BGR,2023,124553.6015625
BGR,2024,124198.28125
BGR,2025,123843.9765625
BGR,2026,123490.6796875
BGR,2027,123138.3984375
BGR,2028,122787.1171875
BGR,2029,122436.84375
BGR,2030,122087.5703125
BGR,2031,121739.296875
BGR,2032,121392.0078125
BHR,2018,59742.7890625
BHR,2019,59540.4921875
BHR,2020,59369.25390625
BHR,2021,59199.9140625
BHR,2022,59031.109375
BHR,2023,58862.7890625
BHR,2024,58694.94921875
BHR,2025,58527.58984375
BHR,2026,58360.703125
BHR,2027,58194.296875
BHR,2028,58028.3671875
BHR,2029,57862.90625
BHR,2030,57697.9140625
BHR,2031,57533.3984375
BHR,2032,57369.3515625
BLZ,2018,2705.102294921875
BLZ,2019,2695.988037109375
BLZ,2020,2688.373291015625
BLZ,2021,2680.84814453125
BLZ,2022,2673.3466796875
BLZ,2023,2665.866943359375
BLZ,2024,2658.408203125
BLZ,2025,2650.970947265625
BLZ,2026,2643.55517578125
BLZ,2027,2636.160400390625
BLZ,2028,2628.78662109375
BLZ,2029,2621.433837890625
BLZ,2030,2614.102294921875
BLZ,2031,2606.79150390625
BLZ,2032,2599.501708984375
BOL,2018,71607.6640625
BOL,2019,71365.015625
BOL,2020,71159.7265625
BOL,2021,70956.7265625
BOL,2022,70754.3671875
BOL,2023,70552.5859375
BOL,2024,70351.3828125
BOL,2025,70150.7578125
BOL,2026,69950.7109375
BOL,2027,69751.2265625
BOL,2028,69552.3046875
BOL,2029,69353.953125
BOL,2030,69156.1796875
BOL,2031,68958.9609375
BOL,2032,68762.3046875
BRA,2018,2911730.75
BRA,2019,2901867.0
BRA,2020,2893514.5
BRA,2021,2885254.0
BRA,2022,2877019.5
BRA,2023,2868809.0
BRA,2024,2860621.75
BRA,2025,2852458.0
BRA,2026,2844317.5
BRA,2027,2836200.25
BRA,2028,2828106.0
BRA,2029,2820035.0
BRA,2030,2811987.0
BRA,2031,2803962.0
BRA,2032,2795959.75
BRB,2018,3512.234130859375
BRB,2019,3500.400634765625
BRB,2020,3490.470947265625
BRB,2021,3480.65576171875
BRB,2022,3470.871826171875
BRB,2023,3461.115966796875
BRB,2024,3451.387939453125
BRB,2025,3441.687744140625
BRB,2026,3432.014892578125
BRB,2027,3422.369873046875
BRB,2028,3412.752685546875
BRB,2029,3403.16259765625
BRB,2030,3393.60009765625
BRB,2031,3384.064697265625
BRB,2032,3374.556640625
BRN,2018,30630.462890625
BRN,2019,30526.771484375
BRN,2020,30439.048828125
BRN,2021,30352.302734375
BRN,2022,30265.826171875
BRN,2023,30179.599609375
BRN,2024,30093.619140625
BRN,2025,30007.884765625
BRN,2026,29922.39453125
BRN,2027,29837.1484375
BRN,2028,29752.14453125
BRN,2029,29667.3828125
BRN,2030,29582.861328125
BRN,2031,29498.583984375
BRN,2032,29414.544921875
BWA,2018,34369.31640625
BWA,2019,34252.7890625
BWA,2020,34154.33203125
BWA,2021,34056.9765625
BWA,2022,33959.9296875
BWA,2023,33863.16015625
BWA,2024,33766.6640625
BWA,2025,33670.4453125
BWA,2026,33574.5
BWA,2027,33478.828125
BWA,2028,33383.4296875
BWA,2029,33288.3046875
BWA,2030,33193.453125
BWA,2031,33098.87109375
BWA,2032,33004.5546875
CAF,2018,3041.830322265625
CAF,2019,3030.993896484375
CAF,2020,3022.391357421875
CAF,2021,3013.911376953125
CAF,2022,3005.45947265625
CAF,2023,2997.03173828125
CAF,2024,2988.628173828125
CAF,2025,2980.24853515625
CAF,2026,2971.892822265625
CAF,2027,2963.56103515625
CAF,2028,2955.253173828125
CAF,2029,2946.968505859375
CAF,2030,2938.707763671875
CAF,2031,2930.470458984375
CAF,2032,2922.2568359375
CAN,2018,1629222.75
CAN,2019,1623703.625
CAN,2020,1619030.0
CAN,2021,1614408.25
CAN,2022,1609801.0
CAN,2023,1605207.0
CAN,2024,1600626.0
CAN,2025,1596058.25
CAN,2026,1591503.5
CAN,2027,1586961.75
CAN,2028,1582432.875
CAN,2029,1577917.0
CAN,2030,1573413.875
CAN,2031,1568923.75
CAN,2032,1564446.5
CHE,2018,521284.0625
CHE,2019,519518.1875
CHE,2020,518022.90625
CHE,2021,516544.1875
CHE,2022,515070.125
CHE,2023,513600.3125
CHE,2024,512134.65625
CHE,2025,510673.1875
CHE,2026,509215.875
CHE,2027,507762.75
CHE,2028,506313.75
CHE,2029,504868.90625
CHE,2030,503428.1875
CHE,2031,501991.59375
CHE,2032,500559.09375
CHL,2018,395067.0625
CHL,2019,393728.8125
CHL,2020,392595.625
CHL,2021,391474.9375
CHL,2022,390357.8125
CHL,2023,389243.875
CHL,2024,388133.125
CHL,2025,387025.5625
CHL,2026,385921.1875
CHL,2027,384819.9375
CHL,2028,383721.8125
CHL,2029,382626.84375
CHL,2030,381535.0
CHL,2031,380446.25
CHL,2032,379360.625
CHN,2018,18771876.0
CHN,2019,18708286.0
CHN,2020,18654436.0
CHN,2021,18601182.0
CHN,2022,18548094.0
CHN,2023,18495160.0
CHN,2024,18442376.0
CHN,2025,18389744.0
CHN,2026,18337260.0
CHN,2027,18284928.0
CHN,2028,18232744.0
CHN,2029,18180708.0
CHN,2030,18128822.0
CHN,2031,18077084.0
CHN,2032,18025492.0
CIV,2018,81854.8046875
CIV,2019,81577.0625
CIV,2020,81342.3671875
CIV,2021,81110.296875
CIV,2022,80878.9609375
CIV,2023,80648.2890625
CIV,2024,80418.2734375
CIV,2025,80188.9140625
CIV,2026,79960.2109375
CIV,2027,79732.1640625
CIV,2028,79504.765625
CIV,2029,79278.015625
CIV,2030,79051.90625
CIV,2031,78826.4453125
CIV,2032,78601.6328125
CMR,2018,75582.9296875
CMR,2019,75326.453125
CMR,2020,75109.75
CMR,2021,74895.46875
CMR,2022,74681.8671875
CMR,2023,74468.8828125
CMR,2024,74256.5078125
CMR,2025,74044.734375
CMR,2026,73833.5703125
CMR,2027,73623.0078125
CMR,2028,73413.0390625
CMR,2029,73203.6796875
CMR,2030,72994.9140625
CMR,2031,72786.7421875
CMR,2032,72579.1640625
COD,2018,63451.7265625
COD,2019,63236.4296875
COD,2020,63054.53125
COD,2021,62874.671875
COD,2022,62695.3828125
COD,2023,62516.609375
COD,2024,62338.3359375
COD,2025,62160.5703125
COD,2026,61983.3203125
COD,2027,61806.578125
COD,2028,61630.33203125
COD,2029,61454.58984375
COD,2030,61279.3515625
COD,2031,61104.6171875
COD,2032,60930.375
COG,2018,25547.650390625
COG,2019,25460.935546875
COG,2020,25387.783203125
COG,2021,25315.455078125
COG,2022,25243.353515625
COG,2023,25171.4609375
COG,2024,25099.771484375
COG,2025,25028.287109375
COG,2026,24957.005859375
COG,2027,24885.931640625
COG,2028,24815.05859375
COG,2029,24744.388671875
COG,2030,24673.919921875
COG,2031,24603.65234375
COG,2032,24533.583984375
COL,2018,659318.1875
COL,2019,657084.6875
COL,2020,655193.4375
COL,2021,653323.1875
COL,2022,651458.75
COL,2023,649599.6875
COL,2024,647745.9375
COL,2025,645897.4375
COL,2026,644054.25
COL,2027,642216.3125
COL,2028,640383.6875
COL,2029,638556.1875
COL,2030,636733.9375
COL,2031,634916.875
COL,2032,633105.0
CRI,2018,71385.6015625
CRI,2019,71143.859375
CRI,2020,70939.2265625
CRI,2021,70736.8515625
CRI,2022,70535.1171875
CRI,2023,70333.9609375
CRI,2024,70133.3828125
CRI,2025,69933.3828125
CRI,2026,69733.9453125
CRI,2027,69535.078125
CRI,2028,69336.78125
CRI,2029,69139.046875
CRI,2030,68941.875
CRI,2031,68745.2734375
CRI,2032,68549.2265625
CYP,2018,23235.318359375
CYP,2019,23156.73046875
CYP,2020,23090.224609375
CYP,2021,23024.455078125
CYP,2022,22958.892578125
CYP,2023,22893.51953125
CYP,2024,22828.333984375
CYP,2025,22763.333984375
CYP,2026,22698.517578125
CYP,2027,22633.888671875
CYP,2028,22569.443359375
CYP,2029,22505.181640625
CYP,2030,22441.103515625
CYP,2031,22377.208984375
CYP,2032,22313.49609375
CZE,2018,321271.46875
CZE,2019,320183.21875
CZE,2020,319261.71875
CZE,2021,318350.4375
CZE,2022,317442.0
CZE,2023,316536.1875
CZE,2024,315632.9375
CZE,2025,314732.28125
CZE,2026,313834.1875
CZE,2027,312938.6875
CZE,2028,312045.71875
CZE,2029,311155.3125
CZE,2030,310267.4375
CZE,2031,309382.09375
CZE,2032,308499.25
DEU,2018,3764442.25
DEU,2019,3751689.5
DEU,2020,3740890.5
DEU,2021,3730211.0
DEU,2022,3719565.5
DEU,2023,3708950.25
DEU,2024,3698365.25
DEU,2025,3687810.75
DEU,2026,3677286.0
DEU,2027,3666791.5
DEU,2028,3656327.0
DEU,2029,3645892.25
DEU,2030,3635487.5
DEU,2031,3625112.5
DEU,2032,3614767.0
DNK,2018,271284.5625
DNK,2019,270365.625
DNK,2020,269587.5
DNK,2021,268818.0
DNK,2022,268050.9375
DNK,2023,267286.09375
DNK,2024,266523.4375
DNK,2025,265762.9375
DNK,2026,265004.625
DNK,2027,264248.46875
DNK,2028,263494.4375
DNK,2029,262742.5625
DNK,2030,261992.890625
DNK,2031,261245.34375
DNK,2032,260499.921875
DOM,2018,159420.515625
DOM,2019,158880.421875
DOM,2020,158423.234375
DOM,2021,157971.140625
DOM,2022,157520.453125
DOM,2023,157071.046875
DOM,2024,156622.9375
DOM,2025,156176.109375
DOM,2026,155730.546875
DOM,2027,155286.265625
DOM,2028,154843.234375
DOM,2029,154401.484375
DOM,2030,153960.984375
DOM,2031,153521.75
DOM,2032,153083.765625
ECU,2018,174814.234375
ECU,2019,174222.09375
ECU,2020,173720.75
ECU,2021,173224.953125
ECU,2022,172730.71875
ECU,2023,172237.921875
ECU,2024,171746.515625
ECU,2025,171256.515625
ECU,2026,170767.90625
ECU,2027,170280.703125
ECU,2028,169794.890625
ECU,2029,169310.453125
ECU,2030,168827.390625
ECU,2031,168345.734375
ECU,2032,167865.4375
EGY,2018,1083985.0
EGY,2019,1080313.0
EGY,2020,1077203.5
EGY,2021,1074128.375
EGY,2022,1071063.0
EGY,2023,1068006.5
EGY,2024,1064958.75
EGY,2025,1061919.625
EGY,2026,1058889.125
EGY,2027,1055867.375
EGY,2028,1052854.25
EGY,2029,1049849.75
EGY,2030,1046853.6875
EGY,2031,1043866.1875
EGY,2032,1040887.1875
ESP,2018,1540207.0
ESP,2019,1534989.5
ESP,2020,1530571.375
ESP,2021,1526202.125
ESP,2022,1521846.625
ESP,2023,1517503.75
ESP,2024,1513173.125
ESP,2025,1508854.875
ESP,2026,1504549.0
ESP,2027,1500255.375
ESP,2028,1495974.0
ESP,2029,1491704.75
ESP,2030,1487447.875
ESP,2031,1483203.0
ESP,2032,1478970.25
EST,2018,35348.8515625
EST,2019,35229.22265625
EST,2020,35127.9609375
EST,2021,35027.82421875
EST,2022,34928.0
EST,2023,34828.46875
EST,2024,34729.21875
EST,2025,34630.25
EST,2026,34531.56640625
EST,2027,34433.1640625
EST,2028,34335.04296875
EST,2029,34237.19921875
EST,2030,34139.63671875
EST,2031,34042.3515625
EST,2032,33945.34375
ETH,2018,186147.828125
ETH,2019,185517.171875
ETH,2020,184983.3125
ETH,2021,184455.375
ETH,2022,183929.109375
ETH,2023,183404.34375
ETH,2024,182881.078125
ETH,2025,182359.296875
ETH,2026,181839.015625
ETH,2027,181320.203125
ETH,2028,180802.875
ETH,2029,180287.03125
ETH,2030,179772.640625
ETH,2031,179259.734375
ETH,2032,178748.296875
FIN,2018,213947.5
FIN,2019,213222.84375
FIN,2020,212609.265625
FIN,2021,212002.453125
FIN,2022,211397.5625
FIN,2023,210794.40625
FIN,2024,210192.96875
FIN,2025,209593.234375
FIN,2026,208995.21875
FIN,2027,208398.90625
FIN,2028,207804.296875
FIN,2029,207211.40625
FIN,2030,206620.203125
FIN,2031,206030.6875
FIN,2032,205442.859375
FJI,2018,7440.00048828125
FJI,2019,7414.77294921875
FJI,2020,7393.572265625
FJI,2021,7372.61474609375
FJI,2022,7351.72265625
FJI,2023,7330.89111328125
FJI,2024,7310.11865234375
FJI,2025,7289.40576171875
FJI,2026,7268.75244140625
FJI,2027,7248.1572265625
FJI,2028,7227.62060546875
FJI,2029,7207.14306640625
FJI,2030,7186.72412109375
FJI,2031,7166.36328125
FJI,2032,7146.060546875
FRA,2018,2538053.5
FRA,2019,2529455.5
FRA,2020,2522174.75
FRA,2021,2514974.5
FRA,2022,2507797.0
FRA,2023,2500640.25
FRA,2024,2493503.75
FRA,2025,2486387.5
FRA,2026,2479291.75
FRA,2027,2472216.25
FRA,2028,2465160.75
FRA,2029,2458125.5
FRA,2030,2451110.25
FRA,2031,2444115.0
FRA,2032,2437140.0
GAB,2018,34011.875
GAB,2019,33896.44921875
GAB,2020,33799.015625
GAB,2021,33702.671875
GAB,2022,33606.6328125
GAB,2023,33510.8671875
GAB,2024,33415.37890625
GAB,2025,33320.16015625
GAB,2026,33225.21484375
GAB,2027,33130.54296875
GAB,2028,33036.140625
GAB,2029,32942.0078125
GAB,2030,32848.140625
GAB,2031,32754.541015625
GAB,2032,32661.212890625
GBR,2018,2497506.5
GBR,2019,2489045.75
GBR,2020,2481881.25
GBR,2021,2474796.25
GBR,2022,2467733.5
GBR,2023,2460691.0
GBR,2024,2453668.5
GBR,2025,2446666.25
GBR,2026,2439684.0
GBR,2027,2432721.5
GBR,2028,2425778.75
GBR,2029,2418856.0
GBR,2030,2411952.75
GBR,2031,2405069.5
GBR,2032,2398205.75
GHA,2018,149023.265625
GHA,2019,148518.296875
GHA,2020,148090.9375
GHA,2021,147668.328125
GHA,2022,147247.046875
GHA,2023,146826.96875
GHA,2024,146408.078125
GHA,2025,145990.390625
GHA,2026,145573.890625
GHA,2027,145158.59375
GHA,2028,144744.484375
GHA,2029,144331.546875
GHA,2030,143919.796875
GHA,2031,143509.21875
GHA,2032,143099.796875
GMB,2018,5084.83349609375
GMB,2019,5067.33349609375
GMB,2020,5052.87939453125
GMB,2021,5038.60302734375
GMB,2022,5024.37255859375
GMB,2023,5010.18310546875
GMB,2024,4996.0341796875
GMB,2025,4981.92529296875
GMB,2026,4967.85693359375
GMB,2027,4953.82861328125
GMB,2028,4939.84033203125
GMB,2029,4925.89208984375
GMB,2030,4911.9833984375
GMB,2031,4898.1142578125
GMB,2032,4884.28466796875
GRC,2018,240592.453125
GRC,2019,239777.546875
GRC,2020,239087.515625
GRC,2021,238405.125
GRC,2022,237724.890625
GRC,2023,237046.609375
GRC,2024,236370.28125
GRC,2025,235695.859375
GRC,2026,235023.359375
GRC,2027,234352.78125
GRC,2028,233684.109375
GRC,2029,233017.34375
GRC,2030,232352.484375
GRC,2031,231689.53125
GRC,2032,231028.453125
GTM,2018,121309.2734375
GTM,2019,120898.3125
GTM,2020,120550.453125
GTM,2021,120206.4453125
GTM,2022,119863.53125
GTM,2023,119521.59375
GTM,2024,119180.6328125
GTM,2025,118840.6484375
GTM,2026,118501.6328125
GTM,2027,118163.5859375
GTM,2028,117826.5078125
GTM,2029,117490.3984375
GTM,2030,117155.2421875
GTM,2031,116821.0390625
GTM,2032,116487.7890625
HND,2018,41414.4140625
HND,2019,41274.1484375
HND,2020,41155.484375
HND,2021,41038.140625
HND,2022,40921.16796875
HND,2023,40804.53125
HND,2024,40688.2265625
HND,2025,40572.25390625
HND,2026,40456.61328125
HND,2027,40341.30078125
HND,2028,40226.3203125
HND,2029,40111.66796875
HND,2030,39997.33984375
HND,2031,39883.3359375
HND,2032,39769.66015625
HRV,2018,90655.4765625
HRV,2019,90348.484375
HRV,2020,90088.5703125
HRV,2021,89831.5390625
HRV,2022,89575.3125
HRV,2023,89319.828125
HRV,2024,89065.0625
HRV,2025,88811.0234375
HRV,2026,88557.7109375
HRV,2027,88305.1171875
HRV,2028,88053.25
HRV,2029,87802.1015625
HRV,2030,87551.671875
HRV,2031,87301.9609375
HRV,2032,87052.953125
HUN,2018,241479.109375
HUN,2019,240661.171875
HUN,2020,239968.578125
HUN,2021,239283.65625
HUN,2022,238600.90625
HUN,2023,237920.109375
HUN,2024,237241.265625
HUN,2025,236564.359375
HUN,2026,235889.390625
HUN,2027,235216.328125
HUN,2028,234545.203125
HUN,2029,233875.984375
HUN,2030,233208.671875
HUN,2031,232543.265625
HUN,2032,231879.75
IDN,2018,2917406.25
IDN,2019,2907523.5
IDN,2020,2899154.5
IDN,2021,2890878.0
IDN,2022,2882627.5
IDN,2023,2874400.75
IDN,2024,2866197.75
IDN,2025,2858018.0
IDN,2026,2849861.5
IDN,2027,2841728.5
IDN,2028,2833618.5
IDN,2029,2825532.0
IDN,2030,2817468.25
IDN,2031,2809427.5
IDN,2032,2801409.75
IND,2018,8673718.0
IND,2019,8644336.0
IND,2020,8619454.0
IND,2021,8594848.0
IND,2022,8570319.0
IND,2023,8545860.0
IND,2024,8521471.0
IND,2025,8497152.0
IND,2026,8472902.0
IND,2027,8448721.0
IND,2028,8424609.0
IND,2029,8400566.0
IND,2030,8376592.0
IND,2031,8352686.0
IND,2032,8328848.5
IRL,2018,349314.8125
IRL,2019,348131.53125
IRL,2020,347129.5625
IRL,2021,346138.6875
IRL,2022,345150.96875
IRL,2023,344166.0625
IRL,2024,343183.96875
IRL,2025,342204.6875
IRL,2026,341228.1875
IRL,2027,340254.46875
IRL,2028,339283.5625
IRL,2029,338315.375
IRL,2030,337349.96875
IRL,2031,336387.3125
IRL,2032,335427.4375
IRN,2018,1523594.25
IRN,2019,1518433.0
IRN,2020,1514062.5
IRN,2021,1509740.375
IRN,2022,1505431.75
IRN,2023,1501135.5
IRN,2024,1496851.625
IRN,2025,1492579.875
IRN,2026,1488320.5
IRN,2027,1484073.25
IRN,2028,1479838.0
IRN,2029,1475614.75
IRN,2030,1471403.75
IRN,2031,1467204.625
IRN,2032,1463017.5
IRQ,2018,591378.375
IRQ,2019,589374.9375
IRQ,2020,587678.5625
IRQ,2021,586000.9375
IRQ,2022,584328.625
IRQ,2023,582661.1875
IRQ,2024,580998.4375
IRQ,2025,579340.4375
IRQ,2026,577687.1875
IRQ,2027,576038.6875
IRQ,2028,574394.8125
IRQ,2029,572755.6875
IRQ,2030,571121.1875
IRQ,2031,569491.375
IRQ,2032,567866.1875
ISL,2018,15163.529296875
ISL,2019,15112.287109375
ISL,2020,15068.9365234375
ISL,2021,15026.0673828125
ISL,2022,14983.3330078125
ISL,2023,14940.720703125
ISL,2024,14898.2294921875
ISL,2025,14855.859375
ISL,2026,14813.611328125
ISL,2027,14771.484375
ISL,2028,14729.4765625
ISL,2029,14687.58984375
ISL,2030,14645.822265625
ISL,2031,14604.173828125
ISL,2032,14562.6435546875
ISR,2018,268365.3125
ISR,2019,267456.3125
ISR,2020,266686.59375
ISR,2021,265925.375
ISR,2022,265166.59375
ISR,2023,264410.0
ISR,2024,263655.53125
ISR,2025,262903.25
ISR,2026,262153.09375
ISR,2027,261405.09375
ISR,2028,260659.21875
ISR,2029,259915.453125
ISR,2030,259173.828125
ISR,2031,258434.3125
ISR,2032,257696.90625
ITA,2018,2094187.75
ITA,2019,2087093.5
ITA,2020,2081086.125
ITA,2021,2075145.125
ITA,2022,2069222.875
ITA,2023,2063317.75
ITA,2024,2057429.25
ITA,2025,2051557.625
ITA,2026,2045702.75
ITA,2027,2039864.75
ITA,2028,2034043.25
ITA,2029,2028238.25
ITA,2030,2022450.0
ITA,2031,2016678.25
ITA,2032,2010923.0
JAM,2018,19697.279296875
JAM,2019,19630.599609375
JAM,2020,19574.240234375
JAM,2021,19518.509765625
JAM,2022,19462.953125
JAM,2023,19407.556640625
JAM,2024,19352.318359375
JAM,2025,19297.236328125
JAM,2026,19242.3125
JAM,2027,19187.548828125
JAM,2028,19132.939453125
JAM,2029,19078.484375
JAM,2030,19024.185546875
JAM,2031,18970.041015625
JAM,2032,18916.052734375
JOR,2018,89286.1171875
JOR,2019,88983.6796875
JOR,2020,88727.6875
JOR,2021,88474.5390625
JOR,2022,88222.1796875
JOR,2023,87970.5390625
JOR,2024,87719.6171875
JOR,2025,87469.4140625
JOR,2026,87219.9296875
JOR,2027,86971.15625
JOR,2028,86723.09375
JOR,2029,86475.7421875
JOR,2030,86229.1015625
JOR,2031,85983.15625
JOR,2032,85737.9140625
JPN,2018,4965730.5
JPN,2019,4948908.5
JPN,2020,4934663.5
JPN,2021,4920576.0
JPN,2022,4906533.5
JPN,2023,4892531.0
JPN,2024,4878568.5
JPN,2025,4864646.0
JPN,2026,4850763.0
JPN,2027,4836920.0
JPN,2028,4823116.5
JPN,2029,4809352.0
JPN,2030,4795626.5
JPN,2031,4781940.5
JPN,2032,4768293.5
KAZ,2018,438638.90625
KAZ,2019,437153.0
KAZ,2020,435894.8125
KAZ,2021,434650.5625
KAZ,2022,433410.25
KAZ,2023,432173.46875
KAZ,2024,430940.21875
KAZ,2025,429710.46875
KAZ,2026,428484.25
KAZ,2027,427261.5625
KAZ,2028,426042.3125
KAZ,2029,424826.5625
KAZ,2030,423614.28125
KAZ,2031,422405.4375
KAZ,2032,421200.0625
KEN,2018,151871.421875
KEN,2019,151356.875
KEN,2020,150921.34375
KEN,2021,150490.640625
KEN,2022,150061.296875
KEN,2023,149633.171875
KEN,2024,149206.28125
KEN,2025,148780.609375
KEN,2026,148356.140625
KEN,2027,147932.890625
KEN,2028,147510.859375
KEN,2029,147090.03125
KEN,2030,146670.390625
KEN,2031,146251.953125
KEN,2032,145834.703125
KGZ,2018,29673.779296875
KGZ,2019,29573.27734375
KGZ,2020,29488.298828125
KGZ,2021,29404.263671875
KGZ,2022,29320.494140625
KGZ,2023,29236.96484375
KGZ,2024,29153.673828125
KGZ,2025,29070.62109375
KGZ,2026,28987.806640625
KGZ,2027,28905.2265625
KGZ,2028,28822.8828125
KGZ,2029,28740.7734375
KGZ,2030,28658.8984375
KGZ,2031,28577.259765625
KGZ,2032,28495.853515625
KHM,2018,54484.43359375
KHM,2019,54299.83984375
KHM,2020,54143.6796875
KHM,2021,53989.2578125
KHM,2022,53835.3203125
KHM,2023,53681.82421875
KHM,2024,53528.76953125
KHM,2025,53376.1484375
KHM,2026,53223.96484375
KHM,2027,53072.2109375
KHM,2028,52920.8984375
KHM,2029,52770.015625
KHM,2030,52619.5625
KHM,2031,52469.5390625
KHM,2032,52319.9453125
KOR,2018,1865733.5
KOR,2019,1859413.0
KOR,2020,1854061.0
KOR,2021,1848768.125
KOR,2022,1843492.0
KOR,2023,1838231.0
KOR,2024,1832984.875
KOR,2025,1827754.0
KOR,2026,1822537.75
KOR,2027,1817336.5
KOR,2028,1812150.0
KOR,2029,1806978.375
KOR,2030,1801821.5
KOR,2031,1796679.375
KOR,2032,1791552.0
KWT,2018,267921.4375
KWT,2019,267013.875
KWT,2020,266245.4375
KWT,2021,265485.5
KWT,2022,264727.9375
KWT,2023,263972.5625
KWT,2024,263219.34375
KWT,2025,262468.25
KWT,2026,261719.34375
KWT,2027,260972.578125
KWT,2028,260227.9375
KWT,2029,259485.4375
KWT,2030,258745.046875
KWT,2031,258006.765625
KWT,2032,257270.59375
LAO,2018,47559.625
LAO,2019,47398.234375
LAO,2020,47261.9296875
LAO,2021,47127.1484375
LAO,2022,46992.796875
LAO,2023,46858.83203125
LAO,2024,46725.24609375
LAO,2025,46592.0390625
LAO,2026,46459.21875
LAO,2027,46326.7734375
LAO,2028,46194.70703125
LAO,2029,46063.015625
LAO,2030,45931.703125
LAO,2031,45800.765625
LAO,2032,45670.19921875
LBR,2018,4228.783203125
LBR,2019,4214.10693359375
LBR,2020,4202.10595703125
LBR,2021,4190.25830078125
LBR,2022,4178.44873046875
LBR,2023,4166.67333984375
LBR,2024,4154.931640625
LBR,2025,4143.22314453125
LBR,2026,4131.54833984375
LBR,2027,4119.90673828125
LBR,2028,4108.29833984375
LBR,2029,4096.72314453125
LBR,2030,4085.181396484375
LBR,2031,4073.67236328125
LBR,2032,4062.196044921875
LKA,2018,254710.53125
LKA,2019,253847.765625
LKA,2020,253117.21875
LKA,2021,252394.765625
LKA,2022,251674.59375
LKA,2023,250956.484375
LKA,2024,250240.421875
LKA,2025,249526.40625
LKA,2026,248814.421875
LKA,2027,248104.484375
LKA,2028,247396.5625
LKA,2029,246690.65625
LKA,2030,245986.765625
LKA,2031,245284.890625
LKA,2032,244585.03125
LSO,2018,5924.38232421875
LSO,2019,5903.91455078125
LSO,2020,5887.04736328125
LSO,2021,5870.38916015625
LSO,2022,5853.78466796875
LSO,2023,5837.22802734375
LSO,2024,5820.71826171875
LSO,2025,5804.255859375
LSO,2026,5787.84033203125
LSO,2027,5771.4716796875
LSO,2028,5755.14990234375
LSO,2029,5738.87451171875
LSO,2030,5722.64599609375
LSO,2031,5706.46337890625
LSO,2032,5690.32666015625
LTU,2018,75856.828125
LTU,2019,75599.9609375
LTU,2020,75382.4921875
LTU,2021,75167.4453125
LTU,2022,74953.0703125
LTU,2023,74739.3046875
LTU,2024,74526.1484375
LTU,2025,74313.6015625
LTU,2026,74101.6640625
LTU,2027,73890.328125
LTU,2028,73679.6015625
LTU,2029,73469.4765625
LTU,2030,73259.9453125
LTU,2031,73051.0078125
LTU,2032,72842.671875
LUX,2018,32449.486328125
LUX,2019,32339.685546875
LUX,2020,32246.74609375
LUX,2021,32154.8359375
LUX,2022,32063.216796875
LUX,2023,31971.859375
LUX,2024,31880.763671875
LUX,2025,31789.9296875
LUX,2026,31699.353515625
LUX,2027,31609.037109375
LUX,2028,31518.9765625
LUX,2029,31429.173828125
LUX,2030,31339.626953125
LUX,2031,31250.3359375
LUX,2032,31161.298828125
LVA,2018,45955.0390625
LVA,2019,45799.46875
LVA,2020,45667.78515625
LVA,2021,45537.5625
LVA,2022,45407.74609375
LVA,2023,45278.3046875
LVA,2024,45149.23046875
LVA,2025,45020.52734375
LVA,2026,44892.1875
LVA,2027,44764.21875
LVA,2028,44636.61328125
LVA,2029,44509.375
LVA,2030,44382.4921875
LVA,2031,44255.9765625
LVA,2032,44129.8203125
MAR,2018,296722.5
MAR,2019,295717.34375
MAR,2020,294866.25
MAR,2021,294024.625
MAR,2022,293185.625
MAR,2023,292349.0625
MAR,2024,291514.875
MAR,2025,290683.0625
MAR,2026,289853.625
MAR,2027,289026.53125
MAR,2028,288201.8125
MAR,2029,287379.4375
MAR,2030,286559.4375
MAR,2031,285741.75
MAR,2032,284926.40625
MDA,2018,24376.904296875
MDA,2019,24294.373046875
MDA,2020,24224.58984375
MDA,2021,24155.58203125
MDA,2022,24086.791015625
MDA,2023,24018.19921875
MDA,2024,23949.802734375
MDA,2025,23881.6015625
MDA,2026,23813.595703125
MDA,2027,23745.783203125
MDA,2028,23678.1640625
MDA,2029,23610.736328125
MDA,2030,23543.501953125
MDA,2031,23476.458984375
MDA,2032,23409.609375
MDG,2018,38562.4296875
MDG,2019,38431.671875
MDG,2020,38321.1875
MDG,2021,38211.9375
MDG,2022,38103.03125
MDG,2023,37994.4375
MDG,2024,37886.15234375
MDG,2025,37778.17578125
MDG,2026,37670.5078125
MDG,2027,37563.1484375
MDG,2028,37456.09765625
MDG,2029,37349.3515625
MDG,2030,37242.91015625
MDG,2031,37136.76953125
MDG,2032,37030.9296875
MDV,2018,7931.177734375
MDV,2019,7904.3974609375
MDV,2020,7881.7919921875
MDV,2021,7859.43994140625
MDV,2022,7837.15869140625
MDV,2023,7814.94091796875
MDV,2024,7792.78662109375
MDV,2025,7770.69580078125
MDV,2026,7748.66796875
MDV,2027,7726.703125
MDV,2028,7704.80126953125
MDV,2029,7682.9619140625
MDV,2030,7661.18505859375
MDV,2031,7639.4697265625
MDV,2032,7617.81689453125
MEX,2018,2145340.5
MEX,2019,2138073.0
MEX,2020,2131919.0
MEX,2021,2125833.0
MEX,2022,2119766.0
MEX,2023,2113716.5
MEX,2024,2107684.25
MEX,2025,2101669.25
MEX,2026,2095671.5
MEX,2027,2089690.75
MEX,2028,2083727.0
MEX,2029,2077780.25
MEX,2030,2071850.625
MEX,2031,2065937.75
MEX,2032,2060041.875
MLI,2018,45671.0390625
MLI,2019,45515.79296875
MLI,2020,45384.8984375
MLI,2021,45255.48046875
MLI,2022,45126.46875
MLI,2023,44997.828125
MLI,2024,44869.5546875
MLI,2025,44741.6484375
MLI,2026,44614.109375
MLI,2027,44486.9375
MLI,2028,44360.12109375
MLI,2029,44233.671875
MLI,2030,44107.578125
MLI,2031,43981.84375
MLI,2032,43856.47265625
MLT,2018,13732.6630859375
MLT,2019,13686.24609375
MLT,2020,13646.998046875
MLT,2021,13608.1875
MLT,2022,13569.5
MLT,2023,13530.923828125
MLT,2024,13492.4580078125
MLT,2025,13454.1015625
MLT,2026,13415.8544921875
MLT,2027,13377.716796875
MLT,2028,13339.6875
MLT,2029,13301.7666015625
MLT,2030,13263.9541015625
MLT,2031,13226.25
MLT,2032,13188.65234375
MNG,2018,38384.87109375
MNG,2019,38254.859375
MNG,2020,38144.88671875
MNG,2021,38036.13671875
MNG,2022,37927.734375
MNG,2023,37819.640625
MNG,2024,37711.85546875
MNG,2025,37604.37890625
MNG,2026,37497.20703125
MNG,2027,37390.33984375
MNG,2028,37283.78125
MNG,2029,37177.5234375
MNG,2030,37071.5703125
MNG,2031,36965.91796875
MNG,2032,36860.5703125
MOZ,2018,32306.134765625
MOZ,2019,32196.4140625
MOZ,2020,32103.869140625
MOZ,2021,32012.369140625
MOZ,2022,31921.15625
MOZ,2023,31830.203125
MOZ,2024,31739.509765625
MOZ,2025,31649.076171875
MOZ,2026,31558.904296875
MOZ,2027,31468.986328125
MOZ,2028,31379.326171875
MOZ,2029,31289.921875
MOZ,2030,31200.775390625
MOZ,2031,31111.87890625
MOZ,2032,31023.236328125
MRT,2018,14279.6640625
MRT,2019,14230.951171875
MRT,2020,14190.1171875
MRT,2021,14149.755859375
MRT,2022,14109.521484375
MRT,2023,14069.4033203125
MRT,2024,14029.3994140625
MRT,2025,13989.5107421875
MRT,2026,13949.7353515625
MRT,2027,13910.07421875
MRT,2028,13870.525390625
MRT,2029,13831.08984375
MRT,2030,13791.7666015625
MRT,2031,13752.5546875
MRT,2032,13713.455078125
MUS,2018,25814.71484375
MUS,2019,25727.326171875
MUS,2020,25653.41796875
MUS,2021,25580.330078125
MUS,2022,25507.474609375
MUS,2023,25434.828125
MUS,2024,25362.388671875
MUS,2025,25290.15625
MUS,2026,25218.130859375
MUS,2027,25146.310546875
MUS,2028,25074.6953125
MUS,2029,25003.283203125
MUS,2030,24932.076171875
MUS,2031,24861.072265625
MUS,2032,24790.271484375
MWI,2018,20561.541015625
MWI,2019,20491.689453125
MWI,2020,20432.841796875
MWI,2021,20374.658203125
MWI,2022,20316.658203125
MWI,2023,20258.826171875
MWI,2024,20201.16015625
MWI,2025,20143.658203125
MWI,2026,20086.318359375
MWI,2027,20029.142578125
MWI,2028,19972.130859375
MWI,2029,19915.279296875
MWI,2030,19858.59375
MWI,2031,19802.068359375
MWI,2032,19745.705078125
MYS,2018,768684.4375
MYS,2019,766080.5
MYS,2020,763875.5
MYS,2021,761694.875
MYS,2022,759521.1875
MYS,2023,757353.75
MYS,2024,755192.5
MYS,2025,753037.3125
MYS,2026,750888.3125
MYS,2027,748745.4375
MYS,2028,746608.75
MYS,2029,744478.125
MYS,2030,742353.5625
MYS,2031,740235.0625
MYS,2032,738122.6875
NAM,2018,22695.294921875
NAM,2019,22618.25
NAM,2020,22553.28125
NAM,2021,22489.044921875
NAM,2022,22425.01171875
NAM,2023,22361.162109375
NAM,2024,22297.494140625
NAM,2025,22234.009765625
NAM,2026,22170.705078125
NAM,2027,22107.580078125
NAM,2028,22044.634765625
NAM,2029,21981.87109375
NAM,2030,21919.287109375
NAM,2031,21856.880859375
NAM,2032,21794.65234375
NER,2018,19439.7734375
NER,2019,19373.43359375
NER,2020,19317.791015625
NER,2021,19262.7890625
NER,2022,19207.962890625
NER,2023,19153.294921875
NER,2024,19098.78125
NER,2025,19044.423828125
NER,2026,18990.22265625
NER,2027,18936.173828125
NER,2028,18882.28125
NER,2029,18828.541015625
NER,2030,18774.95703125
NER,2031,18721.525390625
NER,2032,18668.244140625
NGA,2018,995058.4375
NGA,2019,991687.375
NGA,2020,988833.0
NGA,2021,986010.25
NGA,2022,983196.375
NGA,2023,980390.5625
NGA,2024,977592.6875
NGA,2025,974802.8125
NGA,2026,972020.9375
NGA,2027,969246.9375
NGA,2028,966481.0
NGA,2029,963722.9375
NGA,2030,960972.6875
NGA,2031,958230.3125
NGA,2032,955495.75
NLD,2018,800189.5
NLD,2019,797478.8125
NLD,2020,795183.4375
NLD,2021,792913.5
NLD,2022,790650.6875
NLD,2023,788394.375
NLD,2024,786144.5
NLD,2025,783901.0625
NLD,2026,781663.9375
NLD,2027,779433.1875
NLD,2028,777208.9375
NLD,2029,774990.9375
NLD,2030,772779.3125
NLD,2031,770573.9375
NLD,2032,768374.9375
NOR,2018,438161.0
NOR,2019,436676.75
NOR,2020,435419.90625
NOR,2021,434177.0
NOR,2022,432938.0
NOR,2023,431702.5625
NOR,2024,430470.6875
NOR,2025,429242.3125
NOR,2026,428017.4375
NOR,2027,426796.0625
NOR,2028,425578.15625
NOR,2029,424363.75
NOR,2030,423152.78125
NOR,2031,421945.25
NOR,2032,420741.1875
NPL,2018,75887.125
NPL,2019,75630.0234375
NPL,2020,75412.4609375
NPL,2021,75197.3203125
NPL,2022,74982.8671875
NPL,2023,74769.0234375
NPL,2024,74555.7890625
NPL,2025,74343.1640625
NPL,2026,74131.140625
NPL,2027,73919.7265625
NPL,2028,73708.9140625
NPL,2029,73498.6953125
NPL,2030,73289.0859375
NPL,2031,73080.0703125
NPL,2032,72871.6484375
NZL,2018,168089.515625
NZL,2019,167520.203125
NZL,2020,167038.140625
NZL,2021,166561.421875
NZL,2022,166086.203125
NZL,2023,165612.359375
NZL,2024,165139.859375
NZL,2025,164668.71875
NZL,2026,164198.921875
NZL,2027,163730.453125
NZL,2028,163263.328125
NZL,2029,162797.546875
NZL,2030,162333.078125
NZL,2031,161869.9375
NZL,2032,161408.125
PAK,2018,1013344.8125
PAK,2019,1009911.9375
PAK,2020,1007005.0625
PAK,2021,1004130.375
PAK,2022,1001264.8125
PAK,2023,998407.4375
PAK,2024,995558.1875
PAK,2025,992717.0625
PAK,2026,989884.0625
PAK,2027,987059.125
PAK,2028,984242.25
PAK,2029,981433.4375
PAK,2030,978632.6875
PAK,2031,975839.9375
PAK,2032,973055.125
PAN,2018,89440.3984375
PAN,2019,89137.4453125
PAN,2020,88881.0078125
PAN,2021,88627.4140625
PAN,2022,88374.6171875
PAN,2023,88122.5546875
PAN,2024,87871.2109375
PAN,2025,87620.5859375
PAN,2026,87370.671875
PAN,2027,87121.4765625
PAN,2028,86872.9921875
PAN,2029,86625.2109375
PAN,2030,86378.140625
PAN,2031,86131.7734375
PAN,2032,85886.109375
PER,2018,375670.65625
PER,2019,374398.0625
PER,2020,373320.5
PER,2021,372254.875
PER,2022,371192.625
PER,2023,370133.375
PER,2024,369077.15625
PER,2025,368023.96875
PER,2026,366973.75
PER,2027,365926.5625
PER,2028,364882.375
PER,2029,363841.15625
PER,2030,362802.9375
PER,2031,361767.65625
PER,2032,360735.34375
PHL,2018,801795.0
PHL,2019,799078.9375
PHL,2020,796778.9375
PHL,2021,794504.4375
PHL,2022,792237.0625
PHL,2023,789976.25
PHL,2024,787721.875
PHL,2025,785473.9375
PHL,2026,783232.4375
PHL,2027,780997.3125
PHL,2028,778768.5625
PHL,2029,776546.125
PHL,2030,774330.0625
PHL,2031,772120.3125
PHL,2032,769916.875
POL,2018,1016044.3125
POL,2019,1012602.3125
POL,2020,1009687.75
POL,2021,1006805.4375
POL,2022,1003932.1875
POL,2023,1001067.1875
POL,2024,998210.375
POL,2025,995361.6875
POL,2026,992521.1875
POL,2027,989688.8125
POL,2028,986864.5
POL,2029,984048.1875
POL,2030,981239.9375
POL,2031,978439.6875
POL,2032,975647.4375
PRT,2018,251158.59375
PRT,2019,250307.890625
PRT,2020,249587.546875
PRT,2021,248875.171875
PRT,2022,248165.0625
PRT,2023,247456.96875
PRT,2024,246750.890625
PRT,2025,246046.84375
PRT,2026,245344.796875
PRT,2027,244644.75
PRT,2028,243946.734375
PRT,2029,243250.6875
PRT,2030,242556.640625
PRT,2031,241864.5625
PRT,2032,241174.453125
PRY,2018,60277.2890625
PRY,2019,60073.109375
PRY,2020,59900.33203125
PRY,2021,59729.47265625
PRY,2022,59559.15234375
PRY,2023,59389.32421875
PRY,2024,59219.984375
PRY,2025,59051.125
PRY,2026,58882.7421875
PRY,2027,58714.84375
PRY,2028,58547.421875
PRY,2029,58380.4765625
PRY,2030,58214.01171875
PRY,2031,58048.0234375
PRY,2032,57882.5078125
QAT,2018,356792.4375
QAT,2019,355583.78125
QAT,2020,354560.375
QAT,2021,353548.3125
QAT,2022,352539.4375
QAT,2023,351533.46875
QAT,2024,350530.3125
QAT,2025,349530.0625
QAT,2026,348532.625
QAT,2027,347538.09375
QAT,2028,346546.375
QAT,2029,345557.5
QAT,2030,344571.46875
QAT,2031,343588.21875
QAT,2032,342607.75
ROU,2018,440889.53125
ROU,2019,439396.0625
ROU,2020,438131.40625
ROU,2021,436880.75
ROU,2022,435634.0625
ROU,2023,434390.9375
ROU,2024,433151.34375
ROU,2025,431915.3125
ROU,2026,430682.78125
ROU,2027,429453.8125
ROU,2028,428228.3125
ROU,2029,427006.3125
ROU,2030,425787.8125
ROU,2031,424572.78125
ROU,2032,423361.1875
RUS,2018,3703778.0
RUS,2019,3691231.0
RUS,2020,3680606.0
RUS,2021,3670098.75
RUS,2022,3659624.75
RUS,2023,3649180.75
RUS,2024,3638766.25
RUS,2025,3628381.75
RUS,2026,3618027.0
RUS,2027,3607701.5
RUS,2028,3597405.5
RUS,2029,3587138.75
RUS,2030,3576901.5
RUS,2031,3566693.5
RUS,2032,3556514.5
RWA,2018,23279.900390625
RWA,2019,23200.939453125
RWA,2020,23134.294921875
RWA,2021,23068.400390625
RWA,2022,23002.712890625
RWA,2023,22937.216796875
RWA,2024,22871.904296875
RWA,2025,22806.779296875
RWA,2026,22741.837890625
RWA,2027,22677.083984375
RWA,2028,22612.513671875
RWA,2029,22548.12890625
RWA,2030,22483.927734375
RWA,2031,22419.91015625
RWA,2032,22356.076171875
SAU,2018,1681644.625
SAU,2019,1675947.75
SAU,2020,1671123.875
SAU,2021,1666353.375
SAU,2022,1661598.0
SAU,2023,1656856.125
SAU,2024,1652127.75
SAU,2025,1647412.875
SAU,2026,1642711.5
SAU,2027,1638023.5
SAU,2028,1633349.0
SAU,2029,1628687.75
SAU,2030,1624039.75
SAU,2031,1619405.0
SAU,2032,1614783.5
SDN,2018,169897.921875
SDN,2019,169322.171875
SDN,2020,168834.921875
SDN,2021,168353.078125
SDN,2022,167872.75
SDN,2023,167393.796875
SDN,2024,166916.234375
SDN,2025,166440.015625
SDN,2026,165965.15625
SDN,2027,165491.65625
SDN,2028,165019.515625
SDN,2029,164548.703125
SDN,2030,164079.234375
SDN,2031,163611.109375
SDN,2032,163144.328125
SEN,2018,48757.4375
SEN,2019,48592.1015625
SEN,2020,48452.3671875
SEN,2021,48314.19140625
SEN,2022,48176.44921875
SEN,2023,48039.10546875
SEN,2024,47902.15625
SEN,2025,47765.59375
SEN,2026,47629.421875
SEN,2027,47493.63671875
SEN,2028,47358.2421875
SEN,2029,47223.234375
SEN,2030,47088.609375
SEN,2031,46954.37109375
SEN,2032,46820.515625
SGP,2018,390469.90625
SGP,2019,389147.1875
SGP,2020,388027.1875
SGP,2021,386919.5625
SGP,2022,385815.4375
SGP,2023,384714.5
SGP,2024,383616.6875
SGP,2025,382522.0
SGP,2026,381430.46875
SGP,2027,380342.03125
SGP,2028,379256.6875
SGP,2029,378174.4375
SGP,2030,377095.28125
SGP,2031,376019.21875
SGP,2032,374946.25
SLE,2018,11371.72265625
SLE,2019,11332.63671875
SLE,2020,11300.13671875
SLE,2021,11268.025390625
SLE,2022,11236.0166015625
SLE,2023,11204.099609375
SLE,2024,11172.2734375
SLE,2025,11140.5390625
SLE,2026,11108.89453125
SLE,2027,11077.3408203125
SLE,2028,11045.876953125
SLE,2029,11014.501953125
SLE,2030,10983.216796875
SLE,2031,10952.021484375
SLE,2032,10920.9150390625
SLV,2018,44646.203125
SLV,2019,44495.0078125
SLV,2020,44367.07421875
SLV,2021,44240.5625
SLV,2022,44114.453125
SLV,2023,43988.703125
SLV,2024,43863.3125
SLV,2025,43738.28125
SLV,2026,43613.60546875
SLV,2027,43489.28515625
SLV,2028,43365.31640625
SLV,2029,43241.703125
SLV,2030,43118.44140625
SLV,2031,42995.53125
SLV,2032,42872.9765625
SRB,2018,99041.140625
SRB,2019,98705.7265625
SRB,2020,98421.7578125
SRB,2021,98140.9296875
SRB,2022,97860.9921875
SRB,2023,97581.8515625
SRB,2024,97303.5078125
SRB,2025,97025.9609375
SRB,2026,96749.2109375
SRB,2027,96473.2421875
SRB,2028,96198.0703125
SRB,2029,95923.6796875
SRB,2030,95650.0703125
SRB,2031,95377.2421875
SRB,2032,95105.1953125
SVK,2018,146477.203125
SVK,2019,145981.109375
SVK,2020,145561.0625
SVK,2021,145145.671875
SVK,2022,144731.578125
SVK,2023,144318.6875
SVK,2024,143906.984375
SVK,2025,143496.4375
SVK,2026,143087.0625
SVK,2027,142678.859375
SVK,2028,142271.828125
SVK,2029,141865.953125
SVK,2030,141461.234375
SVK,2031,141057.671875
SVK,2032,140655.265625
SVN,2018,59030.421875
SVN,2019,58830.57421875
SVN,2020,58661.375
SVN,2021,58494.0546875
SVN,2022,58327.265625
SVN,2023,58160.953125
SVN,2024,57995.11328125
SVN,2025,57829.75
SVN,2026,57664.859375
SVN,2027,57500.4375
SVN,2028,57336.484375
SVN,2029,57173.0
SVN,2030,57009.984375
SVN,2031,56847.4296875
SVN,2032,56685.33984375
SWE,2018,449394.59375
SWE,2019,447872.3125
SWE,2020,446583.28125
SWE,2021,445308.5
SWE,2022,444037.75
SWE,2023,442770.625
SWE,2024,441507.125
SWE,2025,440247.21875
SWE,2026,438990.90625
SWE,2027,437738.1875
SWE,2028,436489.0625
SWE,2029,435243.5
SWE,2030,434001.5
SWE,2031,432763.03125
SWE,2032,431528.0625
SWZ,2018,10045.1083984375
SWZ,2019,10010.8671875
SWZ,2020,9982.185546875
SWZ,2021,9953.837890625
SWZ,2022,9925.580078125
SWZ,2023,9897.40234375
SWZ,2024,9869.306640625
SWZ,2025,9841.2900390625
SWZ,2026,9813.353515625
SWZ,2027,9785.49609375
SWZ,2028,9757.71875
SWZ,2029,9730.0205078125
SWZ,2030,9702.40234375
SWZ,2031,9674.8623046875
SWZ,2032,9647.400390625
SYR,2018,50378.265625
SYR,2019,50207.65625
SYR,2020,50063.28125
SYR,2021,49920.5078125
SYR,2022,49778.18359375
SYR,2023,49636.26953125
SYR,2024,49494.7578125
SYR,2025,49353.65234375
SYR,2026,49212.9453125
SYR,2027,49072.640625
SYR,2028,48932.734375
SYR,2029,48793.234375
SYR,2030,48654.12890625
SYR,2031,48515.421875
SYR,2032,48377.109375
TGO,2018,11676.091796875
TGO,2019,11636.1796875
TGO,2020,11602.814453125
TGO,2021,11569.83984375
TGO,2022,11536.970703125
TGO,2023,11504.1953125
TGO,2024,11471.51171875
TGO,2025,11438.923828125
TGO,2026,11406.427734375
TGO,2027,11374.0244140625
TGO,2028,11341.7138671875
TGO,2029,11309.494140625
TGO,2030,11277.3671875
TGO,2031,11245.333984375
TGO,2032,11213.3896484375
THA,2018,1084658.75
THA,2019,1080984.5
THA,2020,1077873.125
THA,2021,1074796.25
THA,2022,1071729.0
THA,2023,1068670.5
THA,2024,1065620.875
THA,2025,1062580.0
THA,2026,1059547.75
THA,2027,1056524.125
THA,2028,1053509.25
THA,2029,1050502.75
THA,2030,1047504.875
THA,2031,1044515.5625
THA,2032,1041534.75
TJK,2018,35650.359375
TJK,2019,35529.53515625
TJK,2020,35427.40625
TJK,2021,35326.4140625
TJK,2022,35225.7421875
TJK,2023,35125.359375
TJK,2024,35025.26171875
TJK,2025,34925.44921875
TJK,2026,34825.921875
TJK,2027,34726.6796875
TJK,2028,34627.71875
TJK,2029,34529.04296875
TJK,2030,34430.6484375
TJK,2031,34332.53125
TJK,2032,34234.69921875
TTO,2018,38832.93359375
TTO,2019,38701.3671875
TTO,2020,38590.109375
TTO,2021,38480.08984375
TTO,2022,38370.41796875
TTO,2023,38261.05859375
TTO,2024,38152.01171875
TTO,2025,38043.27734375
TTO,2026,37934.8515625
TTO,2027,37826.73828125
TTO,2028,37718.9296875
TTO,2029,37611.4296875
TTO,2030,37504.234375
TTO,2031,37397.34765625
TTO,2032,37290.765625
TUN,2018,125826.671875
TUN,2019,125400.4765625
TUN,2020,125039.65625
TUN,2021,124682.8359375
TUN,2022,124327.1484375
TUN,2023,123972.4765625
TUN,2024,123618.8125
TUN,2025,123266.1640625
TUN,2026,122914.515625
TUN,2027,122563.8671875
TUN,2028,122214.2265625
TUN,2029,121865.5859375
TUN,2030,121517.9296875
TUN,2031,121171.2734375
TUN,2032,120825.6171875
TUR,2018,2043234.0
TUR,2019,2036312.25
TUR,2020,2030450.875
TUR,2021,2024654.375
TUR,2022,2018876.0
TUR,2023,2013114.5
TUR,2024,2007369.25
TUR,2025,2001640.625
TUR,2026,1995928.25
TUR,2027,1990232.25
TUR,2028,1984552.375
TUR,2029,1978889.0
TUR,2030,1973241.5
TUR,2031,1967610.25
TUR,2032,1961995.0
TZA,2018,149055.171875
TZA,2019,148550.109375
TZA,2020,148122.65625
TZA,2021,147699.9375
TZA,2022,147278.578125
TZA,2023,146858.40625
TZA,2024,146439.4375
TZA,2025,146021.671875
TZA,2026,145605.09375
TZA,2027,145189.71875
TZA,2028,144775.515625
TZA,2029,144362.5
TZA,2030,143950.65625
TZA,2031,143539.984375
TZA,2032,143130.484375
UGA,2018,81643.515625
UGA,2019,81366.8046875
UGA,2020,81132.7265625
UGA,2021,80901.25
UGA,2022,80670.5078125
UGA,2023,80440.4296875
UGA,2024,80211.0078125
UGA,2025,79982.2421875
UGA,2026,79754.1328125
UGA,2027,79526.671875
UGA,2028,79299.859375
UGA,2029,79073.6953125
UGA,2030,78848.171875
UGA,2031,78623.2890625
UGA,2032,78399.0546875
UKR,2018,392806.53125
UKR,2019,391475.9375
UKR,2020,390349.25
UKR,2021,389235.03125
UKR,2022,388124.3125
UKR,2023,387016.75
UKR,2024,385912.40625
UKR,2025,384811.1875
UKR,2026,383713.09375
UKR,2027,382618.15625
UKR,2028,381526.3125
UKR,2029,380437.59375
UKR,2030,379352.0
UKR,2031,378269.5
UKR,2032,377190.0625
URY,2018,67398.3515625
URY,2019,67170.1171875
URY,2020,66976.9140625
URY,2021,66785.859375
URY,2022,66595.3984375
URY,2023,66405.4921875
URY,2024,66216.1171875
URY,2025,66027.2890625
URY,2026,65839.0
URY,2027,65651.2578125
URY,2028,65464.0390625
URY,2029,65277.359375
URY,2030,65091.2109375
URY,2031,64905.59375
URY,2032,64720.50390625
USA,2018,17518170.0
USA,2019,17458824.0
USA,2020,17408570.0
USA,2021,17358872.0
USA,2022,17309330.0
USA,2023,17259930.0
USA,2024,17210672.0
USA,2025,17161554.0
USA,2026,17112576.0
USA,2027,17063736.0
USA,2028,17015036.0
USA,2029,16966476.0
USA,2030,16918054.0
USA,2031,16869772.0
USA,2032,16821628.0
VEN,2018,358066.09375
VEN,2019,356853.0625
VEN,2020,355826.0
VEN,2021,354810.3125
VEN,2022,353797.8125
VEN,2023,352788.21875
VEN,2024,351781.5
VEN,2025,350777.6875
VEN,2026,349776.71875
VEN,2027,348778.625
VEN,2028,347783.375
VEN,2029,346790.9375
VEN,2030,345801.375
VEN,2031,344814.625
VEN,2032,343830.6875
VNM,2018,601722.8125
VNM,2019,599684.5625
VNM,2020,597958.5625
VNM,2021,596251.625
VNM,2022,594550.0625
VNM,2023,592853.4375
VNM,2024,591161.625
VNM,2025,589474.625
VNM,2026,587792.4375
VNM,2027,586115.0625
VNM,2028,584442.5
VNM,2029,582774.6875
VNM,2030,581111.625
VNM,2031,579453.3125
VNM,2032,577799.6875
YEM,2018,51717.09375
YEM,2019,51541.73828125
YEM,2020,51393.515625
YEM,2021,51246.9453125
YEM,2022,51100.8359375
YEM,2023,50955.14453125
YEM,2024,50809.87109375
YEM,2025,50665.01171875
YEM,2026,50520.5625
YEM,2027,50376.53125
YEM,2028,50232.91015625
YEM,2029,50089.6953125
YEM,2030,49946.890625
YEM,2031,49804.49609375
YEM,2032,49662.50390625
ZAF,2018,673414.8125
ZAF,2019,671133.4375
ZAF,2020,669201.6875
ZAF,2021,667291.4375
ZAF,2022,665387.1875
ZAF,2023,663488.4375
ZAF,2024,661595.0625
ZAF,2025,659707.0625
ZAF,2026,657824.4375
ZAF,2027,655947.1875
ZAF,2028,654075.3125
ZAF,2029,652208.75
ZAF,2030,650347.5625
ZAF,2031,648491.625
ZAF,2032,646641.0625
ZMB,2018,58883.25
ZMB,2019,58683.54296875
ZMB,2020,58514.7578125
ZMB,2021,58347.8515625
ZMB,2022,58181.4765625
ZMB,2023,58015.578125
ZMB,2024,57850.15625
ZMB,2025,57685.203125
ZMB,2026,57520.72265625
ZMB,2027,57356.7109375
ZMB,2028,57193.16796875
ZMB,2029,57030.08984375
ZMB,2030,56867.48046875
ZMB,2031,56705.3359375
ZMB,2032,56543.6484375
ZWE,2018,31282.759765625
ZWE,2019,31176.603515625
ZWE,2020,31086.998046875
ZWE,2021,30998.396484375
ZWE,2022,30910.076171875
ZWE,2023,30822.013671875
ZWE,2024,30734.201171875
ZWE,2025,30646.638671875
ZWE,2026,30559.322265625
ZWE,2027,30472.2578125
ZWE,2028,30385.443359375
ZWE,2029,30298.875
ZWE,2030,30212.552734375
ZWE,2031,30126.4765625
ZWE,2032,30040.6484375
