AGO,2018,206919.703125
AGO,2019,204156.109375
AGO,2020,201107.40625
AGO,2021,198087.640625
AGO,2022,195112.375
AGO,2023,192181.765625
AGO,2024,189295.171875
AGO,2025,186451.9375
AGO,2026,183651.421875
AGO,2027,180892.96875
AGO,2028,178175.953125
AGO,2029,175499.75
AGO,2030,172863.765625
AGO,2031,170267.359375
AGO,2032,167709.953125
ALB,2018,34304.3046875
ALB,2019,33846.37890625
ALB,2020,33341.2421875
ALB,2021,32840.8984375
ALB,2022,32347.935546875
ALB,2023,31862.369140625
ALB,2024,31384.09765625
ALB,2025,30913.009765625
ALB,2026,30448.994140625
ALB,2027,29991.951171875
ALB,2028,29541.775390625
ALB,2029,29098.36328125
ALB,2030,28661.611328125
ALB,2031,28231.419921875
ALB,2032,27807.689453125
ARG,2018,744547.625
ARG,2019,734602.6875
ARG,2020,723631.8125
ARG,2021,712765.0625
ARG,2022,702058.4375
ARG,2023,691512.5625
ARG,2024,681125.0625
ARG,2025,670893.5625
ARG,2026,660815.8125
ARG,2027,650889.4375
ARG,2028,641112.1875
ARG,2029,631481.8125
ARG,2030,621996.0625
ARG,2031,612652.8125
ARG,2032,603449.875
ARM,2018,34278.9765625
ARM,2019,33821.38671875
ARM,2020,33316.625
ARM,2021,32816.65625
ARM,2022,32324.0546875
ARM,2023,31838.849609375
ARM,2024,31360.9296875
ARM,2025,30890.189453125
ARM,2026,30426.51953125
ARM,2027,29969.814453125
ARM,2028,29519.970703125
ARM,2029,29076.884765625
ARM,2030,28640.455078125
ARM,2031,28210.58203125
ARM,2032,27787.166015625
AUS,2018,1244221.625
AUS,2019,1227602.375
AUS,2020,1209268.375
AUS,2021,1191108.625
AUS,2022,1173216.375
AUS,2023,1155592.75
AUS,2024,1138233.75
AUS,2025,1121135.5
AUS,2026,1104294.25
AUS,2027,1087705.875
AUS,2028,1071366.75
AUS,2029,1055273.0
AUS,2030,1039421.125
AUS,2031,1023807.375
AUS,2032,1008428.125
AUT,2018,389552.65625
AUT,2019,384349.5625
AUT,2020,378609.6875
AUT,2021,372924.3125
AUT,2022,367322.6875
AUT,2023,361805.15625
AUT,2024,356370.5
AUT,2025,351017.46875
AUT,2026,345744.875
AUT,2027,340551.46875
AUT,2028,335436.09375
AUT,2029,330397.5625
AUT,2030,325434.6875
AUT,2031,320546.375
AUT,2032,315731.5
BDI,2018,8414.0517578125
BDI,2019,8301.986328125
BDI,2020,8178.35595703125
BDI,2021,8055.89990234375
BDI,2022,7935.248046875
BDI,2023,7816.40673828125
BDI,2024,7699.3505859375
BDI,2025,7584.05322265625
BDI,2026,7470.48828125
BDI,2027,7358.62939453125
BDI,2028,7248.44970703125
BDI,2029,7139.92529296875
BDI,2030,7033.03076171875
BDI,2031,6927.74267578125
BDI,2032,6824.03662109375
BEL,2018,463793.40625
BEL,2019,457598.625
BEL,2020,450764.78125
BEL,2021,443995.8125
BEL,2022,437326.5625
BEL,2023,430757.46875
BEL,2024,424287.0
BEL,2025,417913.75
BEL,2026,411636.21875
BEL,2027,405453.0
BEL,2028,399362.6875
BEL,2029,393363.875
BEL,2030,387455.125
BEL,2031,381635.15625
BEL,2032,375902.5625
BEN,2018,25676.287109375
BEN,2019,25333.63671875
BEN,2020,24955.640625
BEN,2021,24581.234375
BEN,2022,24212.34375
BEN,2023,23848.990234375
BEN,2024,23491.091796875
BEN,2025,23138.572265625
BEN,2026,22791.34765625
BEN,2027,22449.337890625
BEN,2028,22112.466796875
BEN,2029,21780.65625
BEN,2030,21453.830078125
BEN,2031,21131.9140625
BEN,2032,20814.833984375
BFA,2018,30447.111328125
BFA,2019,30040.748046875
BFA,2020,29592.451171875
BFA,2021,29148.412109375
BFA,2022,28710.9140625
BFA,2023,28279.982421875
BFA,2024,27855.525390625
BFA,2025,27437.4453125
BFA,2026,27025.642578125
BFA,2027,26620.025390625
BFA,2028,26220.501953125
BFA,2029,25826.982421875
BFA,2030,25439.373046875
BFA,2031,25057.5859375
BFA,2032,24681.53515625
BGD,2018,638343.9375
BGD,2019,629817.75
BGD,2020,620411.8125
BGD,2021,611095.1875
BGD,2022,601915.8125
BGD,2023,592874.1875
BGD,2024,583968.4375
BGD,2025,575196.4375
BGD,2026,566556.25
BGD,2027,558045.875
BGD,2028,549663.25
BGD,2029,541406.5625
BGD,2030,533273.9375
BGD,2031,525263.5
BGD,2032,517373.375
BGR,2018,130808.59375
BGR,2019,129061.625
BGR,2020,127134.4453125
BGR,2021,125225.578125
BGR,2022,123344.828125
BGR,2023,121492.3046875
BGR,2024,119667.609375
BGR,2025,117870.3203125
BGR,2026,116100.046875
BGR,2027,114356.359375
BGR,2028,112638.859375
BGR,2029,110947.1640625
BGR,2030,109280.875
BGR,2031,107639.6171875
BGR,2032,106023.015625
BHR,2018,61819.1640625
BHR,2019,60993.734375
BHR,2020,60083.15625
BHR,2021,59181.22265625
BHR,2022,58292.5703125
BHR,2023,57417.26171875
BHR,2024,56555.1015625
BHR,2025,55705.890625
BHR,2026,54869.4375
BHR,2027,54045.546875
BHR,2028,53234.03125
BHR,2029,52434.7109375
BHR,2030,51647.3984375
BHR,2031,50871.9140625
BHR,2032,50108.078125
BLZ,2018,2801.00439453125
BLZ,2019,2763.8671875
BLZ,2020,2722.946533203125
BLZ,2021,2682.41650390625
BLZ,2022,2642.48388671875
BLZ,2023,2603.150390625
BLZ,2024,2564.40771484375
BLZ,2025,2526.2470703125
BLZ,2026,2488.65966796875
BLZ,2027,2451.636962890625
BLZ,2028,2415.17041015625
BLZ,2029,2379.251708984375
BLZ,2030,2343.87255859375
BLZ,2031,2309.02490234375
BLZ,2032,2274.70068359375
BOL,2018,74101.265625
BOL,2019,73111.7578125
BOL,2020,72020.1953125
BOL,2021,70939.0
BOL,2022,69873.734375
BOL,2023,68824.453125
BOL,2024,67790.9375
BOL,2025,66772.9453125
BOL,2026,65770.25
BOL,2027,64782.609375
BOL,2028,63809.8046875
BOL,2029,62851.6171875
BOL,2030,61907.8203125
BOL,2031,60978.19921875
BOL,2032,60062.546875
BRA,2018,3012879.0
BRA,2019,2972635.25
BRA,2020,2928239.5
BRA,2021,2884265.25
BRA,2022,2840939.0
BRA,2023,2798263.0
BRA,2024,2756227.75
BRA,2025,2714824.0
BRA,2026,2674042.5
BRA,2027,2633873.5
BRA,2028,2594307.75
BRA,2029,2555336.5
BRA,2030,2516950.5
BRA,2031,2479141.25
BRA,2032,2441900.0
BRB,2018,3635.953125
BRB,2019,3587.678955078125
BRB,2020,3534.45556640625
BRB,2021,3481.739013671875
BRB,2022,3429.79931640625
BRB,2023,3378.638671875
BRB,2024,3328.246826171875
BRB,2025,3278.612060546875
BRB,2026,3229.72265625
BRB,2027,3181.56787109375
BRB,2028,3134.136474609375
BRB,2029,3087.41748046875
BRB,2030,3041.400146484375
BRB,2031,2996.07421875
BRB,2032,2951.42919921875
BRN,2018,31695.978515625
BRN,2019,31272.900390625
BRN,2020,30806.201171875
BRN,2021,30343.935546875
BRN,2022,29888.478515625
BRN,2023,29439.857421875
BRN,2024,28997.974609375
BRN,2025,28562.73046875
BRN,2026,28134.025390625
BRN,2027,27711.759765625
BRN,2028,27295.8359375
BRN,2029,26886.158203125
BRN,2030,26482.638671875
BRN,2031,26085.1796875
BRN,2032,25693.693359375
BWA,2018,35570.0390625
BWA,2019,35095.2109375
BWA,2020,34571.421875
BWA,2021,34052.609375
BWA,2022,33541.4453125
BWA,2023,33037.9453125
BWA,2024,32542.009765625
BWA,2025,32053.529296875
BWA,2026,31572.38671875
BWA,2027,31098.470703125
BWA,2028,30631.673828125
BWA,2029,30171.888671875
BWA,2030,29719.009765625
BWA,2031,29272.93359375
BWA,2032,28833.55859375
CAF,2018,3170.293701171875
CAF,2019,3128.2685546875
CAF,2020,3081.90771484375
CAF,2021,3035.9873046875
CAF,2022,2990.7431640625
CAF,2023,2946.177978515625
CAF,2024,2902.282470703125
CAF,2025,2859.04638671875
CAF,2026,2816.459716796875
CAF,2027,2774.5126953125
CAF,2028,2733.19580078125
CAF,2029,2692.49951171875
CAF,2030,2652.414794921875
CAF,2031,2612.932373046875
CAF,2032,2574.042724609375
CAN,2018,1685820.25
CAN,2019,1663302.25
CAN,2020,1638461.25
CAN,2021,1613856.0
CAN,2022,1589613.25
CAN,2023,1565734.5
CAN,2024,1542214.5
CAN,2025,1519047.75
CAN,2026,1496229.0
CAN,2027,1473752.875
CAN,2028,1451614.625
CAN,2029,1429808.75
CAN,2030,1408330.5
CAN,2031,1387175.0
CAN,2032,1366337.25
CHE,2018,539392.75
CHE,2019,532188.1875
CHE,2020,524240.34375
CHE,2021,516367.9375
CHE,2022,508611.5625
CHE,2023,500971.59375
CHE,2024,493446.375
CHE,2025,486034.1875
CHE,2026,478733.375
CHE,2027,471542.21875
CHE,2028,464459.09375
CHE,2029,457482.375
CHE,2030,450610.46875
CHE,2031,443841.75
CHE,2032,437174.71875
CHL,2018,408791.6875
CHL,2019,403331.625
CHL,2020,397308.25
CHL,2021,391342.0625
CHL,2022,385463.8125
CHL,2023,379673.75
CHL,2024,373970.6875
CHL,2025,368353.28125
CHL,2026,362820.25
CHL,2027,357370.34375
CHL,2028,352002.3125
CHL,2029,346714.90625
CHL,2030,341506.9375
CHL,2031,336377.1875
CHL,2032,331324.5
CHN,2018,19423964.0
CHN,2019,19164512.0
CHN,2020,18878292.0
CHN,2021,18594788.0
CHN,2022,18315462.0
CHN,2023,18040328.0
CHN,2024,17769328.0
CHN,2025,17502396.0
CHN,2026,17239476.0
CHN,2027,16980504.0
CHN,2028,16725423.0
CHN,2029,16474175.0
CHN,2030,16226701.0
CHN,2031,15982943.0
CHN,2032,15742848.0
CIV,2018,84717.140625
CIV,2019,83585.8671875
CIV,2020,82337.875
CIV,2021,81101.734375
CIV,2022,79883.8046875
CIV,2023,78684.1484375
CIV,2024,77502.515625
CIV,2025,76338.640625
CIV,2026,75192.25
CIV,2027,74063.078125
CIV,2028,72950.859375
CIV,2029,71855.359375
CIV,2030,70776.3125
CIV,2031,69713.4765625
CIV,2032,68666.6015625
CMR,2018,78226.6953125
CMR,2019,77182.109375
CMR,2020,76029.7578125
CMR,2021,74888.3515625
CMR,2022,73763.7578125
CMR,2023,72656.0390625
CMR,2024,71564.9609375
CMR,2025,70490.2734375
CMR,2026,69431.734375
CMR,2027,68389.09375
CMR,2028,67362.1171875
CMR,2029,66350.5703125
CMR,2030,65354.21484375
CMR,2031,64372.828125
CMR,2032,63406.1796875
COD,2018,65673.5
COD,2019,64796.59765625
COD,2020,63829.21875
COD,2021,62871.03125
COD,2022,61926.9609375
COD,2023,60997.0546875
COD,2024,60081.125
COD,2025,59178.9453125
COD,2026,58290.3203125
COD,2027,57415.046875
COD,2028,56552.921875
COD,2029,55703.74609375
COD,2030,54867.32421875
COD,2031,54043.46875
COD,2032,53231.98828125
COG,2018,26444.578125
COG,2019,26091.66015625
COG,2020,25702.341796875
COG,2021,25316.72265625
COG,2022,24936.783203125
COG,2023,24562.546875
COG,2024,24193.931640625
COG,2025,23830.853515625
COG,2026,23473.23046875
COG,2027,23120.978515625
COG,2028,22774.01953125
COG,2029,22432.271484375
COG,2030,22095.658203125
COG,2031,21764.099609375
COG,2032,21437.521484375
COL,2018,682223.6875
COL,2019,673111.3125
COL,2020,663058.8125
COL,2021,653101.8125
COL,2022,643291.4375
COL,2023,633628.3125
COL,2024,624110.3125
COL,2025,614735.3125
COL,2026,605501.1875
COL,2027,596405.75
COL,2028,587446.9375
COL,2029,578622.6875
COL,2030,569931.0
COL,2031,561369.875
COL,2032,552937.3125
CRI,2018,73866.484375
CRI,2019,72880.1171875
CRI,2020,71792.015625
CRI,2021,70714.25
CRI,2022,69652.359375
CRI,2023,68606.40625
CRI,2024,67576.15625
CRI,2025,66561.3828125
CRI,2026,65561.859375
CRI,2027,64577.3515625
CRI,2028,63607.62890625
CRI,2029,62652.48046875
CRI,2030,61711.67578125
CRI,2031,60785.0078125
CRI,2032,59872.2578125
CYP,2018,24042.27734375
CYP,2019,23721.4296875
CYP,2020,23367.509765625
CYP,2021,23016.955078125
CYP,2022,22671.564453125
CYP,2023,22331.357421875
CYP,2024,21996.259765625
CYP,2025,21666.1953125
CYP,2026,21341.08984375
CYP,2027,21020.869140625
CYP,2028,20705.45703125
CYP,2029,20394.783203125
CYP,2030,20088.775390625
CYP,2031,19787.365234375
CYP,2032,19490.482421875
CZE,2018,332431.65625
CZE,2019,327991.53125
CZE,2020,323093.375
CZE,2021,318241.71875
CZE,2022,313461.5625
CZE,2023,308753.125
CZE,2024,304115.4375
CZE,2025,299547.375
CZE,2026,295047.9375
CZE,2027,290616.09375
CZE,2028,286250.8125
CZE,2029,281951.125
CZE,2030,277716.03125
CZE,2031,273544.5625
CZE,2032,269435.75
DEU,2018,3895214.5
DEU,2019,3843185.25
DEU,2020,3785787.75
DEU,2021,3728935.25
DEU,2022,3672920.5
DEU,2023,3617746.25
DEU,2024,3563401.0
DEU,2025,3509872.0
DEU,2026,3457147.25
DEU,2027,3405214.5
DEU,2028,3354062.0
DEU,2029,3303677.75
DEU,2030,3254050.5
DEU,2031,3205168.5
DEU,2032,3157021.0
DNK,2018,280708.53125
DNK,2019,276959.3125
DNK,2020,272823.3125
DNK,2021,268726.5625
DNK,2022,264690.1875
DNK,2023,260714.359375
DNK,2024,256798.265625
DNK,2025,252941.015625
DNK,2026,249141.6875
DNK,2027,245399.421875
DNK,2028,241713.40625
DNK,2029,238082.734375
DNK,2030,234506.609375
DNK,2031,230984.203125
DNK,2032,227514.703125
DOM,2018,164963.359375
DOM,2019,162760.171875
DOM,2020,160329.71875
DOM,2021,157922.34375
DOM,2022,155550.453125
DOM,2023,153214.140625
DOM,2024,150912.921875
DOM,2025,148646.265625
DOM,2026,146413.671875
DOM,2027,144214.609375
DOM,2028,142048.578125
DOM,2029,139915.078125
DOM,2030,137813.640625
DOM,2031,135743.78125
DOM,2032,133705.0
ECU,2018,180888.953125
ECU,2019,178473.046875
ECU,2020,175807.90625
ECU,2021,173168.078125
ECU,2022,170567.140625
ECU,2023,168005.234375
ECU,2024,165481.828125
ECU,2025,162996.3125
ECU,2026,160548.140625
ECU,2027,158136.734375
ECU,2028,155761.5625
ECU,2029,153422.078125
ECU,2030,151117.734375
ECU,2031,148848.015625
ECU,2032,146612.375
EGY,2018,1121643.25
EGY,2019,1106661.375
EGY,2020,1090133.75
EGY,2021,1073763.125
EGY,2022,1057633.625
EGY,2023,1041746.3125
EGY,2024,1026097.5625
EGY,2025,1010683.9375
EGY,2026,995501.9375
EGY,2027,980547.9375
EGY,2028,965818.5625
EGY,2029,951310.5
EGY,2030,937020.3125
EGY,2031,922944.8125
EGY,2032,909080.8125
ESP,2018,1593711.5
ESP,2019,1572424.0
ESP,2020,1548940.25
ESP,2021,1525679.375
ESP,2022,1502761.375
ESP,2023,1480187.25
ESP,2024,1457952.0
ESP,2025,1436051.0
ESP,2026,1414478.875
ESP,2027,1393231.0
ESP,2028,1372302.25
ESP,2029,1351687.75
ESP,2030,1331383.0
ESP,2031,1311383.25
ESP,2032,1291684.0
EST,2018,36576.4375
EST,2019,36088.1484375
EST,2020,35549.53125
EST,2021,35016.02734375
EST,2022,34490.38671875
EST,2023,33972.6328125
EST,2024,33462.65625
EST,2025,32960.34375
EST,2026,32465.576171875
EST,2027,31978.2421875
EST,2028,31498.228515625
EST,2029,31025.42578125
EST,2030,30559.724609375
EST,2031,30101.017578125
EST,2032,29649.203125
ETH,2018,192623.640625
ETH,2019,190051.03125
ETH,2020,187212.96875
ETH,2021,184401.875
ETH,2022,181632.203125
ETH,2023,178904.09375
ETH,2024,176216.96875
ETH,2025,173570.203125
ETH,2026,170963.203125
ETH,2027,168395.359375
ETH,2028,165866.078125
ETH,2029,163374.796875
ETH,2030,160920.9375
ETH,2031,158503.953125
ETH,2032,156123.265625
FIN,2018,221379.3125
FIN,2019,218422.546875
FIN,2020,215160.75
FIN,2021,211929.953125
FIN,2022,208746.75
FIN,2023,205611.328125
FIN,2024,202522.984375
FIN,2025,199481.046875
FIN,2026,196484.796875
FIN,2027,193533.5625
FIN,2028,190626.640625
FIN,2029,187763.390625
FIN,2030,184943.171875
FIN,2031,182165.328125
FIN,2032,179429.203125
FJI,2018,7702.9853515625
FJI,2019,7600.39013671875
FJI,2020,7487.2373046875
FJI,2021,7375.15966796875
FJI,2022,7264.73388671875
FJI,2023,7155.96533203125
FJI,2024,7048.83056640625
FJI,2025,6943.30517578125
FJI,2026,6839.36474609375
FJI,2027,6736.98583984375
FJI,2028,6636.14501953125
FJI,2029,6536.81884765625
FJI,2030,6438.98486328125
FJI,2031,6342.62060546875
FJI,2032,6247.70361328125
FRA,2018,2626222.5
FRA,2019,2591143.5
FRA,2020,2552445.25
FRA,2021,2514114.25
FRA,2022,2476348.0
FRA,2023,2439148.5
FRA,2024,2402508.0
FRA,2025,2366418.0
FRA,2026,2330870.0
FRA,2027,2295856.0
FRA,2028,2261368.0
FRA,2029,2227398.0
FRA,2030,2193938.5
FRA,2031,2160981.5
FRA,2032,2128519.5
GAB,2018,35203.5546875
GAB,2019,34733.62109375
GAB,2020,34215.234375
GAB,2021,33701.76953125
GAB,2022,33195.875
GAB,2023,32697.572265625
GAB,2024,32206.751953125
GAB,2025,31723.3046875
GAB,2026,31247.12109375
GAB,2027,30778.09375
GAB,2028,30316.109375
GAB,2029,29861.064453125
GAB,2030,29412.857421875
GAB,2031,28971.380859375
GAB,2032,28536.537109375
GBR,2018,2584266.75
GBR,2019,2549748.0
GBR,2020,2511668.0
GBR,2021,2473949.5
GBR,2022,2436787.0
GBR,2023,2400182.0
GBR,2024,2364126.75
GBR,2025,2328613.25
GBR,2026,2293633.0
GBR,2027,2259178.25
GBR,2028,2225241.0
GBR,2029,2191813.75
GBR,2030,2158888.5
GBR,2031,2126458.0
GBR,2032,2094514.625
GHA,2018,154209.328125
GHA,2019,152149.796875
GHA,2020,149877.796875
GHA,2021,147627.390625
GHA,2022,145410.140625
GHA,2023,143226.15625
GHA,2024,141074.984375
GHA,2025,138956.109375
GHA,2026,136869.078125
GHA,2027,134813.390625
GHA,2028,132788.578125
GHA,2029,130794.1953125
GHA,2030,128829.765625
GHA,2031,126894.84375
GHA,2032,124988.984375
GMB,2018,5274.287109375
GMB,2019,5204.15673828125
GMB,2020,5126.79248046875
GMB,2021,5050.1630859375
GMB,2022,4974.66259765625
GMB,2023,4900.29541015625
GMB,2024,4827.044921875
GMB,2025,4754.89501953125
GMB,2026,4683.82861328125
GMB,2027,4613.82958984375
GMB,2028,4544.88232421875
GMB,2029,4476.97119140625
GMB,2030,4410.080078125
GMB,2031,4344.19384765625
GMB,2032,4279.29736328125
GRC,2018,248950.40625
GRC,2019,245625.390625
GRC,2020,241957.34375
GRC,2021,238324.109375
GRC,2022,234744.421875
GRC,2023,231218.484375
GRC,2024,227745.484375
GRC,2025,224324.671875
GRC,2026,220955.21875
GRC,2027,217636.390625
GRC,2028,214367.421875
GRC,2029,211147.546875
GRC,2030,207976.046875
GRC,2031,204852.1875
GRC,2032,201775.265625
GTM,2018,125528.015625
GTM,2019,123851.609375
GTM,2020,122002.25
GTM,2021,120170.453125
GTM,2022,118365.6484375
GTM,2023,116587.921875
GTM,2024,114836.90625
GTM,2025,113112.1796875
GTM,2026,111413.375
GTM,2027,109740.0859375
GTM,2028,108091.9296875
GTM,2029,106468.546875
GTM,2030,104869.546875
GTM,2031,103294.5625
GTM,2032,101743.234375
HKG,2018,378927.5625
HKG,2019,373866.40625
HKG,2020,368283.0625
HKG,2021,362752.75
HKG,2022,357303.9375
HKG,2023,351936.90625
HKG,2024,346650.5
HKG,2025,341443.5
HKG,2026,336314.6875
HKG,2027,331262.9375
HKG,2028,326287.0625
HKG,2029,321385.96875
HKG,2030,316558.5
HKG,2031,311803.5625
HKG,2032,307120.03125
HND,2018,42856.234375
HND,2019,42284.09375
HND,2020,41652.9375
HND,2021,41027.78125
HND,2022,40411.83203125
HND,2023,39805.12890625
HND,2024,39207.5390625
HND,2025,38618.92578125
HND,2026,38039.15625
HND,2027,37468.09375
HND,2028,36905.609375
HND,2029,36351.57421875
HND,2030,35805.86328125
HND,2031,35268.34765625
HND,2032,34738.91015625
HRV,2018,93804.6484375
HRV,2019,92551.9453125
HRV,2020,91170.046875
HRV,2021,89801.265625
HRV,2022,88452.6484375
HRV,2023,87124.2734375
HRV,2024,85815.859375
HRV,2025,84527.1015625
HRV,2026,83257.703125
HRV,2027,82007.3671875
HRV,2028,80775.8125
HRV,2029,79562.7578125
HRV,2030,78367.9296875
HRV,2031,77191.046875
HRV,2032,76031.84375
HUN,2018,249867.703125
HUN,2019,246530.40625
HUN,2020,242848.828125
HUN,2021,239202.234375
HUN,2022,235609.359375
HUN,2023,232070.390625
HUN,2024,228584.59375
HUN,2025,225151.15625
HUN,2026,221769.296875
HUN,2027,218438.234375
HUN,2028,215157.21875
HUN,2029,211925.484375
HUN,2030,208742.28125
HUN,2031,205606.921875
HUN,2032,202518.640625
IDN,2018,3018752.5
IDN,2019,2978430.5
IDN,2020,2933948.0
IDN,2021,2889888.0
IDN,2022,2846477.25
IDN,2023,2803718.0
IDN,2024,2761601.0
IDN,2025,2720116.5
IDN,2026,2679255.25
IDN,2027,2639008.0
IDN,2028,2599365.25
IDN,2029,2560318.0
IDN,2030,2521857.0
IDN,2031,2483974.0
IDN,2032,2446660.0
IND,2018,8975008.0
IND,2019,8855126.0
IND,2020,8722876.0
IND,2021,8591882.0
IND,2022,8462818.0
IND,2023,8335690.5
IND,2024,8210472.0
IND,2025,8087135.0
IND,2026,7965650.5
IND,2027,7845990.5
IND,2028,7728128.0
IND,2029,7612036.0
IND,2030,7497688.5
IND,2031,7385058.5
IND,2032,7274120.5
IRL,2018,361449.5625
IRL,2019,356621.84375
IRL,2020,351296.09375
IRL,2021,346020.90625
IRL,2022,340823.4375
IRL,2023,335703.96875
IRL,2024,330661.40625
IRL,2025,325694.59375
IRL,2026,320802.375
IRL,2027,315983.65625
IRL,2028,311237.3125
IRL,2029,306562.28125
IRL,2030,301957.5
IRL,2031,297421.875
IRL,2032,292954.375
IRN,2018,1576523.125
IRN,2019,1555465.25
IRN,2020,1532234.75
IRN,2021,1509224.875
IRN,2022,1486554.0
IRN,2023,1464223.375
IRN,2024,1442228.25
IRN,2025,1420563.5
IRN,2026,1399224.125
IRN,2027,1378205.375
IRN,2028,1357502.25
IRN,2029,1337110.125
IRN,2030,1317024.375
IRN,2031,1297240.5
IRN,2032,1277753.75
IRQ,2018,611927.125
IRQ,2019,603753.75
IRQ,2020,594737.0625
IRQ,2021,585806.0
IRQ,2022,577006.5625
IRQ,2023,568339.1875
IRQ,2024,559802.0
IRQ,2025,551393.0
IRQ,2026,543110.3125
IRQ,2027,534952.0625
IRQ,2028,526916.375
IRQ,2029,519001.40625
IRQ,2030,511205.34375
IRQ,2031,503526.4375
IRQ,2032,495962.8125
ISL,2018,15689.8671875
ISL,2019,15480.5751953125
ISL,2020,15249.73046875
ISL,2021,15021.0810546875
ISL,2022,14795.7998046875
ISL,2023,14573.8994140625
ISL,2024,14355.33203125
ISL,2025,14140.046875
ISL,2026,13927.9970703125
ISL,2027,13719.1318359375
ISL,2028,13513.4033203125
ISL,2029,13310.765625
ISL,2030,13111.1728515625
ISL,2031,12914.578125
ISL,2032,12720.9375
ISR,2018,277687.625
ISR,2019,273978.75
ISR,2020,269887.25
ISR,2021,265834.625
ISR,2022,261841.6875
ISR,2023,257908.65625
ISR,2024,254034.71875
ISR,2025,250218.984375
ISR,2026,246460.546875
ISR,2027,242758.578125
ISR,2028,239112.203125
ISR,2029,235520.609375
ISR,2030,231982.984375
ISR,2031,228498.515625
ISR,2032,225066.359375
ITA,2018,2166937.0
ITA,2019,2137992.75
ITA,2020,2106062.25
ITA,2021,2074434.75
ITA,2022,2043273.375
ITA,2023,2012579.5
ITA,2024,1982346.875
ITA,2025,1952568.375
ITA,2026,1923237.25
ITA,2027,1894346.75
ITA,2028,1865890.25
ITA,2029,1837861.25
ITA,2030,1810253.25
ITA,2031,1783060.0
ITA,2032,1756275.25
JAM,2018,20383.876953125
JAM,2019,20111.900390625
JAM,2020,19811.888671875
JAM,2021,19514.728515625
JAM,2022,19221.9453125
JAM,2023,18933.556640625
JAM,2024,18649.5
JAM,2025,18369.7109375
JAM,2026,18094.123046875
JAM,2027,17822.67578125
JAM,2028,17555.306640625
JAM,2029,17291.953125
JAM,2030,17032.5546875
JAM,2031,16777.0546875
JAM,2032,16525.392578125
JOR,2018,92390.484375
JOR,2019,91156.6875
JOR,2020,89795.625
JOR,2021,88447.484375
JOR,2022,87119.21875
JOR,2023,85810.875
JOR,2024,84522.1875
JOR,2025,83252.859375
JOR,2026,82002.59375
JOR,2027,80771.109375
JOR,2028,79558.1328125
JOR,2029,78363.375
JOR,2030,77186.5625
JOR,2031,76027.421875
JOR,2032,74885.703125
JPN,2018,5138234.0
JPN,2019,5069601.5
JPN,2020,4993888.0
JPN,2021,4918893.0
JPN,2022,4845003.0
JPN,2023,4772222.0
JPN,2024,4700534.0
JPN,2025,4629923.0
JPN,2026,4560373.0
JPN,2027,4491867.5
JPN,2028,4424391.0
JPN,2029,4357928.5
JPN,2030,4292464.0
JPN,2031,4227983.0
JPN,2032,4164470.5
KAZ,2018,453877.90625
KAZ,2019,447815.625
KAZ,2020,441127.875
KAZ,2021,434503.65625
KAZ,2022,427977.0
KAZ,2023,421548.3125
KAZ,2024,415216.1875
KAZ,2025,408979.1875
KAZ,2026,402835.875
KAZ,2027,396784.875
KAZ,2028,390824.75
KAZ,2029,384954.125
KAZ,2030,379171.75
KAZ,2031,373476.1875
KAZ,2032,367866.21875
KEN,2018,157155.0
KEN,2019,155056.125
KEN,2020,152740.734375
KEN,2021,150447.328125
KEN,2022,148187.71875
KEN,2023,145962.015625
KEN,2024,143769.734375
KEN,2025,141610.390625
KEN,2026,139483.484375
KEN,2027,137388.515625
KEN,2028,135325.03125
KEN,2029,133292.546875
KEN,2030,131290.578125
KEN,2031,129318.6875
KEN,2032,127376.421875
KGZ,2018,30707.5078125
KGZ,2019,30297.619140625
KGZ,2020,29845.482421875
KGZ,2021,29397.642578125
KGZ,2022,28956.40234375
KGZ,2023,28521.783203125
KGZ,2024,28093.693359375
KGZ,2025,27672.03515625
KGZ,2026,27256.7109375
KGZ,2027,26847.623046875
KGZ,2028,26444.681640625
KGZ,2029,26047.794921875
KGZ,2030,25656.8671875
KGZ,2031,25271.814453125
KGZ,2032,24892.54296875
KHM,2018,56382.2109375
KHM,2019,55629.40625
KHM,2020,54798.9453125
KHM,2021,53976.3671875
KHM,2022,53165.90625
KHM,2023,52367.61328125
KHM,2024,51581.3125
KHM,2025,50806.8203125
KHM,2026,50043.9609375
KHM,2027,49292.5625
KHM,2028,48552.453125
KHM,2029,47823.4609375
KHM,2030,47105.41796875
KHM,2031,46398.16015625
KHM,2032,45701.52734375
KOR,2018,1930546.125
KOR,2019,1904759.25
KOR,2020,1876312.0
KOR,2021,1848134.75
KOR,2022,1820372.75
KOR,2023,1793027.375
KOR,2024,1766092.75
KOR,2025,1739562.75
KOR,2026,1713431.25
KOR,2027,1687692.375
KOR,2028,1662340.25
KOR,2029,1637368.875
KOR,2030,1612772.5
KOR,2031,1588545.75
KOR,2032,1564683.0
KWT,2018,277229.9375
KWT,2019,273527.1875
KWT,2020,269442.4375
KWT,2021,265396.5
KWT,2022,261410.15625
KWT,2023,257483.609375
KWT,2024,253616.046875
KWT,2025,249806.578125
KWT,2026,246054.34375
KWT,2027,242358.484375
KWT,2028,238718.140625
KWT,2029,235132.484375
KWT,2030,231600.6875
KWT,2031,228121.953125
KWT,2032,224695.453125
LAO,2018,49224.55078125
LAO,2019,48567.359375
LAO,2020,47842.36328125
LAO,2021,47124.2578125
LAO,2022,46416.73046875
LAO,2023,45719.8203125
LAO,2024,45033.375
LAO,2025,44357.24609375
LAO,2026,43691.2734375
LAO,2027,43035.3046875
LAO,2028,42389.19140625
LAO,2029,41752.7890625
LAO,2030,41125.9375
LAO,2031,40508.5078125
LAO,2032,39900.3515625
LBR,2018,4390.89404296875
LBR,2019,4332.55908203125
LBR,2020,4268.2119140625
LBR,2021,4204.47607421875
LBR,2022,4141.67919921875
LBR,2023,4079.82470703125
LBR,2024,4018.8994140625
LBR,2025,3958.8896484375
LBR,2026,3899.78125
LBR,2027,3841.560791015625
LBR,2028,3784.215087890625
LBR,2029,3727.73046875
LBR,2030,3672.0947265625
LBR,2031,3617.29443359375
LBR,2032,3563.3173828125
LKA,2018,263559.5625
LKA,2019,260039.40625
LKA,2020,256156.078125
LKA,2021,252309.640625
LKA,2022,248519.859375
LKA,2023,244786.953125
LKA,2024,241110.125
LKA,2025,237488.515625
LKA,2026,233921.296875
LKA,2027,230407.703125
LKA,2028,226946.890625
LKA,2029,223538.0625
LKA,2030,220180.4375
LKA,2031,216873.234375
LKA,2032,213615.71875
LSO,2018,6146.84033203125
LSO,2019,6065.05126953125
LSO,2020,5974.82958984375
LSO,2021,5885.46533203125
LSO,2022,5797.41748046875
LSO,2023,5710.6904296875
LSO,2024,5625.2666015625
LSO,2025,5541.12548828125
LSO,2026,5458.24853515625
LSO,2027,5376.61669921875
LSO,2028,5296.21142578125
LSO,2029,5217.013671875
LSO,2030,5139.00537109375
LSO,2031,5062.1689453125
LSO,2032,4986.4873046875
LTU,2018,78492.0625
LTU,2019,77443.8984375
LTU,2020,76287.6328125
LTU,2021,75142.34375
LTU,2022,74013.9375
LTU,2023,72902.4609375
LTU,2024,71807.6875
LTU,2025,70729.359375
LTU,2026,69667.2265625
LTU,2027,68621.046875
LTU,2028,67590.578125
LTU,2029,66575.59375
LTU,2030,65575.859375
LTU,2031,64591.140625
LTU,2032,63621.2109375
LUX,2018,33576.265625
LUX,2019,33128.0546875
LUX,2020,32633.646484375
LUX,2021,32143.935546875
LUX,2022,31661.439453125
LUX,2023,31186.185546875
LUX,2024,30718.068359375
LUX,2025,30256.986328125
LUX,2026,29802.826171875
LUX,2027,29355.490234375
LUX,2028,28914.876953125
LUX,2029,28480.8828125
LUX,2030,28053.408203125
LUX,2031,27632.353515625
LUX,2032,27217.623046875
LVA,2018,47551.5234375
LVA,2019,46916.6484375
LVA,2020,46216.30859375
LVA,2021,45522.62109375
LVA,2022,44839.15234375
LVA,2023,44165.9453125
LVA,2024,43502.84765625
LVA,2025,42849.7109375
LVA,2026,42206.3828125
LVA,2027,41572.71875
LVA,2028,40948.57421875
LVA,2029,40333.8046875
LVA,2030,39728.2734375
LVA,2031,39131.8359375
LVA,2032,38544.359375
MAC,2018,69702.8203125
MAC,2019,68772.0703125
MAC,2020,67745.3203125
MAC,2021,66728.3203125
MAC,2022,65726.3046875
MAC,2023,64739.328125
MAC,2024,63767.171875
MAC,2025,62809.62890625
MAC,2026,61866.46875
MAC,2027,60937.47265625
MAC,2028,60022.43359375
MAC,2029,59121.140625
MAC,2030,58233.3828125
MAC,2031,57358.9609375
MAC,2032,56497.67578125
MAR,2018,307033.625
MAR,2019,302932.8125
MAR,2020,298408.90625
MAR,2021,293927.9375
MAR,2022,289513.0
MAR,2023,285164.3125
MAR,2024,280880.9375
MAR,2025,276661.9375
MAR,2026,272506.3125
MAR,2027,268413.09375
MAR,2028,264381.375
MAR,2029,260410.21875
MAR,2030,256498.703125
MAR,2031,252645.9375
MAR,2032,248851.046875
MDA,2018,25225.736328125
MDA,2019,24889.068359375
MDA,2020,24517.708984375
MDA,2021,24149.87890625
MDA,2022,23787.470703125
MDA,2023,23430.498046875
MDA,2024,23078.888671875
MDA,2025,22732.5625
MDA,2026,22391.439453125
MDA,2027,22055.439453125
MDA,2028,21724.486328125
MDA,2029,21398.505859375
MDA,2030,21077.419921875
MDA,2031,20761.158203125
MDA,2032,20449.646484375
MDG,2018,39910.8359375
MDG,2019,39378.05078125
MDG,2020,38790.30078125
MDG,2021,38208.1328125
MDG,2022,37634.5390625
MDG,2023,37069.5546875
MDG,2024,36513.0546875
MDG,2025,35964.9140625
MDG,2026,35425.0078125
MDG,2027,34893.21875
MDG,2028,34369.4140625
MDG,2029,33853.4765625
MDG,2030,33345.29296875
MDG,2031,32844.7421875
MDG,2032,32351.712890625
MDV,2018,8207.8603515625
MDV,2019,8098.5283203125
MDV,2020,7977.935546875
MDV,2021,7858.4892578125
MDV,2022,7740.80322265625
MDV,2023,7624.8828125
MDV,2024,7510.70361328125
MDV,2025,7398.23974609375
MDV,2026,7287.46630859375
MDV,2027,7178.35595703125
MDV,2028,7070.88525390625
MDV,2029,6965.02880859375
MDV,2030,6860.76220703125
MDV,2031,6758.06201171875
MDV,2032,6656.90478515625
MEX,2018,2219867.0
MEX,2019,2190215.5
MEX,2020,2157505.0
MEX,2021,2125105.0
MEX,2022,2093182.375
MEX,2023,2061739.0
MEX,2024,2030767.875
MEX,2025,2000261.875
MEX,2026,1970214.25
MEX,2027,1940618.0
MEX,2028,1911466.25
MEX,2029,1882752.5
MEX,2030,1854470.25
MEX,2031,1826612.75
MEX,2032,1799173.75
MLI,2018,47278.875
MLI,2019,46647.6796875
MLI,2020,45951.35546875
MLI,2021,45261.6484375
MLI,2022,44582.1015625
MLI,2023,43912.75
MLI,2024,43253.453125
MLI,2025,42604.0625
MLI,2026,41964.42578125
MLI,2027,41334.3984375
MLI,2028,40713.8359375
MLI,2029,40102.59375
MLI,2030,39500.53515625
MLI,2031,38907.51953125
MLI,2032,38323.4140625
MLT,2018,14210.0947265625
MLT,2019,14020.5712890625
MLT,2020,13811.53125
MLT,2021,13604.478515625
MLT,2022,13400.4765625
MLT,2023,13199.5361328125
MLT,2024,13001.6142578125
MLT,2025,12806.6650390625
MLT,2026,12614.6435546875
MLT,2027,12425.5068359375
MLT,2028,12239.212890625
MLT,2029,12055.7177734375
MLT,2030,11874.9775390625
MLT,2031,11696.953125
MLT,2032,11521.603515625
MNG,2018,39721.16796875
MNG,2019,39190.890625
MNG,2020,38605.93359375
MNG,2021,38026.53125
MNG,2022,37455.66796875
MNG,2023,36893.37109375
MNG,2024,36339.51953125
MNG,2025,35793.98828125
MNG,2026,35256.65625
MNG,2027,34727.390625
MNG,2028,34206.078125
MNG,2029,33692.59375
MNG,2030,33186.82421875
MNG,2031,32688.654296875
MNG,2032,32197.970703125
MOZ,2018,33442.39453125
MOZ,2019,32996.0234375
MOZ,2020,32503.591796875
MOZ,2021,32015.830078125
MOZ,2022,31535.259765625
MOZ,2023,31061.900390625
MOZ,2024,30595.650390625
MOZ,2025,30136.40625
MOZ,2026,29684.060546875
MOZ,2027,29238.509765625
MOZ,2028,28799.65234375
MOZ,2029,28367.388671875
MOZ,2030,27941.6171875
MOZ,2031,27522.244140625
MOZ,2032,27109.16796875
MRT,2018,14790.56640625
MRT,2019,14593.3193359375
MRT,2020,14375.7275390625
MRT,2021,14160.2021484375
MRT,2022,13947.8515625
MRT,2023,13738.689453125
MRT,2024,13532.6689453125
MRT,2025,13329.7431640625
MRT,2026,13129.8662109375
MRT,2027,12932.9912109375
MRT,2028,12739.072265625
MRT,2029,12548.0673828125
MRT,2030,12359.931640625
MRT,2031,12174.623046875
MRT,2032,11992.0966796875
MUS,2018,26713.34765625
MUS,2019,26356.828125
MUS,2020,25963.548828125
MUS,2021,25574.005859375
MUS,2022,25190.201171875
MUS,2023,24812.158203125
MUS,2024,24439.794921875
MUS,2025,24073.0234375
MUS,2026,23711.76171875
MUS,2027,23355.927734375
MUS,2028,23005.4375
MUS,2029,22660.21484375
MUS,2030,22320.17578125
MUS,2031,21985.244140625
MUS,2032,21655.345703125
MWI,2018,21286.611328125
MWI,2019,21002.591796875
MWI,2020,20689.279296875
MWI,2021,20378.943359375
MWI,2022,20073.177734375
MWI,2023,19772.0
MWI,2024,19475.34765625
MWI,2025,19183.15234375
MWI,2026,18895.345703125
MWI,2027,18611.86328125
MWI,2028,18332.638671875
MWI,2029,18057.607421875
MWI,2030,17786.708984375
MWI,2031,17519.880859375
MWI,2032,17257.060546875
MYS,2018,795388.3125
MYS,2019,784764.4375
MYS,2020,773044.4375
MYS,2021,761435.625
MYS,2022,749997.875
MYS,2023,738731.8125
MYS,2024,727634.9375
MYS,2025,716704.8125
MYS,2026,705938.9375
MYS,2027,695334.6875
MYS,2028,684889.8125
MYS,2029,674601.8125
MYS,2030,664468.3125
MYS,2031,654487.0625
MYS,2032,644655.75
NAM,2018,23492.74609375
NAM,2019,23179.25390625
NAM,2020,22833.43359375
NAM,2021,22490.896484375
NAM,2022,22153.404296875
NAM,2023,21820.978515625
NAM,2024,21493.546875
NAM,2025,21171.033203125
NAM,2026,20853.365234375
NAM,2027,20540.466796875
NAM,2028,20232.271484375
NAM,2029,19928.705078125
NAM,2030,19629.69921875
NAM,2031,19335.185546875
NAM,2032,19045.095703125
NER,2018,20135.271484375
NER,2019,19866.646484375
NER,2020,19570.30078125
NER,2021,19276.767578125
NER,2022,18987.55859375
NER,2023,18702.69140625
NER,2024,18422.103515625
NER,2025,18145.73046875
NER,2026,17873.5078125
NER,2027,17605.375
NER,2028,17341.26953125
NER,2029,17081.130859375
NER,2030,16824.900390625
NER,2031,16572.51953125
NER,2032,16323.9287109375
NGA,2018,1029640.9375
NGA,2019,1015888.0625
NGA,2020,1000716.1875
NGA,2021,985688.4375
NGA,2022,970882.0625
NGA,2023,956297.875
NGA,2024,941932.6875
NGA,2025,927783.4375
NGA,2026,913846.6875
NGA,2027,900119.25
NGA,2028,886598.0625
NGA,2029,873280.0
NGA,2030,860162.0625
NGA,2031,847241.0625
NGA,2032,834514.1875
NLD,2018,827987.0625
NLD,2019,816927.6875
NLD,2020,804727.3125
NLD,2021,792642.75
NLD,2022,780736.25
NLD,2023,769008.4375
NLD,2024,757456.8125
NLD,2025,746078.75
NLD,2026,734871.5625
NLD,2027,723832.75
NLD,2028,712959.75
NLD,2029,702250.0625
NLD,2030,691701.25
NLD,2031,681310.9375
NLD,2032,671076.6875
NOR,2018,453381.875
NOR,2019,447326.1875
NOR,2020,440645.75
NOR,2021,434028.75
NOR,2022,427509.21875
NOR,2023,421087.5625
NOR,2024,414762.34375
NOR,2025,408532.125
NOR,2026,402395.53125
NOR,2027,396351.125
NOR,2028,390397.5
NOR,2029,384533.3125
NOR,2030,378757.21875
NOR,2031,373067.90625
NOR,2032,367464.0625
NPL,2018,78528.921875
NPL,2019,77480.296875
NPL,2020,76323.484375
NPL,2021,75177.65625
NPL,2022,74048.71875
NPL,2023,72936.7265625
NPL,2024,71841.4296875
NPL,2025,70762.59375
NPL,2026,69699.9609375
NPL,2027,68653.296875
NPL,2028,67622.3515625
NPL,2029,66606.890625
NPL,2030,65606.6796875
NPL,2031,64621.5
NPL,2032,63651.1171875
NZL,2018,173928.84375
NZL,2019,171605.890625
NZL,2020,169043.328125
NZL,2021,166505.09375
NZL,2022,164004.265625
NZL,2023,161540.953125
NZL,2024,159114.640625
NZL,2025,156724.78125
NZL,2026,154370.828125
NZL,2027,152052.234375
NZL,2028,149768.453125
NZL,2029,147518.984375
NZL,2030,145303.328125
NZL,2031,143120.953125
NZL,2032,140971.34375
PAK,2018,1048556.8125
PAK,2019,1034551.1875
PAK,2020,1019100.625
PAK,2021,1003796.8125
PAK,2022,988718.4375
PAK,2023,973866.4375
PAK,2024,959237.4375
PAK,2025,944828.1875
PAK,2026,930635.4375
PAK,2027,916655.9375
PAK,2028,902886.3125
PAK,2029,889323.5
PAK,2030,875964.4375
PAK,2031,862806.0625
PAK,2032,849845.4375
PAN,2018,92549.8828125
PAN,2019,91313.953125
PAN,2020,89950.5390625
PAN,2021,88600.078125
PAN,2022,87269.515625
PAN,2023,85958.9140625
PAN,2024,84668.0078125
PAN,2025,83396.484375
PAN,2026,82144.0625
PAN,2027,80910.453125
PAN,2028,79695.3828125
PAN,2029,78498.5625
PAN,2030,77319.71875
PAN,2031,76158.578125
PAN,2032,75014.8828125
PER,2018,388722.78125
PER,2019,383530.8125
PER,2020,377803.15625
PER,2021,372129.90625
PER,2022,366540.25
PER,2023,361034.4375
PER,2024,355611.34375
PER,2025,350269.75
PER,2026,345008.375
PER,2027,339826.0625
PER,2028,334721.5625
PER,2029,329693.75
PER,2030,324741.4375
PER,2031,319863.5625
PER,2032,315058.9375
PHL,2018,829651.1875
PHL,2019,818569.5625
PHL,2020,806344.5625
PHL,2021,794235.75
PHL,2022,782305.375
PHL,2023,770554.0
PHL,2024,758979.125
PHL,2025,747578.0625
PHL,2026,736348.3125
PHL,2027,725287.3125
PHL,2028,714392.4375
PHL,2029,703661.1875
PHL,2030,693091.1875
PHL,2031,682679.9375
PHL,2032,672425.125
POL,2018,1051340.125
POL,2019,1037297.25
POL,2020,1021805.6875
POL,2021,1006461.1875
POL,2022,991342.8125
POL,2023,976451.3125
POL,2024,961783.5
POL,2025,947335.9375
POL,2026,933105.4375
POL,2027,919088.6875
POL,2028,905282.5625
POL,2029,891683.8125
POL,2030,878289.3125
POL,2031,865096.0625
POL,2032,852101.0
PRT,2018,259883.515625
PRT,2019,256412.453125
PRT,2020,252583.296875
PRT,2021,248790.5
PRT,2022,245053.59375
PRT,2023,241372.75
PRT,2024,237747.21875
PRT,2025,234176.140625
PRT,2026,230658.703125
PRT,2027,227194.109375
PRT,2028,223781.5625
PRT,2029,220420.28125
PRT,2030,217109.5
PRT,2031,213848.453125
PRT,2032,210636.390625
PRY,2018,62374.5859375
PRY,2019,61541.72265625
PRY,2020,60622.953125
PRY,2021,59712.91015625
PRY,2022,58816.28515625
PRY,2023,57933.109375
PRY,2024,57063.1953125
PRY,2025,56206.35546875
PRY,2026,55362.3828125
PRY,2027,54531.09375
PRY,2028,53712.2890625
PRY,2029,52905.78125
PRY,2030,52111.390625
PRY,2031,51328.93359375
PRY,2032,50558.234375
QAT,2018,369187.90625
QAT,2019,364256.84375
QAT,2020,358817.0625
QAT,2021,353428.9375
QAT,2022,348120.1875
QAT,2023,342891.09375
QAT,2024,337740.5625
QAT,2025,332667.40625
QAT,2026,327670.4375
QAT,2027,322748.5625
QAT,2028,317900.625
QAT,2029,313125.5
QAT,2030,308422.09375
QAT,2031,303789.375
QAT,2032,299226.21875
ROU,2018,456206.0625
ROU,2019,450112.6875
ROU,2020,443390.625
ROU,2021,436732.4375
ROU,2022,430172.3125
ROU,2023,423710.6875
ROU,2024,417346.0625
ROU,2025,411077.09375
ROU,2026,404902.25
ROU,2027,398820.1875
ROU,2028,392829.5
ROU,2029,386928.78125
ROU,2030,381116.75
ROU,2031,375392.0
ROU,2032,369753.25
RUS,2018,3832442.5
RUS,2019,3781251.75
RUS,2020,3724779.5
RUS,2021,3668843.5
RUS,2022,3613731.5
RUS,2023,3559446.5
RUS,2024,3505977.0
RUS,2025,3453310.75
RUS,2026,3401435.5
RUS,2027,3350339.75
RUS,2028,3300011.5
RUS,2029,3250439.25
RUS,2030,3201611.75
RUS,2031,3153517.5
RUS,2032,3106146.0
RWA,2018,24096.115234375
RWA,2019,23774.572265625
RWA,2020,23419.861328125
RWA,2021,23068.51953125
RWA,2022,22722.353515625
RWA,2023,22381.380859375
RWA,2024,22045.529296875
RWA,2025,21714.724609375
RWA,2026,21388.888671875
RWA,2027,21067.947265625
RWA,2028,20751.828125
RWA,2029,20440.455078125
RWA,2030,20133.759765625
RWA,2031,19831.673828125
RWA,2032,19534.126953125
SAU,2018,1740064.0
SAU,2019,1716821.625
SAU,2020,1691181.25
SAU,2021,1665784.5
SAU,2022,1640761.75
SAU,2023,1616114.625
SAU,2024,1591837.75
SAU,2025,1567925.5
SAU,2026,1544372.5
SAU,2027,1521173.25
SAU,2028,1498322.5
SAU,2029,1475815.0
SAU,2030,1453645.5
SAU,2031,1431809.125
SAU,2032,1410300.875
SDN,2018,175811.015625
SDN,2019,173462.953125
SDN,2020,170872.640625
SDN,2021,168306.9375
SDN,2022,165779.046875
SDN,2023,163289.078125
SDN,2024,160836.515625
SDN,2025,158420.796875
SDN,2026,156041.359375
SDN,2027,153697.671875
SDN,2028,151389.1875
SDN,2029,149115.390625
SDN,2030,146875.734375
SDN,2031,144669.71875
SDN,2032,142496.84375
SEN,2018,50460.765625
SEN,2019,49787.0625
SEN,2020,49043.8515625
SEN,2021,48307.703125
SEN,2022,47582.3984375
SEN,2023,46867.98046875
SEN,2024,46164.2890625
SEN,2025,45471.171875
SEN,2026,44788.4609375
SEN,2027,44116.0078125
SEN,2028,43453.65625
SEN,2029,42801.2578125
SEN,2030,42158.65625
SEN,2031,41525.71484375
SEN,2032,40902.27734375
SGP,2018,404033.9375
SGP,2019,398637.40625
SGP,2020,392684.125
SGP,2021,386787.375
SGP,2022,380977.53125
SGP,2023,375254.875
SGP,2024,369618.1875
SGP,2025,364066.1875
SGP,2026,358597.5625
SGP,2027,353211.09375
SGP,2028,347905.53125
SGP,2029,342679.65625
SGP,2030,337532.28125
SGP,2031,332462.25
SGP,2032,327468.375
SLE,2018,11788.779296875
SLE,2019,11631.6328125
SLE,2020,11458.2744140625
SLE,2021,11286.5615234375
SLE,2022,11117.3779296875
SLE,2023,10950.734375
SLE,2024,10786.59375
SLE,2025,10624.9189453125
SLE,2026,10465.6728515625
SLE,2027,10308.8193359375
SLE,2028,10154.3212890625
SLE,2029,10002.14453125
SLE,2030,9852.25390625
SLE,2031,9704.6142578125
SLE,2032,9559.193359375
SLV,2018,46199.6328125
SLV,2019,45582.8359375
SLV,2020,44902.4140625
SLV,2021,44228.453125
SLV,2022,43564.421875
SLV,2023,42910.359375
SLV,2024,42266.12109375
SLV,2025,41631.5625
SLV,2026,41006.53515625
SLV,2027,40390.8984375
SLV,2028,39784.5078125
SLV,2029,39187.2265625
SLV,2030,38598.9140625
SLV,2031,38019.4453125
SLV,2032,37448.6796875
SRB,2018,102481.8125
SRB,2019,101113.2109375
SRB,2020,99603.4453125
SRB,2021,98108.015625
SRB,2022,96634.625
SRB,2023,95183.34375
SRB,2024,93753.859375
SRB,2025,92345.8515625
SRB,2026,90958.9921875
SRB,2027,89592.96875
SRB,2028,88247.46875
SRB,2029,86922.1796875
SRB,2030,85616.796875
SRB,2031,84331.03125
SRB,2032,83064.578125
SVK,2018,151565.671875
SVK,2019,149541.40625
SVK,2020,147308.359375
SVK,2021,145096.515625
SVK,2022,142917.265625
SVK,2023,140770.703125
SVK,2024,138656.40625
SVK,2025,136573.875
SVK,2026,134522.625
SVK,2027,132502.203125
SVK,2028,130512.1171875
SVK,2029,128551.9296875
SVK,2030,126621.1875
SVK,2031,124719.4453125
SVK,2032,122846.2734375
SVN,2018,61080.53125
SVN,2019,60264.9296875
SVN,2020,59365.234375
SVN,2021,58474.08203125
SVN,2022,57596.0625
SVN,2023,56731.21875
SVN,2024,55879.359375
SVN,2025,55040.3046875
SVN,2026,54213.85546875
SVN,2027,53399.8125
SVN,2028,52598.00390625
SVN,2029,51808.234375
SVN,2030,51030.33203125
SVN,2031,50264.11328125
SVN,2032,49509.40625
SWE,2018,465005.75
SWE,2019,458794.8125
SWE,2020,451943.0625
SWE,2021,445156.4375
SWE,2022,438469.8125
SWE,2023,431883.5
SWE,2024,425396.09375
SWE,2025,419006.1875
SWE,2026,412712.25
SWE,2027,406512.84375
SWE,2028,400406.59375
SWE,2029,394392.0625
SWE,2030,388467.90625
SWE,2031,382632.75
SWE,2032,376885.1875
SWZ,2018,10404.7900390625
SWZ,2019,10266.1201171875
SWZ,2020,10113.154296875
SWZ,2021,9961.6416015625
SWZ,2022,9812.3623046875
SWZ,2023,9665.3232421875
SWZ,2024,9520.4921875
SWZ,2025,9377.8359375
SWZ,2026,9237.3232421875
SWZ,2027,9098.9208984375
SWZ,2028,8962.5986328125
SWZ,2029,8828.32421875
SWZ,2030,8696.06640625
SWZ,2031,8565.7958984375
SWZ,2032,8437.4814453125
SYR,2018,52130.83984375
SYR,2019,51434.8046875
SYR,2020,50666.984375
SYR,2021,49906.4609375
SYR,2022,49157.140625
SYR,2023,48419.06640625
SYR,2024,47692.078125
SYR,2025,46976.0078125
SYR,2026,46270.6953125
SYR,2027,45575.9765625
SYR,2028,44891.6953125
SYR,2029,44217.6953125
SYR,2030,43553.8203125
SYR,2031,42899.9140625
SYR,2032,42255.83203125
TGO,2018,12097.2744140625
TGO,2019,11936.0029296875
TGO,2020,11758.0986328125
TGO,2021,11581.8837890625
TGO,2022,11408.2646484375
TGO,2023,11237.2509765625
TGO,2024,11068.8076171875
TGO,2025,10902.8935546875
TGO,2026,10739.4716796875
TGO,2027,10578.505859375
TGO,2028,10419.95703125
TGO,2029,10263.7900390625
TGO,2030,10109.96875
TGO,2031,9958.4580078125
TGO,2032,9809.2236328125
THA,2018,1122338.875
THA,2019,1107347.75
THA,2020,1090809.875
THA,2021,1074429.0
THA,2022,1058289.5
THA,2023,1042392.3125
THA,2024,1026733.9375
THA,2025,1011310.8125
THA,2026,996119.4375
THA,2027,981156.1875
THA,2028,966417.6875
THA,2029,951900.5625
THA,2030,937601.5
THA,2031,923517.25
THA,2032,909644.5625
TJK,2018,36894.33203125
TJK,2019,36401.8046875
TJK,2020,35858.5
TJK,2021,35320.359375
TJK,2022,34790.14453125
TJK,2023,34267.890625
TJK,2024,33753.48046875
TJK,2025,33246.796875
TJK,2026,32747.7265625
TJK,2027,32256.154296875
TJK,2028,31771.966796875
TJK,2029,31295.052734375
TJK,2030,30825.30078125
TJK,2031,30362.607421875
TJK,2032,29906.861328125
TTO,2018,40186.03515625
TTO,2019,39649.54296875
TTO,2020,39057.734375
TTO,2021,38471.55078125
TTO,2022,37894.0
TTO,2023,37325.1171875
TTO,2024,36764.78125
TTO,2025,36212.86328125
TTO,2026,35669.234375
TTO,2027,35133.7734375
TTO,2028,34606.35546875
TTO,2029,34086.859375
TTO,2030,33575.1640625
TTO,2031,33071.16015625
TTO,2032,32574.728515625
TUN,2018,130199.5703125
TUN,2019,128460.75
TUN,2020,126542.5546875
TUN,2021,124642.578125
TUN,2022,122770.5859375
TUN,2023,120926.6953125
TUN,2024,119110.5
TUN,2025,117321.578125
TUN,2026,115559.5390625
TUN,2027,113823.96875
TUN,2028,112114.46875
TUN,2029,110430.640625
TUN,2030,108772.125
TUN,2031,107138.515625
TUN,2032,105529.4453125
TUR,2018,2114214.5
TUR,2019,2085974.625
TUR,2020,2054820.875
TUR,2021,2023963.0
TUR,2022,1993560.0
TUR,2023,1963613.0
TUR,2024,1934115.875
TUR,2025,1905061.75
TUR,2026,1876444.25
TUR,2027,1848256.625
TUR,2028,1820492.5
TUR,2029,1793145.5
TUR,2030,1766209.125
TUR,2031,1739677.5
TUR,2032,1713544.375
TWN,2018,1048739.75
TWN,2019,1034731.6875
TWN,2020,1019278.375
TWN,2021,1003971.8125
TWN,2022,988890.8125
TWN,2023,974036.125
TWN,2024,959404.5625
TWN,2025,944992.75
TWN,2026,930797.5
TWN,2027,916815.4375
TWN,2028,903043.4375
TWN,2029,889478.3125
TWN,2030,876116.9375
TWN,2031,862956.3125
TWN,2032,849993.375
TZA,2018,154242.609375
TZA,2019,152182.65625
TZA,2020,149910.171875
TZA,2021,147659.265625
TZA,2022,145441.515625
TZA,2023,143257.0625
TZA,2024,141105.421875
TZA,2025,138986.09375
TZA,2026,136898.609375
TZA,2027,134842.484375
TZA,2028,132817.25
TZA,2029,130822.4375
TZA,2030,128857.59375
TZA,2031,126922.265625
TZA,2032,125016.0
UGA,2018,84488.78125
UGA,2019,83360.5390625
UGA,2020,82115.90625
UGA,2021,80883.09375
UGA,2022,79668.4453125
UGA,2023,78472.03125
UGA,2024,77293.5859375
UGA,2025,76132.84375
UGA,2026,74989.53125
UGA,2027,73863.3984375
UGA,2028,72754.1875
UGA,2029,71661.640625
UGA,2030,70585.5
UGA,2031,69525.53125
UGA,2032,68481.484375
UKR,2018,406452.125
UKR,2019,401023.3125
UKR,2020,395034.40625
UKR,2021,389102.375
UKR,2022,383257.71875
UKR,2023,377500.78125
UKR,2024,371830.34375
UKR,2025,366245.0625
UKR,2026,360743.6875
UKR,2027,355324.9375
UKR,2028,349987.625
UKR,2029,344730.5
UKR,2030,339552.34375
UKR,2031,334451.96875
UKR,2032,329428.21875
URY,2018,69740.59375
URY,2019,68809.34375
URY,2020,67782.0390625
URY,2021,66764.484375
URY,2022,65761.921875
URY,2023,64774.41015625
URY,2024,63801.734375
URY,2025,62843.66796875
URY,2026,61899.99609375
URY,2027,60970.49609375
URY,2028,60054.95703125
URY,2029,59153.171875
URY,2030,58264.9296875
URY,2031,57390.0390625
URY,2032,56528.2890625
USA,2018,18126736.0
USA,2019,17884612.0
USA,2020,17617506.0
USA,2021,17352936.0
USA,2022,17092264.0
USA,2023,16835506.0
USA,2024,16582604.0
USA,2025,16333500.0
USA,2026,16088138.0
USA,2027,15846463.0
USA,2028,15608417.0
USA,2029,15373948.0
USA,2030,15143001.0
USA,2031,14915523.0
USA,2032,14691464.0
VEN,2018,370509.375
VEN,2019,365560.625
VEN,2020,360101.34375
VEN,2021,354693.9375
VEN,2022,349366.1875
VEN,2023,344118.375
VEN,2024,338949.4375
VEN,2025,333858.125
VEN,2026,328843.3125
VEN,2027,323903.8125
VEN,2028,319038.5
VEN,2029,314246.28125
VEN,2030,309526.03125
VEN,2031,304876.6875
VEN,2032,300297.1875
VNM,2018,622627.0
VNM,2019,614310.6875
VNM,2020,605136.3125
VNM,2021,596049.125
VNM,2022,587095.8125
VNM,2023,578276.875
VNM,2024,569590.4375
VNM,2025,561034.4375
VNM,2026,552606.9375
VNM,2027,544306.0625
VNM,2028,536129.875
VNM,2029,528076.5
VNM,2030,520144.09375
VNM,2031,512330.84375
VNM,2032,504635.0
YEM,2018,53523.44140625
YEM,2019,52808.828125
YEM,2020,52020.48828125
YEM,2021,51239.63671875
YEM,2022,50470.2890625
YEM,2023,49712.484375
YEM,2024,48966.0703125
YEM,2025,48230.86328125
YEM,2026,47506.703125
YEM,2027,46793.41796875
YEM,2028,46090.8515625
YEM,2029,45398.8359375
YEM,2030,44717.21875
YEM,2031,44045.8359375
YEM,2032,43384.5390625
ZAF,2018,696814.375
ZAF,2019,687507.0625
ZAF,2020,677239.5625
ZAF,2021,667069.5625
ZAF,2022,657049.4375
ZAF,2023,647179.6875
ZAF,2024,637458.125
ZAF,2025,627882.625
ZAF,2026,618451.0
ZAF,2027,609161.0625
ZAF,2028,600010.6875
ZAF,2029,590997.6875
ZAF,2030,582120.125
ZAF,2031,573375.9375
ZAF,2032,564763.0625
ZMB,2018,60940.33984375
ZMB,2019,60126.63671875
ZMB,2020,59229.00390625
ZMB,2021,58339.8984375
ZMB,2022,57463.890625
ZMB,2023,56601.02734375
ZMB,2024,55751.12890625
ZMB,2025,54913.99609375
ZMB,2026,54089.4375
ZMB,2027,53277.265625
ZMB,2028,52477.296875
ZMB,2029,51689.34375
ZMB,2030,50913.23046875
ZMB,2031,50148.7734375
ZMB,2032,49395.796875
ZWE,2018,32379.447265625
ZWE,2019,31947.2421875
ZWE,2020,31470.470703125
ZWE,2021,30998.228515625
ZWE,2022,30532.943359375
ZWE,2023,30074.642578125
ZWE,2024,29623.224609375
ZWE,2025,29178.587890625
ZWE,2026,28740.62890625
ZWE,2027,28309.251953125
ZWE,2028,27884.353515625
ZWE,2029,27465.837890625
ZWE,2030,27053.611328125
ZWE,2031,26647.576171875
ZWE,2032,26247.640625
