AGO,2018,196823.140625
AGO,2019,190786.328125
AGO,2020,184934.1875
AGO,2021,179261.53125
AGO,2022,173762.859375
AGO,2023,168432.859375
AGO,2024,163266.328125
AGO,2025,158258.265625
AGO,2026,153403.8125
AGO,2027,148698.265625
AGO,2028,144137.046875
AGO,2029,139715.71875
AGO,2030,135430.0
AGO,2031,131275.734375
AGO,2032,127248.90625
ALB,2018,32630.52734375
ALB,2019,31629.412109375
ALB,2020,30658.91796875
ALB,2021,29718.1953125
ALB,2022,28806.32421875
ALB,2023,27922.423828125
ALB,2024,27065.6328125
ALB,2025,26235.12109375
ALB,2026,25430.08203125
ALB,2027,24649.736328125
ALB,2028,23893.328125
ALB,2029,23160.1171875
ALB,2030,22449.392578125
ALB,2031,21760.46875
ALB,2032,21092.67578125
ARE,2018,707840.4375
ARE,2019,686131.125
ARE,2020,665085.8125
ARE,2021,644686.0
ARE,2022,624911.875
ARE,2023,605744.3125
ARE,2024,587164.625
ARE,2025,569154.8125
ARE,2026,551697.375
ARE,2027,534775.4375
ARE,2028,518372.5
ARE,2029,502472.6875
ARE,2030,487060.5625
ARE,2031,472121.15625
ARE,2032,457639.96875
ARG,2018,708205.8125
ARG,2019,686485.25
ARG,2020,665429.0625
ARG,2021,645018.6875
ARG,2022,625234.3125
ARG,2023,606056.8125
ARG,2024,587467.5625
ARG,2025,569448.4375
ARG,2026,551982.0
ARG,2027,535051.3125
ARG,2028,518639.9375
ARG,2029,502731.9375
ARG,2030,487311.84375
ARG,2031,472364.71875
ARG,2032,457876.0625
ARM,2018,32606.63671875
ARM,2019,31606.25390625
ARM,2020,30636.47265625
ARM,2021,29696.4375
ARM,2022,28785.234375
ARM,2023,27901.978515625
ARM,2024,27045.81640625
ARM,2025,26215.91015625
ARM,2026,25411.4609375
ARM,2027,24631.6875
ARM,2028,23875.828125
ARM,2029,23143.154296875
ARM,2030,22432.953125
ARM,2031,21744.53515625
ARM,2032,21077.232421875
ATG,2018,2032.87744140625
ATG,2019,1970.1708984375
ATG,2020,1909.384033203125
ATG,2021,1850.461669921875
ATG,2022,1793.3465576171875
ATG,2023,1737.9833984375
ATG,2024,1684.318115234375
ATG,2025,1632.299072265625
ATG,2026,1581.87548828125
ATG,2027,1532.9984130859375
ATG,2028,1485.62060546875
ATG,2029,1439.696044921875
ATG,2030,1395.179931640625
ATG,2031,1352.029052734375
ATG,2032,1310.201904296875
AUS,2018,1183489.875
AUS,2019,1147192.75
AUS,2020,1112005.875
AUS,2021,1077898.25
AUS,2022,1044836.6875
AUS,2023,1012789.1875
AUS,2024,981724.625
AUS,2025,951612.9375
AUS,2026,922424.8125
AUS,2027,894131.875
AUS,2028,866706.8125
AUS,2029,840122.875
AUS,2030,814354.3125
AUS,2031,789376.0625
AUS,2032,765164.0
AUT,2018,370538.53125
AUT,2019,359174.03125
AUT,2020,348157.125
AUT,2021,337478.125
AUT,2022,327126.71875
AUT,2023,317092.78125
AUT,2024,307366.59375
AUT,2025,297938.75
AUT,2026,288800.0625
AUT,2027,279941.65625
AUT,2028,271354.96875
AUT,2029,263031.65625
AUT,2030,254963.59375
AUT,2031,247143.015625
AUT,2032,239562.296875
AZE,2018,158509.375
AZE,2019,153647.640625
AZE,2020,148934.609375
AZE,2021,144366.125
AZE,2022,139937.765625
AZE,2023,135645.234375
AZE,2024,131484.390625
AZE,2025,127451.1484375
AZE,2026,123541.6328125
AZE,2027,119752.0234375
AZE,2028,116078.6484375
AZE,2029,112517.9453125
AZE,2030,109066.453125
AZE,2031,105720.8203125
AZE,2032,102477.796875
BDI,2018,8006.2861328125
BDI,2019,7760.36279296875
BDI,2020,7521.9794921875
BDI,2021,7290.90869140625
BDI,2022,7066.9248046875
BDI,2023,6849.81103515625
BDI,2024,6639.35595703125
BDI,2025,6435.35693359375
BDI,2026,6237.6142578125
BDI,2027,6045.9375
BDI,2028,5860.13916015625
BDI,2029,5680.03955078125
BDI,2030,5505.4638671875
BDI,2031,5336.24267578125
BDI,2032,5172.2119140625
BEL,2018,441155.40625
BEL,2019,427625.15625
BEL,2020,414508.6875
BEL,2021,401794.59375
BEL,2022,389470.46875
BEL,2023,377524.28125
BEL,2024,365944.5625
BEL,2025,354720.0
BEL,2026,343839.71875
BEL,2027,333293.15625
BEL,2028,323070.0625
BEL,2029,313160.53125
BEL,2030,303554.96875
BEL,2031,294244.03125
BEL,2032,285218.6875
BEN,2018,24427.5
BEN,2019,23677.94140625
BEN,2020,22951.3359375
BEN,2021,22247.017578125
BEN,2022,21564.30078125
BEN,2023,20902.525390625
BEN,2024,20261.046875
BEN,2025,19639.24609375
BEN,2026,19036.515625
BEN,2027,18452.271484375
BEN,2028,17885.947265625
BEN,2029,17336.994140625
BEN,2030,16804.87890625
BEN,2031,16289.083984375
BEN,2032,15789.109375
BFA,2018,28964.7109375
BFA,2019,28076.001953125
BFA,2020,27214.5
BFA,2021,26379.421875
BFA,2022,25569.95703125
BFA,2023,24785.3203125
BFA,2024,24024.75
BFA,2025,23287.5078125
BFA,2026,22572.87890625
BFA,2027,21880.169921875
BFA,2028,21208.705078125
BFA,2029,20557.8359375
BFA,2030,19926.931640625
BFA,2031,19315.375
BFA,2032,18722.578125
BGD,2018,607186.75
BGD,2019,588564.375
BGD,2020,570511.625
BGD,2021,553012.5625
BGD,2022,536050.25
BGD,2023,519608.21875
BGD,2024,503670.5
BGD,2025,488221.59375
BGD,2026,473246.53125
BGD,2027,458730.8125
BGD,2028,444660.34375
BGD,2029,431021.40625
BGD,2030,417800.78125
BGD,2031,404985.6875
BGD,2032,392563.65625
BGR,2018,124424.2734375
BGR,2019,120607.9140625
BGR,2020,116908.28125
BGR,2021,113322.125
BGR,2022,109845.9609375
BGR,2023,106476.4140625
BGR,2024,103210.2265625
BGR,2025,100044.21875
BGR,2026,96975.3125
BGR,2027,94000.5390625
BGR,2028,91117.0078125
BGR,2029,88321.921875
BGR,2030,85612.5703125
BGR,2031,82986.3125
BGR,2032,80440.609375
BHR,2018,58802.05078125
BHR,2019,56998.2734375
BHR,2020,55249.671875
BHR,2021,53554.703125
BHR,2022,51911.71875
BHR,2023,50319.12890625
BHR,2024,48775.38671875
BHR,2025,47278.9921875
BHR,2026,45828.5
BHR,2027,44422.4921875
BHR,2028,43059.61328125
BHR,2029,41738.53515625
BHR,2030,40457.9765625
BHR,2031,39216.6953125
BHR,2032,38013.48828125
BHS,2018,10440.1572265625
BHS,2019,10119.60546875
BHS,2020,9808.861328125
BHS,2021,9507.646484375
BHS,2022,9215.671875
BHS,2023,8932.65234375
BHS,2024,8658.3134765625
BHS,2025,8392.388671875
BHS,2026,8134.62060546875
BHS,2027,7884.75830078125
BHS,2028,7642.56005859375
BHS,2029,7407.79052734375
BHS,2030,7180.22119140625
BHS,2031,6959.6318359375
BHS,2032,6745.80859375
BIH,2018,38297.765625
BIH,2019,37122.83984375
BIH,2020,35983.8515625
BIH,2021,34879.8046875
BIH,2022,33809.6171875
BIH,2023,32772.2578125
BIH,2024,31766.71484375
BIH,2025,30792.013671875
BIH,2026,29847.20703125
BIH,2027,28931.37890625
BIH,2028,28043.640625
BIH,2029,27183.1328125
BIH,2030,26349.017578125
BIH,2031,25540.486328125
BIH,2032,24756.75390625
BLR,2018,171563.140625
BLR,2019,166301.0625
BLR,2020,161199.921875
BLR,2021,156255.25
BLR,2022,151462.234375
BLR,2023,146816.234375
BLR,2024,142312.734375
BLR,2025,137947.359375
BLR,2026,133715.890625
BLR,2027,129614.2109375
BLR,2028,125638.3359375
BLR,2029,121784.4140625
BLR,2030,118048.6953125
BLR,2031,114427.5546875
BLR,2032,110917.4921875
BLZ,2018,2665.365234375
BLZ,2019,2583.2587890625
BLZ,2020,2503.66748046875
BLZ,2021,2426.517333984375
BLZ,2022,2351.733642578125
BLZ,2023,2279.24365234375
BLZ,2024,2208.97705078125
BLZ,2025,2140.86572265625
BLZ,2026,2074.843505859375
BLZ,2027,2010.84619140625
BLZ,2028,1948.811767578125
BLZ,2029,1888.68017578125
BLZ,2030,1830.392822265625
BLZ,2031,1773.893310546875
BLZ,2032,1719.1265869140625
BOL,2018,70486.078125
BOL,2019,68323.9453125
BOL,2020,66227.9609375
BOL,2021,64196.265625
BOL,2022,62226.8828125
BOL,2023,60317.90625
BOL,2024,58467.48046875
BOL,2025,56673.8125
BOL,2026,54935.15625
BOL,2027,53249.83203125
BOL,2028,51616.203125
BOL,2029,50032.6796875
BOL,2030,48497.7265625
BOL,2031,47009.8515625
BOL,2032,45567.609375
BRA,2018,2865816.5
BRA,2019,2777923.5
BRA,2020,2692718.75
BRA,2021,2610127.5
BRA,2022,2530069.5
BRA,2023,2452467.0
BRA,2024,2377244.75
BRA,2025,2304329.75
BRA,2026,2233651.0
BRA,2027,2165140.25
BRA,2028,2098731.0
BRA,2029,2034358.625
BRA,2030,1971960.625
BRA,2031,1911476.5
BRA,2032,1852847.5
BRB,2018,3459.2431640625
BRB,2019,3352.78955078125
BRB,2020,3249.59521484375
BRB,2021,3149.566162109375
BRB,2022,3052.60498046875
BRB,2023,2958.617919921875
BRB,2024,2867.513671875
BRB,2025,2779.20361328125
BRB,2026,2693.602294921875
BRB,2027,2610.62646484375
BRB,2028,2530.19580078125
BRB,2029,2452.23193359375
BRB,2030,2376.659423828125
BRB,2031,2303.40478515625
BRB,2032,2232.39697265625
BRN,2018,30149.52734375
BRN,2019,29224.50390625
BRN,2020,28327.775390625
BRN,2021,27458.55078125
BRN,2022,26615.98828125
BRN,2023,25799.267578125
BRN,2024,25007.59765625
BRN,2025,24240.2109375
BRN,2026,23496.359375
BRN,2027,22775.32421875
BRN,2028,22076.404296875
BRN,2029,21398.921875
BRN,2030,20742.21875
BRN,2031,20105.66015625
BRN,2032,19488.623046875
BTN,2018,7473.76611328125
BTN,2019,7244.1845703125
BTN,2020,7021.63427734375
BTN,2021,6805.9091796875
BTN,2022,6596.80126953125
BTN,2023,6394.10693359375
BTN,2024,6197.62939453125
BTN,2025,6007.17822265625
BTN,2026,5822.56884765625
BTN,2027,5643.62158203125
BTN,2028,5470.1630859375
BTN,2029,5302.02490234375
BTN,2030,5139.0439453125
BTN,2031,4981.06201171875
BTN,2032,4827.92529296875
BWA,2018,33835.73046875
BWA,2019,32797.6484375
BWA,2020,31791.32421875
BWA,2021,30815.869140625
BWA,2022,29870.33203125
BWA,2023,28953.794921875
BWA,2024,28065.369140625
BWA,2025,27204.1953125
BWA,2026,26369.43359375
BWA,2027,25560.27734375
BWA,2028,24775.9375
BWA,2029,24015.65625
BWA,2030,23278.693359375
BWA,2031,22564.33203125
BWA,2032,21871.8828125
CAF,2018,3020.249755859375
CAF,2019,2927.2333984375
CAF,2020,2837.092041015625
CAF,2021,2749.71533203125
CAF,2022,2665.0185546875
CAF,2023,2582.91943359375
CAF,2024,2503.33837890625
CAF,2025,2426.1982421875
CAF,2026,2351.42431640625
CAF,2027,2278.94384765625
CAF,2028,2208.6865234375
CAF,2029,2140.583984375
CAF,2030,2074.5703125
CAF,2031,2010.581298828125
CAF,2032,1948.55517578125
CAN,2018,1603533.25
CAN,2019,1554353.625
CAN,2020,1506678.375
CAN,2021,1460465.375
CAN,2022,1415669.75
CAN,2023,1372248.125
CAN,2024,1330158.25
CAN,2025,1289359.5
CAN,2026,1249812.0
CAN,2027,1211477.625
CAN,2028,1174319.0
CAN,2029,1138300.125
CAN,2030,1103386.0
CAN,2031,1069542.75
CAN,2032,1036737.4375
CHE,2018,513064.78125
CHE,2019,497329.09375
CHE,2020,482074.71875
CHE,2021,467288.21875
CHE,2022,452955.28125
CHE,2023,439061.9375
CHE,2024,425594.71875
CHE,2025,412540.59375
CHE,2026,399886.84375
CHE,2027,387621.21875
CHE,2028,375731.78125
CHE,2029,364207.03125
CHE,2030,353035.78125
CHE,2031,342207.15625
CHE,2032,331710.65625
CHL,2018,388838.5625
CHL,2019,376912.8125
CHL,2020,365351.84375
CHL,2021,354145.46875
CHL,2022,343282.8125
CHL,2023,332753.34375
CHL,2024,322546.84375
CHL,2025,312653.34375
CHL,2026,303063.34375
CHL,2027,293767.46875
CHL,2028,284756.71875
CHL,2029,276022.34375
CHL,2030,267555.84375
CHL,2031,259349.03125
CHL,2032,251393.921875
CHN,2018,18475848.0
CHN,2019,17909208.0
CHN,2020,17359896.0
CHN,2021,16827432.0
CHN,2022,16311302.0
CHN,2023,15811002.0
CHN,2024,15326048.0
CHN,2025,14855968.0
CHN,2026,14400306.0
CHN,2027,13958620.0
CHN,2028,13530482.0
CHN,2029,13115476.0
CHN,2030,12713200.0
CHN,2031,12323262.0
CHN,2032,11945284.0
CIV,2018,80586.21875
CIV,2019,78114.3125
CIV,2020,75718.0390625
CIV,2021,73395.265625
CIV,2022,71143.734375
CIV,2023,68961.265625
CIV,2024,66845.734375
CIV,2025,64795.0859375
CIV,2026,62807.3359375
CIV,2027,60880.5546875
CIV,2028,59012.875
CIV,2029,57202.4765625
CIV,2030,55447.60546875
CIV,2031,53746.5625
CIV,2032,52097.69140625
CMR,2018,74412.5234375
CMR,2019,72129.9609375
CMR,2020,69917.234375
CMR,2021,67772.3828125
CMR,2022,65693.3125
CMR,2023,63678.015625
CMR,2024,61724.53125
CMR,2025,59830.96484375
CMR,2026,57995.4765625
CMR,2027,56216.2890625
CMR,2028,54491.671875
CMR,2029,52819.953125
CMR,2030,51199.5078125
CMR,2031,49628.7578125
CMR,2032,48106.19140625
COD,2018,62472.2265625
COD,2019,60555.86328125
COD,2020,58698.140625
COD,2021,56897.3984375
COD,2022,55151.890625
COD,2023,53459.91796875
COD,2024,51819.84375
COD,2025,50230.07421875
COD,2026,48689.0625
COD,2027,47195.3203125
COD,2028,45747.390625
COD,2029,44343.87109375
COD,2030,42983.40234375
COD,2031,41664.66015625
COD,2032,40386.3671875
COG,2018,25155.984375
COG,2019,24384.09765625
COG,2020,23635.83203125
COG,2021,22910.51953125
COG,2022,22207.453125
COG,2023,21525.951171875
COG,2024,20865.3515625
COG,2025,20225.015625
COG,2026,19604.3203125
COG,2027,19002.66015625
COG,2028,18419.455078125
COG,2029,17854.13671875
COG,2030,17306.16015625
COG,2031,16774.990234375
COG,2032,16260.1123046875
COL,2018,648924.0
COL,2019,629021.625
COL,2020,609727.875
COL,2021,591026.0
COL,2022,572897.75
COL,2023,555325.5
COL,2024,538292.1875
COL,2025,521781.40625
COL,2026,505777.03125
COL,2027,490263.59375
COL,2028,475225.9375
COL,2029,460649.53125
COL,2030,446520.1875
COL,2031,432824.25
COL,2032,419548.34375
COM,2018,2289.22021484375
COM,2019,2218.636474609375
COM,2020,2150.22900390625
COM,2021,2083.91943359375
COM,2022,2019.643798828125
COM,2023,1957.339599609375
COM,2024,1896.9462890625
COM,2025,1838.4053955078125
COM,2026,1781.66015625
COM,2027,1726.6552734375
COM,2028,1673.3375244140625
COM,2029,1621.6552734375
COM,2030,1571.55810546875
COM,2031,1522.99755859375
COM,2032,1475.9263916015625
CPV,2018,3407.73779296875
CPV,2019,3302.862548828125
CPV,2020,3201.199462890625
CPV,2021,3102.65478515625
CPV,2022,3007.1328125
CPV,2023,2914.54052734375
CPV,2024,2824.7880859375
CPV,2025,2737.78857421875
CPV,2026,2653.45751953125
CPV,2027,2571.713134765625
CPV,2028,2492.47607421875
CPV,2029,2415.669189453125
CPV,2030,2341.218017578125
CPV,2031,2269.05078125
CPV,2032,2199.096923828125
CRI,2018,70261.5078125
CRI,2019,68106.2734375
CRI,2020,66016.96875
CRI,2021,63991.74609375
CRI,2022,62028.6328125
CRI,2023,60125.734375
CRI,2024,58281.20703125
CRI,2025,56493.25
CRI,2026,54760.13671875
CRI,2027,53080.1796875
CRI,2028,51451.75
CRI,2029,49873.26953125
CRI,2030,48343.203125
CRI,2031,46860.06640625
CRI,2032,45422.421875
CYP,2018,22869.0859375
CYP,2019,22167.349609375
CYP,2020,21487.076171875
CYP,2021,20827.669921875
CYP,2022,20188.48828125
CYP,2023,19568.912109375
CYP,2024,18968.337890625
CYP,2025,18386.185546875
CYP,2026,17821.890625
CYP,2027,17274.90234375
CYP,2028,16744.69140625
CYP,2029,16230.7421875
CYP,2030,15732.55859375
CYP,2031,15249.6533203125
CYP,2032,14781.560546875
CZE,2018,316205.71875
CZE,2019,306507.59375
CZE,2020,297106.0625
CZE,2021,287992.90625
CZE,2022,279159.25
CZE,2023,270596.5625
CZE,2024,262296.5
CZE,2025,254251.0
CZE,2026,246452.265625
CZE,2027,238892.734375
CZE,2028,231565.078125
CZE,2029,224462.171875
CZE,2030,217577.140625
CZE,2031,210903.28125
CZE,2032,204434.109375
DEU,2018,3705083.5
DEU,2019,3591450.75
DEU,2020,3481293.5
DEU,2021,3374515.0
DEU,2022,3271011.75
DEU,2023,3170683.0
DEU,2024,3073431.5
DEU,2025,2979163.0
DEU,2026,2887786.0
DEU,2027,2799211.5
DEU,2028,2713354.0
DEU,2029,2630130.0
DEU,2030,2549458.5
DEU,2031,2471261.25
DEU,2032,2395462.5
DJI,2018,2930.84423828125
DJI,2019,2840.5849609375
DJI,2020,2753.10107421875
DJI,2021,2668.30029296875
DJI,2022,2586.1005859375
DJI,2023,2506.422119140625
DJI,2024,2429.1875
DJI,2025,2354.32177734375
DJI,2026,2281.75244140625
DJI,2027,2211.40869140625
DJI,2028,2143.222900390625
DJI,2029,2077.128173828125
DJI,2030,2013.0609130859375
DJI,2031,1950.95849609375
DJI,2032,1890.7608642578125
DMA,2018,565.6307983398438
DMA,2019,547.915771484375
DMA,2020,530.7523803710938
DMA,2021,514.1153564453125
DMA,2022,497.9885559082031
DMA,2023,482.3564147949219
DMA,2024,467.2037353515625
DMA,2025,452.51580810546875
DMA,2026,438.2784118652344
DMA,2027,424.4776916503906
DMA,2028,411.1002502441406
DMA,2029,398.1331481933594
DMA,2030,385.5637512207031
DMA,2031,373.3798828125
DMA,2032,361.5697326660156
DNK,2018,267007.3125
DNK,2019,258818.015625
DNK,2020,250879.1875
DNK,2021,243183.859375
DNK,2022,235724.5625
DNK,2023,228494.078125
DNK,2024,221485.359375
DNK,2025,214691.609375
DNK,2026,208106.265625
DNK,2027,201722.875
DNK,2028,195535.28125
DNK,2029,189537.46875
DNK,2030,183723.625
DNK,2031,178088.109375
DNK,2032,172625.453125
DOM,2018,156912.6875
DOM,2019,152099.921875
DOM,2020,147434.359375
DOM,2021,142911.890625
DOM,2022,138528.140625
DOM,2023,134278.859375
DOM,2024,130159.9140625
DOM,2025,126167.3046875
DOM,2026,122297.15625
DOM,2027,118545.7109375
DOM,2028,114909.328125
DOM,2029,111384.4765625
DOM,2030,107967.7421875
DOM,2031,104655.8125
DOM,2032,101445.46875
DZA,2018,565705.5
DZA,2019,548355.3125
DZA,2020,531535.8125
DZA,2021,515232.21875
DZA,2022,499428.71875
DZA,2023,484109.9375
DZA,2024,469261.03125
DZA,2025,454867.5625
DZA,2026,440915.5625
DZA,2027,427391.5
DZA,2028,414282.21875
DZA,2029,401575.03125
DZA,2030,389257.59375
DZA,2031,377317.96875
DZA,2032,365744.59375
ECU,2018,172060.328125
ECU,2019,166782.984375
ECU,2020,161667.0625
ECU,2021,156708.0625
ECU,2022,151901.15625
ECU,2023,147241.703125
ECU,2024,142725.15625
ECU,2025,138347.140625
ECU,2026,134103.390625
ECU,2027,129989.828125
ECU,2028,126002.4296875
ECU,2029,122137.34375
ECU,2030,118390.8046875
ECU,2031,114759.171875
ECU,2032,111238.9453125
EGY,2018,1066895.375
EGY,2019,1034174.0
EGY,2020,1002453.5
EGY,2021,971706.0
EGY,2022,941901.5625
EGY,2023,913011.1875
EGY,2024,885007.0
EGY,2025,857861.8125
EGY,2026,831549.1875
EGY,2027,806043.5625
EGY,2028,781320.25
EGY,2029,757355.3125
EGY,2030,734125.375
EGY,2031,711608.0
EGY,2032,689781.3125
ESP,2018,1515920.125
ESP,2019,1469427.625
ESP,2020,1424357.125
ESP,2021,1380669.125
ESP,2022,1338321.125
ESP,2023,1297271.875
ESP,2024,1257481.75
ESP,2025,1218912.0
ESP,2026,1181525.375
ESP,2027,1145285.375
ESP,2028,1110157.125
ESP,2029,1076106.25
ESP,2030,1043099.6875
ESP,2031,1011105.4375
ESP,2032,980092.5
EST,2018,34791.6875
EST,2019,33724.29296875
EST,2020,32689.546875
EST,2021,31686.537109375
EST,2022,30714.29296875
EST,2023,29771.869140625
EST,2024,28858.3515625
EST,2025,27972.853515625
EST,2026,27114.515625
EST,2027,26282.50390625
EST,2028,25476.01171875
EST,2029,24694.2578125
EST,2030,23936.482421875
EST,2031,23201.947265625
EST,2032,22489.94140625
ETH,2018,183223.921875
ETH,2019,177604.1875
ETH,2020,172156.375
ETH,2021,166875.65625
ETH,2022,161756.890625
ETH,2023,156795.125
ETH,2024,151985.5625
ETH,2025,147323.515625
ETH,2026,142804.46875
ETH,2027,138424.015625
ETH,2028,134177.921875
ETH,2029,130062.0625
ETH,2030,126072.453125
ETH,2031,122205.21875
ETH,2032,118456.59375
FIN,2018,210573.953125
FIN,2019,204115.453125
FIN,2020,197854.46875
FIN,2021,191785.53125
FIN,2022,185902.734375
FIN,2023,180200.390625
FIN,2024,174672.921875
FIN,2025,169315.0
FIN,2026,164121.421875
FIN,2027,159087.140625
FIN,2028,154207.265625
FIN,2029,149477.078125
FIN,2030,144891.984375
FIN,2031,140447.515625
FIN,2032,136139.359375
FJI,2018,7328.33056640625
FJI,2019,7103.21142578125
FJI,2020,6884.984375
FJI,2021,6673.45068359375
FJI,2022,6468.4052734375
FJI,2023,6269.64892578125
FJI,2024,6076.98876953125
FJI,2025,5890.23779296875
FJI,2026,5709.21533203125
FJI,2027,5533.74462890625
FJI,2028,5363.65625
FJI,2029,5198.78466796875
FJI,2030,5038.9697265625
FJI,2031,4884.05712890625
FJI,2032,4733.89599609375
FRA,2018,2498032.5
FRA,2019,2421419.25
FRA,2020,2347149.25
FRA,2021,2275157.25
FRA,2022,2205373.5
FRA,2023,2137730.0
FRA,2024,2072161.375
FRA,2025,2008604.0
FRA,2026,1946995.875
FRA,2027,1887277.5
FRA,2028,1829390.75
FRA,2029,1773279.625
FRA,2030,1718889.375
FRA,2031,1666167.5
FRA,2032,1615062.5
GAB,2018,33487.84375
GAB,2019,32460.423828125
GAB,2020,31464.44140625
GAB,2021,30499.01171875
GAB,2022,29563.1875
GAB,2023,28656.0703125
GAB,2024,27776.775390625
GAB,2025,26924.453125
GAB,2026,26098.26953125
GAB,2027,25297.4296875
GAB,2028,24521.15234375
GAB,2029,23768.685546875
GAB,2030,23039.296875
GAB,2031,22332.28125
GAB,2032,21646.94921875
GBR,2018,2458125.0
GBR,2019,2382735.75
GBR,2020,2309652.25
GBR,2021,2238810.25
GBR,2022,2170141.25
GBR,2023,2103578.5
GBR,2024,2039057.5
GBR,2025,1976515.375
GBR,2026,1915891.625
GBR,2027,1857127.25
GBR,2028,1800165.25
GBR,2029,1744950.25
GBR,2030,1691428.875
GBR,2031,1639549.125
GBR,2032,1589260.625
GEO,2018,46571.3984375
GEO,2019,45142.72265625
GEO,2020,43757.75
GEO,2021,42415.2578125
GEO,2022,41113.9453125
GEO,2023,39852.546875
GEO,2024,38629.8359375
GEO,2025,37444.62890625
GEO,2026,36295.7734375
GEO,2027,35182.15625
GEO,2028,34102.6953125
GEO,2029,33056.34375
GEO,2030,32042.0859375
GEO,2031,31058.9375
GEO,2032,30105.94140625
GHA,2018,146684.546875
GHA,2019,142185.453125
GHA,2020,137823.984375
GHA,2021,133596.296875
GHA,2022,129498.2890625
GHA,2023,125525.9765625
GHA,2024,121675.5078125
GHA,2025,117943.1328125
GHA,2026,114325.2265625
GHA,2027,110818.2890625
GHA,2028,107418.921875
GHA,2029,104123.8203125
GHA,2030,100929.7890625
GHA,2031,97833.7265625
GHA,2032,94832.6171875
GIN,2018,27763.15625
GIN,2019,26911.30078125
GIN,2020,26085.521484375
GIN,2021,25285.0703125
GIN,2022,24509.171875
GIN,2023,23757.072265625
GIN,2024,23028.041015625
GIN,2025,22321.37109375
GIN,2026,21636.375
GIN,2027,20972.388671875
GIN,2028,20328.76953125
GIN,2029,19704.890625
GIN,2030,19100.1484375
GIN,2031,18513.953125
GIN,2032,17945.73828125
GMB,2018,5019.62646484375
GMB,2019,4865.30322265625
GMB,2020,4715.71728515625
GMB,2021,4570.71923828125
GMB,2022,4430.16845703125
GMB,2023,4293.92919921875
GMB,2024,4161.8681640625
GMB,2025,4033.85791015625
GMB,2026,3909.77392578125
GMB,2027,3789.495849609375
GMB,2028,3672.906982421875
GMB,2029,3559.89404296875
GMB,2030,3450.347412109375
GMB,2031,3344.160888671875
GMB,2032,3241.2314453125
GNB,2018,2808.29052734375
GNB,2019,2721.7822265625
GNB,2020,2637.9423828125
GNB,2021,2556.673828125
GNB,2022,2477.89794921875
GNB,2023,2401.538330078125
GNB,2024,2327.520751953125
GNB,2025,2255.7734375
GNB,2026,2186.2265625
GNB,2027,2118.81298828125
GNB,2028,2053.467041015625
GNB,2029,1990.12548828125
GNB,2030,1928.7266845703125
GNB,2031,1869.2110595703125
GNB,2032,1811.5208740234375
GNQ,2018,30445.859375
GNQ,2019,29511.724609375
GNQ,2020,28606.1875
GNQ,2021,27728.421875
GNQ,2022,26877.580078125
GNQ,2023,26052.8359375
GNQ,2024,25253.390625
GNQ,2025,24478.46484375
GNQ,2026,23727.306640625
GNQ,2027,22999.1875
GNQ,2028,22293.400390625
GNQ,2029,21609.26171875
GNQ,2030,20946.107421875
GNQ,2031,20303.29296875
GNQ,2032,19680.1953125
GRC,2018,236799.265625
GRC,2019,229536.421875
GRC,2020,222495.71875
GRC,2021,215670.984375
GRC,2022,209055.59375
GRC,2023,202643.09375
GRC,2024,196427.265625
GRC,2025,190402.09375
GRC,2026,184561.734375
GRC,2027,178900.515625
GRC,2028,173412.9375
GRC,2029,168093.671875
GRC,2030,162937.5625
GRC,2031,157939.59375
GRC,2032,153094.921875
GRD,2018,1349.1689453125
GRD,2019,1307.4285888671875
GRD,2020,1266.9693603515625
GRD,2021,1227.7510986328125
GRD,2022,1189.7357177734375
GRD,2023,1152.8863525390625
GRD,2024,1117.167236328125
GRD,2025,1082.543701171875
GRD,2026,1048.982177734375
GRD,2027,1016.4500122070312
GRD,2028,984.9157104492188
GRD,2029,954.3486328125
GRD,2030,924.7191162109375
GRD,2031,895.9984130859375
GRD,2032,868.1585083007812
GTM,2018,119401.9375
GTM,2019,115739.6015625
GTM,2020,112189.2890625
GTM,2021,108747.875
GTM,2022,105412.0078125
GTM,2023,102178.46875
GTM,2024,99044.1015625
GTM,2025,96005.8671875
GTM,2026,93060.828125
GTM,2027,90206.1171875
GTM,2028,87438.9609375
GTM,2029,84756.6796875
GTM,2030,82156.6796875
GTM,2031,79636.421875
GTM,2032,77193.4609375
HND,2018,40765.3046875
HND,2019,39514.703125
HND,2020,38302.35546875
HND,2021,37127.19140625
HND,2022,35988.0703125
HND,2023,34883.890625
HND,2024,33813.578125
HND,2025,32776.09375
HND,2026,31770.43359375
HND,2027,30795.6171875
HND,2028,29850.69921875
HND,2029,28934.763671875
HND,2030,28046.923828125
HND,2031,27186.314453125
HND,2032,26352.1015625
HRV,2018,89226.5390625
HRV,2019,86489.6640625
HRV,2020,83836.5
HRV,2021,81264.7109375
HRV,2022,78771.8125
HRV,2023,76355.3828125
HRV,2024,74013.0625
HRV,2025,71742.5859375
HRV,2026,69541.75
HRV,2027,67408.4140625
HRV,2028,65340.51171875
HRV,2029,63336.0390625
HRV,2030,61393.046875
HRV,2031,59509.64453125
HRV,2032,57684.015625
HTI,2018,18747.7109375
HTI,2019,18172.35546875
HTI,2020,17614.6171875
HTI,2021,17073.986328125
HTI,2022,16549.9375
HTI,2023,16041.9619140625
HTI,2024,15549.56640625
HTI,2025,15072.2744140625
HTI,2026,14609.6220703125
HTI,2027,14161.1591796875
HTI,2028,13726.451171875
HTI,2029,13305.076171875
HTI,2030,12896.626953125
HTI,2031,12500.705078125
HTI,2032,12116.927734375
HUN,2018,237671.828125
HUN,2019,230382.234375
HUN,2020,223315.59375
HUN,2021,216465.71875
HUN,2022,209825.9375
HUN,2023,203389.796875
HUN,2024,197151.078125
HUN,2025,191103.71875
HUN,2026,185241.84375
HUN,2027,179559.75
HUN,2028,174051.953125
HUN,2029,168713.078125
HUN,2030,163537.96875
HUN,2031,158521.578125
HUN,2032,153659.0625
IDN,2018,2871403.5
IDN,2019,2783339.0
IDN,2020,2697968.0
IDN,2021,2615215.5
IDN,2022,2535001.5
IDN,2023,2457247.75
IDN,2024,2381879.0
IDN,2025,2308821.75
IDN,2026,2238005.5
IDN,2027,2169361.0
IDN,2028,2102822.25
IDN,2029,2038324.375
IDN,2030,1975804.75
IDN,2031,1915202.875
IDN,2032,1856459.625
IND,2018,8536926.0
IND,2019,8275104.0
IND,2020,8021289.5
IND,2021,7775260.0
IND,2022,7536778.0
IND,2023,7305610.0
IND,2024,7081532.5
IND,2025,6864328.5
IND,2026,6653786.0
IND,2027,6449702.0
IND,2028,6251877.0
IND,2029,6060119.5
IND,2030,5874244.0
IND,2031,5694069.5
IND,2032,5519421.0
IRL,2018,343807.0625
IRL,2019,333262.40625
IRL,2020,323040.28125
IRL,2021,313131.65625
IRL,2022,303526.96875
IRL,2023,294216.875
IRL,2024,285192.34375
IRL,2025,276444.59375
IRL,2026,267965.15625
IRL,2027,259745.796875
IRL,2028,251778.53125
IRL,2029,244055.640625
IRL,2030,236569.640625
IRL,2031,229313.234375
IRL,2032,222279.390625
IRN,2018,1499571.375
IRN,2019,1453580.375
IRN,2020,1408995.875
IRN,2021,1365779.0
IRN,2022,1323887.625
IRN,2023,1283281.125
IRN,2024,1243920.125
IRN,2025,1205766.375
IRN,2026,1168783.0
IRN,2027,1132933.875
IRN,2028,1098184.375
IRN,2029,1064500.625
IRN,2030,1031850.0
IRN,2031,1000200.8125
IRN,2032,969522.375
IRQ,2018,582059.375
IRQ,2019,564207.6875
IRQ,2020,546902.0
IRQ,2021,530127.125
IRQ,2022,513866.78125
IRQ,2023,498105.1875
IRQ,2024,482827.0
IRQ,2025,468017.4375
IRQ,2026,453662.09375
IRQ,2027,439747.09375
IRQ,2028,426258.90625
IRQ,2029,413184.40625
IRQ,2030,400510.90625
IRQ,2031,388226.125
IRQ,2032,376318.15625
ISL,2018,14924.4609375
ISL,2019,14466.380859375
ISL,2020,14022.3115234375
ISL,2021,13591.86328125
ISL,2022,13174.6171875
ISL,2023,12770.169921875
ISL,2024,12378.126953125
ISL,2025,11998.109375
ISL,2026,11629.7470703125
ISL,2027,11272.6826171875
ISL,2028,10926.5703125
ISL,2029,10591.07421875
ISL,2030,10265.869140625
ISL,2031,9950.63671875
ISL,2032,9645.07421875
ISR,2018,264133.96875
ISR,2019,256032.8125
ISR,2020,248179.4375
ISR,2021,240566.9375
ISR,2022,233187.9375
ISR,2023,226035.265625
ISR,2024,219101.96875
ISR,2025,212381.328125
ISR,2026,205866.828125
ISR,2027,199552.140625
ISR,2028,193431.140625
ISR,2029,187497.859375
ISR,2030,181746.578125
ISR,2031,176171.703125
ISR,2032,170767.8125
ITA,2018,2061165.75
ITA,2019,1997951.0
ITA,2020,1936669.625
ITA,2021,1877268.0
ITA,2022,1819688.25
ITA,2023,1763874.625
ITA,2024,1709772.875
ITA,2025,1657330.625
ITA,2026,1606496.875
ITA,2027,1557222.125
ITA,2028,1509458.875
ITA,2029,1463160.625
ITA,2030,1418282.375
ITA,2031,1374780.625
ITA,2032,1332613.125
JAM,2018,19389.734375
JAM,2019,18794.703125
JAM,2020,18217.875
JAM,2021,17658.740234375
JAM,2022,17116.7578125
JAM,2023,16591.396484375
JAM,2024,16082.150390625
JAM,2025,15588.521484375
JAM,2026,15110.03515625
JAM,2027,14646.2236328125
JAM,2028,14196.6396484375
JAM,2029,13760.84375
JAM,2030,13338.4140625
JAM,2031,12928.9423828125
JAM,2032,12532.029296875
JOR,2018,87881.8046875
JOR,2019,85186.171875
JOR,2020,82572.9921875
JOR,2021,80039.9609375
JOR,2022,77584.625
JOR,2023,75204.6015625
JOR,2024,72897.578125
JOR,2025,70661.3125
JOR,2026,68493.640625
JOR,2027,66392.4453125
JOR,2028,64355.703125
JOR,2029,62381.4296875
JOR,2030,60467.71484375
JOR,2031,58612.6953125
JOR,2032,56814.57421875
JPN,2018,4887428.0
JPN,2019,4737534.0
JPN,2020,4592224.0
JPN,2021,4451371.0
JPN,2022,4314838.5
JPN,2023,4182494.0
JPN,2024,4054208.5
JPN,2025,3929857.5
JPN,2026,3809321.0
JPN,2027,3692481.5
JPN,2028,3579225.5
JPN,2029,3469443.5
JPN,2030,3363028.75
JPN,2031,3259877.75
JPN,2032,3159890.5
KAZ,2018,431724.21875
KAZ,2019,418483.21875
KAZ,2020,405647.15625
KAZ,2021,393204.84375
KAZ,2022,381144.15625
KAZ,2023,369453.40625
KAZ,2024,358121.21875
KAZ,2025,347136.59375
KAZ,2026,336488.90625
KAZ,2027,326167.78125
KAZ,2028,316163.21875
KAZ,2029,306465.53125
KAZ,2030,297065.28125
KAZ,2031,287953.375
KAZ,2032,279120.96875
KEN,2018,149486.21875
KEN,2019,144901.203125
KEN,2020,140456.421875
KEN,2021,136147.984375
KEN,2022,131971.703125
KEN,2023,127923.5234375
KEN,2024,123999.5078125
KEN,2025,120195.8515625
KEN,2026,116508.859375
KEN,2027,112934.953125
KEN,2028,109470.6640625
KEN,2029,106112.6328125
KEN,2030,102857.6015625
KEN,2031,99702.4140625
KEN,2032,96643.9921875
KGZ,2018,29209.921875
KGZ,2019,28313.7109375
KGZ,2020,27444.916015625
KGZ,2021,26602.771484375
KGZ,2022,25786.455078125
KGZ,2023,24995.1796875
KGZ,2024,24228.173828125
KGZ,2025,23484.69140625
KGZ,2026,22764.015625
KGZ,2027,22065.44140625
KGZ,2028,21388.296875
KGZ,2029,20731.919921875
KGZ,2030,20095.67578125
KGZ,2031,19478.9453125
KGZ,2032,18881.1328125
KHM,2018,53631.34765625
KHM,2019,51986.1484375
KHM,2020,50391.2734375
KHM,2021,48845.3203125
KHM,2022,47346.78125
KHM,2023,45894.20703125
KHM,2024,44486.1875
KHM,2025,43121.35546875
KHM,2026,41798.3828125
KHM,2027,40515.9921875
KHM,2028,39272.9296875
KHM,2029,38067.99609375
KHM,2030,36900.01953125
KHM,2031,35767.8671875
KHM,2032,34670.44140625
KNA,2018,1171.2611083984375
KNA,2019,1134.97802734375
KNA,2020,1099.8082275390625
KNA,2021,1065.7171630859375
KNA,2022,1032.671630859375
KNA,2023,1000.6397094726562
KNA,2024,969.5902709960938
KNA,2025,939.4932861328125
KNA,2026,910.3193359375
KNA,2027,882.0403442382812
KNA,2028,854.6286010742188
KNA,2029,828.0576782226562
KNA,2030,802.3016967773438
KNA,2031,777.335693359375
KNA,2032,753.1354370117188
KOR,2018,1836313.75
KOR,2019,1779995.0
KOR,2020,1725398.75
KOR,2021,1672477.125
KOR,2022,1621178.625
KOR,2023,1571453.75
KOR,2024,1523253.875
KOR,2025,1476532.375
KOR,2026,1431244.0
KOR,2027,1387344.625
KOR,2028,1344791.875
KOR,2029,1303544.125
KOR,2030,1263561.625
KOR,2031,1224805.375
KOR,2032,1187237.875
KWT,2018,263698.3125
KWT,2019,255610.5
KWT,2020,247770.0625
KWT,2021,240170.109375
KWT,2022,232803.265625
KWT,2023,225662.390625
KWT,2024,218740.515625
KWT,2025,212030.984375
KWT,2026,205527.21875
KWT,2027,199222.953125
KWT,2028,193112.046875
KWT,2029,187188.578125
KWT,2030,181446.796875
KWT,2031,175881.109375
KWT,2032,170486.140625
LAO,2018,46824.73046875
LAO,2019,45388.2734375
LAO,2020,43995.76953125
LAO,2021,42645.9765625
LAO,2022,41337.5859375
LAO,2023,40069.32421875
LAO,2024,38839.9609375
LAO,2025,37648.3046875
LAO,2026,36493.203125
LAO,2027,35373.53125
LAO,2028,34288.203125
LAO,2029,33236.1640625
LAO,2030,32216.392578125
LAO,2031,31227.896484375
LAO,2032,30269.72265625
LBN,2018,81239.21875
LBN,2019,78747.3046875
LBN,2020,76331.6171875
LBN,2021,73990.0234375
LBN,2022,71720.2578125
LBN,2023,69520.1015625
LBN,2024,67387.4296875
LBN,2025,65320.16796875
LBN,2026,63316.3125
LBN,2027,61373.921875
LBN,2028,59491.109375
LBN,2029,57666.046875
LBN,2030,55896.95703125
LBN,2031,54182.1328125
LBN,2032,52519.90625
LBR,2018,4179.9775390625
LBR,2019,4051.402099609375
LBR,2020,3926.7802734375
LBR,2021,3805.98046875
LBR,2022,3688.8857421875
LBR,2023,3575.3828125
LBR,2024,3465.361083984375
LBR,2025,3358.714111328125
LBR,2026,3255.338134765625
LBR,2027,3155.1328125
LBR,2028,3058.0009765625
LBR,2029,2963.848388671875
LBR,2030,2872.583740234375
LBR,2031,2784.1181640625
LBR,2032,2698.365966796875
LCA,2018,2132.017822265625
LCA,2019,2066.268310546875
LCA,2020,2002.533935546875
LCA,2021,1940.75439453125
LCA,2022,1880.8697509765625
LCA,2023,1822.822021484375
LCA,2024,1766.5548095703125
LCA,2025,1712.01318359375
LCA,2026,1659.14453125
LCA,2027,1607.8975830078125
LCA,2028,1558.222412109375
LCA,2029,1510.07080078125
LCA,2030,1463.396240234375
LCA,2031,1418.153076171875
LCA,2032,1374.2977294921875
LKA,2018,250695.421875
LKA,2019,243006.40625
LKA,2020,235552.5625
LKA,2021,228327.34375
LKA,2022,221323.75
LKA,2023,214534.96875
LKA,2024,207954.40625
LKA,2025,201575.6875
LKA,2026,195392.609375
LKA,2027,189399.1875
LKA,2028,183589.578125
LKA,2029,177958.171875
LKA,2030,172499.5
LKA,2031,167208.25
LKA,2032,162079.296875
LSO,2018,5850.49755859375
LSO,2019,5670.68701171875
LSO,2020,5496.3984375
LSO,2021,5327.45556640625
LSO,2022,5163.6943359375
LSO,2023,5004.9560546875
LSO,2024,4851.0869140625
LSO,2025,4701.93701171875
LSO,2026,4557.36181640625
LSO,2027,4417.22119140625
LSO,2028,4281.37841796875
LSO,2029,4149.70263671875
LSO,2030,4022.0654296875
LSO,2031,3898.34326171875
LSO,2032,3778.415771484375
LTU,2018,74661.3046875
LTU,2019,72371.1328125
LTU,2020,70151.0078125
LTU,2021,67998.984375
LTU,2022,65912.96875
LTU,2023,63890.9375
LTU,2024,61930.921875
LTU,2025,60031.0234375
LTU,2026,58189.3984375
LTU,2027,56404.2578125
LTU,2028,54673.875
LTU,2029,52996.56640625
LTU,2030,51370.703125
LTU,2031,49794.703125
LTU,2032,48267.046875
LUX,2018,31937.890625
LUX,2019,30958.021484375
LUX,2020,30008.119140625
LUX,2021,29087.35546875
LUX,2022,28194.8359375
LUX,2023,27329.69140625
LUX,2024,26491.080078125
LUX,2025,25678.19140625
LUX,2026,24890.234375
LUX,2027,24126.4453125
LUX,2028,23386.0859375
LUX,2029,22668.43359375
LUX,2030,21972.79296875
LUX,2031,21298.48828125
LUX,2032,20644.8671875
LVA,2018,45230.96875
LVA,2019,43843.40625
LVA,2020,42498.28515625
LVA,2021,41194.42578125
LVA,2022,39930.5546875
LVA,2023,38705.453125
LVA,2024,37517.92578125
LVA,2025,36366.82421875
LVA,2026,35251.0234375
LVA,2027,34169.44921875
LVA,2028,33121.05078125
LVA,2029,32104.80859375
LVA,2030,31119.736328125
LVA,2031,30164.87890625
LVA,2032,29239.30859375
MAR,2018,292047.78125
MAR,2019,283090.53125
MAR,2020,274407.25
MAR,2021,265990.34375
MAR,2022,257831.546875
MAR,2023,249922.984375
MAR,2024,242257.015625
MAR,2025,234826.1875
MAR,2026,227623.265625
MAR,2027,220641.265625
MAR,2028,213873.40625
MAR,2029,207313.140625
MAR,2030,200954.09375
MAR,2031,194790.09375
MAR,2032,188815.140625
MDA,2018,23995.51953125
MDA,2019,23259.23046875
MDA,2020,22545.46875
MDA,2021,21853.59765625
MDA,2022,21182.94921875
MDA,2023,20532.87109375
MDA,2024,19902.73046875
MDA,2025,19291.91796875
MDA,2026,18699.841796875
MDA,2027,18125.92578125
MDA,2028,17569.61328125
MDA,2029,17030.361328125
MDA,2030,16507.6484375
MDA,2031,16000.970703125
MDA,2032,15509.8330078125
MDG,2018,37964.796875
MDG,2019,36800.07421875
MDG,2020,35670.98828125
MDG,2021,34576.53515625
MDG,2022,33515.65234375
MDG,2023,32487.306640625
MDG,2024,31490.5
MDG,2025,30524.26953125
MDG,2026,29587.67578125
MDG,2027,28679.80859375
MDG,2028,27799.78515625
MDG,2029,26946.755859375
MDG,2030,26119.890625
MDG,2031,25318.38671875
MDG,2032,24541.466796875
MDV,2018,7807.685546875
MDV,2019,7567.86962890625
MDV,2020,7335.39013671875
MDV,2021,7110.0419921875
MDV,2022,6891.60595703125
MDV,2023,6679.86962890625
MDV,2024,6474.62744140625
MDV,2025,6275.6806640625
MDV,2026,6082.8359375
MDV,2027,5895.90576171875
MDV,2028,5714.70947265625
MDV,2029,5539.07080078125
MDV,2030,5368.81884765625
MDV,2031,5203.7890625
MDV,2032,5043.8212890625
MEX,2018,2111512.5
MEX,2019,2046753.5
MEX,2020,1983975.125
MEX,2021,1923122.625
MEX,2022,1864136.625
MEX,2023,1806959.75
MEX,2024,1751536.375
MEX,2025,1697813.125
MEX,2026,1645737.625
MEX,2027,1595259.375
MEX,2028,1546329.375
MEX,2029,1498900.125
MEX,2030,1452925.625
MEX,2031,1408361.375
MEX,2032,1365163.875
MKD,2018,26020.23828125
MKD,2019,25221.85546875
MKD,2020,24447.89453125
MKD,2021,23697.671875
MKD,2022,22970.4609375
MKD,2023,22265.556640625
MKD,2024,21582.2734375
MKD,2025,20919.947265625
MKD,2026,20277.93359375
MKD,2027,19655.61328125
MKD,2028,19052.380859375
MKD,2029,18467.650390625
MKD,2030,17900.85546875
MKD,2031,17351.4453125
MKD,2032,16818.88671875
MLI,2018,44975.78125
MLI,2019,43596.0234375
MLI,2020,42258.4921875
MLI,2021,40961.98828125
MLI,2022,39705.25
MLI,2023,38487.0546875
MLI,2024,37306.2265625
MLI,2025,36161.6171875
MLI,2026,35052.11328125
MLI,2027,33976.640625
MLI,2028,32934.15625
MLI,2029,31923.646484375
MLI,2030,30944.1328125
MLI,2031,29994.66015625
MLI,2032,29074.310546875
MLT,2018,13517.05859375
MLT,2019,13102.140625
MLT,2020,12699.916015625
MLT,2021,12310.02734375
MLT,2022,11932.09765625
MLT,2023,11565.759765625
MLT,2024,11210.658203125
MLT,2025,10866.4482421875
MLT,2026,10532.7958984375
MLT,2027,10209.376953125
MLT,2028,9895.87890625
MLT,2029,9591.99609375
MLT,2030,9297.43359375
MLT,2031,9011.90625
MLT,2032,8735.13671875
MMR,2018,292333.03125
MMR,2019,283367.03125
MMR,2020,274675.28125
MMR,2021,266250.09375
MMR,2022,258083.34375
MMR,2023,250167.0625
MMR,2024,242493.59375
MMR,2025,235055.484375
MMR,2026,227845.515625
MMR,2027,220856.6875
MMR,2028,214082.21875
MMR,2029,207515.5625
MMR,2030,201150.296875
MMR,2031,194980.265625
MMR,2032,188999.484375
MNE,2018,10918.779296875
MNE,2019,10583.548828125
MNE,2020,10258.5732421875
MNE,2021,9943.56640625
MNE,2022,9638.220703125
MNE,2023,9342.2412109375
MNE,2024,9055.33984375
MNE,2025,8777.23828125
MNE,2026,8507.666015625
MNE,2027,8246.3623046875
MNE,2028,7993.07275390625
MNE,2029,7747.55224609375
MNE,2030,7509.5625
MNE,2031,7278.87255859375
MNE,2032,7055.2578125
MNG,2018,37783.4140625
MNG,2019,36624.26171875
MNG,2020,35500.5703125
MNG,2021,34411.34375
MNG,2022,33355.5234375
MNG,2023,32332.087890625
MNG,2024,31340.044921875
MNG,2025,30378.427734375
MNG,2026,29446.306640625
MNG,2027,28542.775390625
MNG,2028,27666.95703125
MNG,2029,26818.0
MNG,2030,25995.08203125
MNG,2031,25197.40625
MNG,2032,24424.1953125
MOZ,2018,31813.0859375
MOZ,2019,30837.025390625
MOZ,2020,29890.837890625
MOZ,2021,28973.671875
MOZ,2022,28084.63671875
MOZ,2023,27222.87109375
MOZ,2024,26387.53515625
MOZ,2025,25577.8203125
MOZ,2026,24792.94140625
MOZ,2027,24032.13671875
MOZ,2028,23294.669921875
MOZ,2029,22579.8203125
MOZ,2030,21886.896484375
MOZ,2031,21215.228515625
MOZ,2032,20564.16015625
MRT,2018,14071.931640625
MRT,2019,13639.978515625
MRT,2020,13221.2578125
MRT,2021,12815.3798828125
MRT,2022,12421.951171875
MRT,2023,12040.5888671875
MRT,2024,11670.923828125
MRT,2025,11312.5966796875
MRT,2026,10965.26171875
MRT,2027,10628.5791015625
MRT,2028,10302.22265625
MRT,2029,9985.876953125
MRT,2030,9679.2333984375
MRT,2031,9381.99609375
MRT,2032,9093.875
MUS,2018,25410.140625
MUS,2019,24630.470703125
MUS,2020,23874.6484375
MUS,2021,23142.01171875
MUS,2022,22431.845703125
MUS,2023,21743.4609375
MUS,2024,21076.19140625
MUS,2025,20429.38671875
MUS,2026,19802.421875
MUS,2027,19194.6875
MUS,2028,18605.591796875
MUS,2029,18034.56640625
MUS,2030,17481.0546875
MUS,2031,16944.51953125
MUS,2032,16424.44140625
MWI,2018,20250.14453125
MWI,2019,19628.712890625
MWI,2020,19026.3046875
MWI,2021,18442.375
MWI,2022,17876.35546875
MWI,2023,17327.6953125
MWI,2024,16795.865234375
MWI,2025,16280.34765625
MWI,2026,15780.640625
MWI,2027,15296.26171875
MWI,2028,14826.73828125
MWI,2029,14371.6171875
MWI,2030,13930.4541015625
MWI,2031,13502.8232421875
MWI,2032,13088.30859375
MYS,2018,756564.6875
MYS,2019,733361.0625
MYS,2020,710867.0625
MYS,2021,689063.0625
MYS,2022,667927.8125
MYS,2023,647440.8125
MYS,2024,627582.1875
MYS,2025,608332.6875
MYS,2026,589673.625
MYS,2027,571586.875
MYS,2028,554054.875
MYS,2029,537060.5625
MYS,2030,520587.5625
MYS,2031,504619.78125
MYS,2032,489141.78125
NAM,2018,22348.203125
NAM,2019,21662.4296875
NAM,2020,20997.64453125
NAM,2021,20353.25
NAM,2022,19728.619140625
NAM,2023,19123.1484375
NAM,2024,18536.24609375
NAM,2025,17967.34765625
NAM,2026,17415.8984375
NAM,2027,16881.361328125
NAM,2028,16363.220703125
NAM,2029,15860.9716796875
NAM,2030,15374.1279296875
NAM,2031,14902.216796875
NAM,2032,14444.7802734375
NER,2018,19156.830078125
NER,2019,18568.91796875
NER,2020,17999.017578125
NER,2021,17446.59765625
NER,2022,16911.12109375
NER,2023,16392.068359375
NER,2024,15888.935546875
NER,2025,15401.2333984375
NER,2026,14928.4921875
NER,2027,14470.25
NER,2028,14026.0634765625
NER,2029,13595.5
NER,2030,13178.142578125
NER,2031,12773.5859375
NER,2032,12381.4384765625
NGA,2018,979387.0625
NGA,2019,949349.625
NGA,2020,920230.8125
NGA,2021,892005.1875
NGA,2022,864645.3125
NGA,2023,838124.625
NGA,2024,812417.3125
NGA,2025,787498.5625
NGA,2026,763344.1875
NGA,2027,739930.5625
NGA,2028,717235.0625
NGA,2029,695235.6875
NGA,2030,673911.125
NGA,2031,653240.625
NGA,2032,633204.125
NIC,2018,31794.234375
NIC,2019,30818.765625
NIC,2020,29873.13671875
NIC,2021,28956.513671875
NIC,2022,28068.005859375
NIC,2023,27206.75
NIC,2024,26371.91015625
NIC,2025,25562.67578125
NIC,2026,24778.263671875
NIC,2027,24017.91015625
NIC,2028,23280.876953125
NIC,2029,22566.44921875
NIC,2030,21873.9375
NIC,2031,21202.6640625
NIC,2032,20551.982421875
NLD,2018,787572.1875
NLD,2019,763417.5625
NLD,2020,740001.6875
NLD,2021,717304.0625
NLD,2022,695302.625
NLD,2023,673976.0
NLD,2024,653303.5
NLD,2025,633265.0625
NLD,2026,613841.25
NLD,2027,595013.1875
NLD,2028,576762.625
NLD,2029,559071.8125
NLD,2030,541923.6875
NLD,2031,525301.5
NLD,2032,509189.15625
NOR,2018,431252.15625
NOR,2019,418025.59375
NOR,2020,405203.59375
NOR,2021,392774.875
NOR,2022,380727.34375
NOR,2023,369049.34375
NOR,2024,357729.53125
NOR,2025,346756.9375
NOR,2026,336120.90625
NOR,2027,325811.09375
NOR,2028,315817.5
NOR,2029,306130.4375
NOR,2030,296740.46875
NOR,2031,287638.53125
NOR,2032,278815.75
NPL,2018,74697.1796875
NPL,2019,72405.90625
NPL,2020,70184.71875
NPL,2021,68031.6640625
NPL,2022,65944.640625
NPL,2023,63921.63671875
NPL,2024,61960.6796875
NPL,2025,60059.8671875
NPL,2026,58217.35546875
NPL,2027,56431.36328125
NPL,2028,54700.1484375
NPL,2029,53022.03125
NPL,2030,51395.38671875
NPL,2031,49818.63671875
NPL,2032,48290.2421875
NZL,2018,165439.703125
NZL,2019,160365.421875
NZL,2020,155446.34375
NZL,2021,150678.15625
NZL,2022,146056.203125
NZL,2023,141576.015625
NZL,2024,137233.234375
NZL,2025,133023.65625
NZL,2026,128943.2109375
NZL,2027,124987.921875
NZL,2028,121153.9375
NZL,2029,117437.5546875
NZL,2030,113835.15625
NZL,2031,110343.2578125
NZL,2032,106958.46875
OMN,2018,175262.375
OMN,2019,169886.828125
OMN,2020,164675.703125
OMN,2021,159624.421875
OMN,2022,154728.0625
OMN,2023,149981.890625
OMN,2024,145381.296875
OMN,2025,140921.796875
OMN,2026,136599.09375
OMN,2027,132408.96875
OMN,2028,128347.375
OMN,2029,124410.359375
OMN,2030,120594.09375
OMN,2031,116894.8828125
OMN,2032,113309.1328125
PAK,2018,997378.3125
PAK,2019,966789.0625
PAK,2020,937135.4375
PAK,2021,908391.3125
PAK,2022,880528.8125
PAK,2023,853520.9375
PAK,2024,827341.4375
PAK,2025,801964.9375
PAK,2026,777366.8125
PAK,2027,753523.0625
PAK,2028,730410.6875
PAK,2029,708007.1875
PAK,2030,686290.875
PAK,2031,665240.6875
PAK,2032,644836.125
PAN,2018,88033.328125
PAN,2019,85333.046875
PAN,2020,82715.3671875
PAN,2021,80177.96875
PAN,2022,77718.3984375
PAN,2023,75334.2734375
PAN,2024,73023.265625
PAN,2025,70783.1484375
PAN,2026,68611.734375
PAN,2027,66506.921875
PAN,2028,64466.671875
PAN,2029,62488.9921875
PAN,2030,60571.97265625
PAN,2031,58713.7578125
PAN,2032,56912.53515625
PER,2018,369749.53125
PER,2019,358409.25
PER,2020,347415.78125
PER,2021,336759.53125
PER,2022,326430.09375
PER,2023,316417.53125
PER,2024,306712.0625
PER,2025,297304.28125
PER,2026,288185.03125
PER,2027,279345.5
PER,2028,270777.09375
PER,2029,262471.53125
PER,2030,254420.671875
PER,2031,246616.734375
PER,2032,239052.171875
PHL,2018,789156.0625
PHL,2019,764952.8125
PHL,2020,741489.8125
PHL,2021,718746.5
PHL,2022,696700.8125
PHL,2023,675331.3125
PHL,2024,654617.25
PHL,2025,634538.5625
PHL,2026,615075.6875
PHL,2027,596209.8125
PHL,2028,577922.5625
PHL,2029,560196.1875
PHL,2030,543013.5
PHL,2031,526357.875
PHL,2032,510213.15625
POL,2018,1000023.0625
POL,2019,969352.6875
POL,2020,939620.375
POL,2021,910800.0625
POL,2022,882863.6875
POL,2023,855784.1875
POL,2024,829535.3125
POL,2025,804091.5
POL,2026,779428.1875
POL,2027,755521.25
POL,2028,732347.625
POL,2029,709884.75
POL,2030,688110.8125
POL,2031,667004.8125
POL,2032,646546.125
PRT,2018,247198.46875
PRT,2019,239616.703125
PRT,2020,232266.8125
PRT,2021,225142.375
PRT,2022,218236.46875
PRT,2023,211542.359375
PRT,2024,205053.59375
PRT,2025,198763.84375
PRT,2026,192667.015625
PRT,2027,186757.1875
PRT,2028,181028.625
PRT,2029,175475.765625
PRT,2030,170093.234375
PRT,2031,164875.78125
PRT,2032,159818.359375
PRY,2018,59331.0546875
PRY,2019,57511.05078125
PRY,2020,55746.71875
PRY,2021,54036.5
PRY,2022,52378.7421875
PRY,2023,50771.828125
PRY,2024,49214.203125
PRY,2025,47704.3515625
PRY,2026,46240.80859375
PRY,2027,44822.15625
PRY,2028,43447.015625
PRY,2029,42114.0546875
PRY,2030,40821.9765625
PRY,2031,39569.53125
PRY,2032,38355.5
PSE,2018,23939.857421875
PSE,2019,23205.27734375
PSE,2020,22493.16796875
PSE,2021,21802.90234375
PSE,2022,21133.80859375
PSE,2023,20485.236328125
PSE,2024,19856.55859375
PSE,2025,19247.1640625
PSE,2026,18656.458984375
PSE,2027,18083.873046875
PSE,2028,17528.849609375
PSE,2029,16990.84765625
PSE,2030,16469.34765625
PSE,2031,15963.8447265625
PSE,2032,15473.845703125
QAT,2018,351167.90625
QAT,2019,340397.46875
QAT,2020,329956.46875
QAT,2021,319835.71875
QAT,2022,310025.40625
QAT,2023,300515.96875
QAT,2024,291298.21875
QAT,2025,282363.1875
QAT,2026,273702.21875
QAT,2027,265306.90625
QAT,2028,257169.0625
QAT,2029,249280.84375
QAT,2030,241634.578125
QAT,2031,234222.828125
QAT,2032,227038.40625
ROU,2018,433938.625
ROU,2019,420629.71875
ROU,2020,407727.84375
ROU,2021,395221.71875
ROU,2022,383099.15625
ROU,2023,371348.40625
ROU,2024,359958.09375
ROU,2025,348917.15625
ROU,2026,338214.875
ROU,2027,327840.8125
ROU,2028,317784.96875
ROU,2029,308037.5625
ROU,2030,298589.09375
ROU,2031,289430.4375
ROU,2032,280552.71875
RUS,2018,3645375.0
RUS,2019,3533573.25
RUS,2020,3425191.25
RUS,2021,3320133.5
RUS,2022,3218298.5
RUS,2023,3119586.75
RUS,2024,3023902.75
RUS,2025,2931153.25
RUS,2026,2841248.5
RUS,2027,2754101.5
RUS,2028,2669627.5
RUS,2029,2587744.5
RUS,2030,2508373.0
RUS,2031,2431436.0
RUS,2032,2356858.75
RWA,2018,22921.69140625
RWA,2019,22218.330078125
RWA,2020,21536.494140625
RWA,2021,20875.572265625
RWA,2022,20234.919921875
RWA,2023,19613.91796875
RWA,2024,19011.96484375
RWA,2025,18428.474609375
RWA,2026,17862.880859375
RWA,2027,17314.634765625
RWA,2028,16783.203125
RWA,2029,16268.072265625
RWA,2030,15768.7412109375
RWA,2031,15284.7255859375
RWA,2032,14815.556640625
SAU,2018,1655129.25
SAU,2019,1604367.375
SAU,2020,1555158.0
SAU,2021,1507458.0
SAU,2022,1461221.125
SAU,2023,1416402.375
SAU,2024,1372958.375
SAU,2025,1330846.875
SAU,2026,1290027.125
SAU,2027,1250459.25
SAU,2028,1212105.0
SAU,2029,1174927.125
SAU,2030,1138889.5
SAU,2031,1103957.25
SAU,2032,1070096.375
SDN,2018,167232.0
SDN,2019,162102.734375
SDN,2020,157130.359375
SDN,2021,152310.515625
SDN,2022,147638.484375
SDN,2023,143109.765625
SDN,2024,138719.953125
SDN,2025,134464.78125
SDN,2026,130340.1328125
SDN,2027,126341.9921875
SDN,2028,122466.4765625
SDN,2029,118709.8359375
SDN,2030,115068.421875
SDN,2031,111538.6953125
SDN,2032,108117.234375
SEN,2018,47999.8203125
SEN,2019,46527.328125
SEN,2020,45099.8828125
SEN,2021,43716.2265625
SEN,2022,42375.0078125
SEN,2023,41074.9296875
SEN,2024,39814.7265625
SEN,2025,38593.1796875
SEN,2026,37409.09375
SEN,2027,36261.328125
SEN,2028,35148.765625
SEN,2029,34070.328125
SEN,2030,33024.96875
SEN,2031,32011.673828125
SEN,2032,31029.45703125
SGP,2018,384313.09375
SGP,2019,372526.15625
SGP,2020,361099.71875
SGP,2021,350023.75
SGP,2022,339287.53125
SGP,2023,328880.59375
SGP,2024,318792.84375
SGP,2025,309014.53125
SGP,2026,299536.125
SGP,2027,290348.40625
SGP,2028,281442.53125
SGP,2029,272809.8125
SGP,2030,264441.875
SGP,2031,256330.5625
SGP,2032,248468.046875
SLE,2018,11218.21875
SLE,2019,10873.7763671875
SLE,2020,10539.8994140625
SLE,2021,10216.263671875
SLE,2022,9902.5537109375
SLE,2023,9598.4658203125
SLE,2024,9303.705078125
SLE,2025,9017.9853515625
SLE,2026,8741.029296875
SLE,2027,8472.568359375
SLE,2028,8212.3408203125
SLE,2029,7960.0947265625
SLE,2030,7715.58544921875
SLE,2031,7478.576171875
SLE,2032,7248.83642578125
SLV,2018,43945.296875
SLV,2019,42597.1640625
SLV,2020,41290.26953125
SLV,2021,40023.4609375
SLV,2022,38795.5078125
SLV,2023,37605.21875
SLV,2024,36451.4375
SLV,2025,35333.046875
SLV,2026,34248.9609375
SLV,2027,33198.125
SLV,2028,32179.517578125
SLV,2029,31192.154296875
SLV,2030,30235.076171875
SLV,2031,29307.349609375
SLV,2032,28408.078125
SRB,2018,97480.1484375
SRB,2019,94490.1484375
SRB,2020,91591.59375
SRB,2021,88781.9453125
SRB,2022,86058.4765625
SRB,2023,83418.5390625
SRB,2024,80859.5703125
SRB,2025,78379.1015625
SRB,2026,75974.703125
SRB,2027,73644.0546875
SRB,2028,71384.8984375
SRB,2029,69195.03125
SRB,2030,67072.3359375
SRB,2031,65014.7421875
SRB,2032,63020.2578125
STP,2018,773.9417114257812
STP,2019,749.8390502929688
STP,2020,726.4822387695312
STP,2021,703.8418579101562
STP,2022,681.8958129882812
STP,2023,660.6229248046875
STP,2024,640.0025024414062
STP,2025,620.0145874023438
STP,2026,600.6397094726562
STP,2027,581.8590698242188
STP,2028,563.6544799804688
STP,2029,546.00830078125
STP,2030,528.9033203125
STP,2031,512.3229370117188
STP,2032,496.2511291503906
SUR,2018,6443.408203125
SUR,2019,6245.43017578125
SUR,2020,6053.51318359375
SUR,2021,5867.48291015625
SUR,2022,5687.15771484375
SUR,2023,5512.36376953125
SUR,2024,5342.93115234375
SUR,2025,5178.6953125
SUR,2026,5019.4970703125
SUR,2027,4865.181640625
SUR,2028,4715.59912109375
SUR,2029,4570.60498046875
SUR,2030,4430.05810546875
SUR,2031,4293.82177734375
SUR,2032,4161.76416015625
SVK,2018,144168.28125
SVK,2019,139746.375
SVK,2020,135459.703125
SVK,2021,131304.53125
SVK,2022,127276.8125
SVK,2023,123372.6328125
SVK,2024,119588.1953125
SVK,2025,115919.84375
SVK,2026,112364.0078125
SVK,2027,108917.2265625
SVK,2028,105576.171875
SVK,2029,102337.6015625
SVK,2030,99198.359375
SVK,2031,96155.3984375
SVK,2032,93205.78125
SVN,2018,58099.62890625
SVN,2019,56317.39453125
SVN,2020,54589.671875
SVN,2021,52914.9453125
SVN,2022,51291.5859375
SVN,2023,49718.015625
SVN,2024,48192.7109375
SVN,2025,46714.19140625
SVN,2026,45281.01953125
SVN,2027,43891.8046875
SVN,2028,42545.203125
SVN,2029,41239.90234375
SVN,2030,39974.63671875
SVN,2031,38748.18359375
SVN,2032,37559.34375
SWE,2018,442308.5625
SWE,2019,428742.96875
SWE,2020,415592.28125
SWE,2021,402844.9375
SWE,2022,390488.59375
SWE,2023,378511.21875
SWE,2024,366901.21875
SWE,2025,355647.34375
SWE,2026,344738.625
SWE,2027,334164.46875
SWE,2028,323914.65625
SWE,2029,313979.21875
SWE,2030,304348.53125
SWE,2031,295013.25
SWE,2032,285964.28125
SWZ,2018,9899.3896484375
SWZ,2019,9595.41015625
SWZ,2020,9300.7431640625
SWZ,2021,9015.1142578125
SWZ,2022,8738.24609375
SWZ,2023,8469.869140625
SWZ,2024,8209.724609375
SWZ,2025,7957.55859375
SWZ,2026,7713.12744140625
SWZ,2027,7476.19287109375
SWZ,2028,7246.52587890625
SWZ,2029,7023.90283203125
SWZ,2030,6808.1083984375
SWZ,2031,6598.93310546875
SWZ,2032,6396.17333984375
SYC,2018,2486.1025390625
SYC,2019,2409.494140625
SYC,2020,2335.232421875
SYC,2021,2263.24853515625
SYC,2022,2193.47265625
SYC,2023,2125.8369140625
SYC,2024,2060.275634765625
SYC,2025,1996.72509765625
SYC,2026,1935.123779296875
SYC,2027,1875.411865234375
SYC,2028,1817.5316162109375
SYC,2029,1761.4266357421875
SYC,2030,1707.04248046875
SYC,2031,1654.326416015625
SYC,2032,1603.22705078125
SYR,2018,49587.203125
SYR,2019,48066.03515625
SYR,2020,46591.3984375
SYR,2021,45161.9921875
SYR,2022,43776.4296875
SYR,2023,42433.36328125
SYR,2024,41131.49609375
SYR,2025,39869.55859375
SYR,2026,38646.328125
SYR,2027,37460.6171875
SYR,2028,36311.26953125
SYR,2029,35197.17578125
SYR,2030,34117.25390625
SYR,2031,33070.453125
SYR,2032,32055.76171875
TCD,2018,24196.794921875
TCD,2019,23454.3046875
TCD,2020,22734.55859375
TCD,2021,22036.890625
TCD,2022,21360.62109375
TCD,2023,20705.09375
TCD,2024,20069.671875
TCD,2025,19453.73828125
TCD,2026,18856.69921875
TCD,2027,18277.970703125
TCD,2028,17716.9921875
TCD,2029,17173.21875
TCD,2030,16646.125
TCD,2031,16135.1982421875
TCD,2032,15639.943359375
TGO,2018,11510.2880859375
TGO,2019,11156.896484375
TGO,2020,10814.3359375
TGO,2021,10482.2822265625
TGO,2022,10160.4140625
TGO,2023,9848.41796875
TGO,2024,9545.9912109375
TGO,2025,9252.8408203125
TGO,2026,8968.681640625
TGO,2027,8693.23828125
TGO,2028,8426.2431640625
TGO,2029,8167.43701171875
TGO,2030,7916.568359375
TGO,2031,7673.39453125
TGO,2032,7437.6787109375
THA,2018,1067556.625
THA,2019,1034815.0625
THA,2020,1003074.875
THA,2021,972308.3125
THA,2022,942485.375
THA,2023,913577.125
THA,2024,885555.5625
THA,2025,858393.5
THA,2026,832064.5625
THA,2027,806543.1875
THA,2028,781804.5625
THA,2029,757824.8125
THA,2030,734580.5
THA,2031,712049.1875
THA,2032,690208.875
TJK,2018,35095.21875
TJK,2019,34018.5078125
TJK,2020,32974.73828125
TJK,2021,31962.984375
TJK,2022,30982.26171875
TJK,2023,30031.62109375
TJK,2024,29110.13671875
TJK,2025,28216.916015625
TJK,2026,27351.091796875
TJK,2027,26511.82421875
TJK,2028,25698.298828125
TJK,2029,24909.7265625
TJK,2030,24145.33984375
TJK,2031,23404.3984375
TJK,2032,22686.18359375
TKM,2018,132126.546875
TKM,2019,128073.953125
TKM,2020,124145.3203125
TKM,2021,120337.1953125
TKM,2022,116645.8671875
TKM,2023,113067.75
TKM,2024,109599.3984375
TKM,2025,106237.421875
TKM,2026,102978.5546875
TKM,2027,99819.65625
TKM,2028,96757.640625
TKM,2029,93789.5390625
TKM,2030,90912.484375
TKM,2031,88123.671875
TKM,2032,85420.3984375
TTO,2018,38225.87890625
TTO,2019,37053.15625
TTO,2020,35916.30859375
TTO,2021,34814.328125
TTO,2022,33746.1484375
TTO,2023,32710.734375
TTO,2024,31707.07421875
TTO,2025,30734.203125
TTO,2026,29791.16796875
TTO,2027,28877.05859375
TTO,2028,27990.986328125
TTO,2029,27132.091796875
TTO,2030,26299.541015625
TTO,2031,25492.52734375
TTO,2032,24710.265625
TUN,2018,123845.0859375
TUN,2019,120046.4921875
TUN,2020,116364.078125
TUN,2021,112794.609375
TUN,2022,109334.6328125
TUN,2023,105980.7734375
TUN,2024,102729.78125
TUN,2025,99578.5078125
TUN,2026,96523.890625
TUN,2027,93562.9609375
TUN,2028,90692.84375
TUN,2029,87910.7578125
TUN,2030,85214.0078125
TUN,2031,82599.9765625
TUN,2032,80066.125
TUR,2018,2011016.875
TUR,2019,1949340.0
TUR,2020,1889549.625
TUR,2021,1831593.125
TUR,2022,1775414.375
TUR,2023,1720958.75
TUR,2024,1668173.25
TUR,2025,1617006.875
TUR,2026,1567409.875
TUR,2027,1519334.125
TUR,2028,1472732.875
TUR,2029,1427561.0
TUR,2030,1383774.625
TUR,2031,1341331.375
TUR,2032,1300189.875
TZA,2018,146716.171875
TZA,2019,142216.109375
TZA,2020,137853.703125
TZA,2021,133625.109375
TZA,2022,129526.2109375
TZA,2023,125553.03125
TZA,2024,121701.71875
TZA,2025,117968.5390625
TZA,2026,114349.8671875
TZA,2027,110842.1796875
TZA,2028,107442.0859375
TZA,2029,104146.2734375
TZA,2030,100951.5546875
TZA,2031,97854.8203125
TZA,2032,94853.0703125
UGA,2018,80367.2109375
UGA,2019,77902.0390625
UGA,2020,75512.2734375
UGA,2021,73195.8046875
UGA,2022,70950.3984375
UGA,2023,68773.8515625
UGA,2024,66664.0703125
UGA,2025,64618.99609375
UGA,2026,62636.6484375
UGA,2027,60715.1015625
UGA,2028,58852.49609375
UGA,2029,57047.015625
UGA,2030,55296.91796875
UGA,2031,53600.5
UGA,2032,51956.109375
UKR,2018,386613.28125
UKR,2019,374755.78125
UKR,2020,363260.90625
UKR,2021,352118.65625
UKR,2022,341318.15625
UKR,2023,330848.90625
UKR,2024,320700.78125
UKR,2025,310863.9375
UKR,2026,301328.8125
UKR,2027,292086.15625
UKR,2028,283126.96875
UKR,2029,274442.59375
UKR,2030,266024.5625
UKR,2031,257864.71875
UKR,2032,249955.140625
URY,2018,66337.0078125
URY,2019,64302.140625
URY,2020,62329.51171875
URY,2021,60417.390625
URY,2022,58563.91796875
URY,2023,56767.29296875
URY,2024,55025.7734375
URY,2025,53337.671875
URY,2026,51701.34375
URY,2027,50115.2109375
URY,2028,48577.72265625
URY,2029,47087.39453125
URY,2030,45642.7734375
URY,2031,44242.4609375
URY,2032,42885.1015625
USA,2018,17241940.0
USA,2019,16713142.0
USA,2020,16200517.0
USA,2021,15703616.0
USA,2022,15221956.0
USA,2023,14755068.0
USA,2024,14302502.0
USA,2025,13863816.0
USA,2026,13438586.0
USA,2027,13026398.0
USA,2028,12626854.0
USA,2029,12239564.0
USA,2030,11864152.0
USA,2031,11500255.0
USA,2032,11147520.0
UZB,2018,298753.78125
UZB,2019,289590.84375
UZB,2020,280708.1875
UZB,2021,272097.96875
UZB,2022,263751.84375
UZB,2023,255661.703125
UZB,2024,247819.703125
UZB,2025,240218.25
UZB,2026,232849.921875
UZB,2027,225707.609375
UZB,2028,218784.359375
UZB,2029,212073.46875
UZB,2030,205568.421875
UZB,2031,199262.890625
UZB,2032,193150.75
VCT,2018,999.8391723632812
VCT,2019,968.8125610351562
VCT,2020,938.7393798828125
VCT,2021,909.588623046875
VCT,2022,881.33203125
VCT,2023,853.9420776367188
VCT,2024,827.3921508789062
VCT,2025,801.6566772460938
VCT,2026,776.7105102539062
VCT,2027,752.5294799804688
VCT,2028,729.0901489257812
VCT,2029,706.3696899414062
VCT,2030,684.3461303710938
VCT,2031,662.9981079101562
VCT,2032,642.3048706054688
VEN,2018,352425.78125
VEN,2019,341616.78125
VEN,2020,331138.40625
VEN,2021,320981.40625
VEN,2022,311135.96875
VEN,2023,301592.46875
VEN,2024,292341.71875
VEN,2025,283374.6875
VEN,2026,274682.71875
VEN,2027,266257.3125
VEN,2028,258090.328125
VEN,2029,250173.859375
VEN,2030,242500.171875
VEN,2031,235061.859375
VEN,2032,227851.703125
VNM,2018,592236.625
VNM,2019,574072.75
VNM,2020,556464.4375
VNM,2021,539396.25
VNM,2022,522851.59375
VNM,2023,506814.34375
VNM,2024,491269.09375
VNM,2025,476200.59375
VNM,2026,461594.25
VNM,2027,447435.96875
VNM,2028,433711.90625
VNM,2029,420408.8125
VNM,2030,407513.71875
VNM,2031,395014.15625
VNM,2032,382898.0
YEM,2018,50913.1875
YEM,2019,49351.34375
YEM,2020,47837.28125
YEM,2021,46369.6640625
YEM,2022,44947.05859375
YEM,2023,43568.0859375
YEM,2024,42231.4140625
YEM,2025,40935.73828125
YEM,2026,39679.8046875
YEM,2027,38462.390625
YEM,2028,37282.31640625
YEM,2029,36138.4375
YEM,2030,35029.64453125
YEM,2031,33954.859375
YEM,2032,32913.0390625
ZAF,2018,662803.6875
ZAF,2019,642475.5625
ZAF,2020,622769.1875
ZAF,2021,603667.3125
ZAF,2022,585151.3125
ZAF,2023,567203.1875
ZAF,2024,549805.5625
ZAF,2025,532941.625
ZAF,2026,516594.90625
ZAF,2027,500749.625
ZAF,2028,485390.34375
ZAF,2029,470502.15625
ZAF,2030,456070.59375
ZAF,2031,442081.71875
ZAF,2032,428521.84375
ZMB,2018,57968.71875
ZMB,2019,56190.484375
ZMB,2020,54466.65625
ZMB,2021,52795.703125
ZMB,2022,51176.0
ZMB,2023,49605.9765625
ZMB,2024,48084.109375
ZMB,2025,46608.921875
ZMB,2026,45178.98046875
ZMB,2027,43792.8984375
ZMB,2028,42449.33203125
ZMB,2029,41146.97265625
ZMB,2030,39884.55859375
ZMB,2031,38660.8671875
ZMB,2032,37474.7109375
ZWE,2018,30801.58984375
ZWE,2019,29856.5546875
ZWE,2020,28940.4375
ZWE,2021,28052.423828125
ZWE,2022,27191.64453125
ZWE,2023,26357.265625
ZWE,2024,25548.48046875
ZWE,2025,24764.501953125
ZWE,2026,24004.5703125
ZWE,2027,23267.94921875
ZWE,2028,22553.91796875
ZWE,2029,21861.7890625
ZWE,2030,21190.888671875
ZWE,2031,20540.56640625
ZWE,2032,19910.19140625
