AGO,2018,198371.625
AGO,2019,219034.796875
AGO,2020,241108.96875
AGO,2021,265426.0625
AGO,2022,292195.5
AGO,2023,321664.78125
AGO,2024,354106.1875
AGO,2025,389819.53125
AGO,2026,429134.71875
AGO,2027,472415.09375
AGO,2028,520060.53125
AGO,2029,572511.1875
AGO,2030,630251.875
AGO,2031,693816.0
AGO,2032,763790.875
ALB,2018,32887.578125
ALB,2019,36313.12109375
ALB,2020,39972.53125
ALB,2021,44003.76171875
ALB,2022,48441.53515625
ALB,2023,53326.88671875
ALB,2024,58704.94921875
ALB,2025,64625.42578125
ALB,2026,71143.015625
ALB,2027,78317.9375
ALB,2028,86216.484375
ALB,2029,94911.6484375
ALB,2030,104483.7734375
ALB,2031,115021.296875
ALB,2032,126621.5859375
ARG,2018,713857.125
ARG,2019,788217.375
ARG,2020,867654.25
ARG,2021,955162.3125
ARG,2022,1051495.375
ARG,2023,1157544.25
ARG,2024,1274288.75
ARG,2025,1402807.5
ARG,2026,1544288.125
ARG,2027,1700037.875
ARG,2028,1871495.75
ARG,2029,2060246.25
ARG,2030,2268033.25
ARG,2031,2496776.75
ARG,2032,2748590.0
ARM,2018,32862.5703125
ARM,2019,36285.49609375
ARM,2020,39942.1171875
ARM,2021,43970.27734375
ARM,2022,48404.67578125
ARM,2023,53286.30859375
ARM,2024,58660.28125
ARM,2025,64576.24609375
ARM,2026,71088.875
ARM,2027,78258.34375
ARM,2028,86150.890625
ARM,2029,94839.4375
ARM,2030,104404.2734375
ARM,2031,114933.78125
ARM,2032,126525.2421875
AUS,2018,1192938.25
AUS,2019,1317203.0
AUS,2020,1449951.375
AUS,2021,1596187.75
AUS,2022,1757171.75
AUS,2023,1934392.0
AUS,2024,2129486.0
AUS,2025,2344256.25
AUS,2026,2580687.0
AUS,2027,2840963.25
AUS,2028,3127490.0
AUS,2029,3442914.5
AUS,2030,3790151.0
AUS,2031,4172408.5
AUS,2032,4593219.0
AUT,2018,373495.3125
AUT,2019,412401.03125
AUT,2020,453962.84375
AUT,2021,499747.59375
AUT,2022,550149.625
AUT,2023,605635.0
AUT,2024,666716.375
AUT,2025,733958.125
AUT,2026,807981.5625
AUT,2027,889470.6875
AUT,2028,979178.4375
AUT,2029,1077933.75
AUT,2030,1186649.0
AUT,2031,1306328.75
AUT,2032,1438079.0
BDI,2018,8050.439453125
BDI,2019,8888.435546875
BDI,2020,9783.9111328125
BDI,2021,10770.4287109375
BDI,2022,11856.4375
BDI,2023,13051.9765625
BDI,2024,14368.0927734375
BDI,2025,15816.9453125
BDI,2026,17411.921875
BDI,2027,19167.76171875
BDI,2028,21100.6875
BDI,2029,23228.55859375
BDI,2030,25571.03515625
BDI,2031,28149.765625
BDI,2032,30988.57421875
BEL,2018,444676.15625
BEL,2019,490996.59375
BEL,2020,540479.3125
BEL,2021,594989.75
BEL,2022,654997.5
BEL,2023,721057.375
BEL,2024,793779.75
BEL,2025,873836.5625
BEL,2026,961967.5625
BEL,2027,1058987.0
BEL,2028,1165791.5
BEL,2029,1283367.75
BEL,2030,1412802.25
BEL,2031,1555291.0
BEL,2032,1712150.375
BEN,2018,24593.818359375
BEN,2019,27154.93359375
BEN,2020,29891.291015625
BEN,2021,32905.76171875
BEN,2022,36224.23828125
BEN,2023,39877.40625
BEN,2024,43899.015625
BEN,2025,48326.2265625
BEN,2026,53199.94140625
BEN,2027,58565.203125
BEN,2028,64471.578125
BEN,2029,70973.65625
BEN,2030,78131.5
BEN,2031,86011.25
BEN,2032,94685.71875
BFA,2018,29170.91796875
BFA,2019,32208.873046875
BFA,2020,35454.58203125
BFA,2021,39030.14453125
BFA,2022,42966.30078125
BFA,2023,47299.44140625
BFA,2024,52069.6015625
BFA,2025,57320.859375
BFA,2026,63101.73828125
BFA,2027,69465.65625
BFA,2028,76471.40625
BFA,2029,84183.7265625
BFA,2030,92673.875
BFA,2031,102020.296875
BFA,2032,112309.359375
BGD,2018,612026.0
BGD,2019,675778.625
BGD,2020,743883.8125
BGD,2021,818908.8125
BGD,2022,901499.9375
BGD,2023,992421.0
BGD,2024,1092511.875
BGD,2025,1202697.5
BGD,2026,1323995.875
BGD,2027,1457528.0
BGD,2028,1604527.5
BGD,2029,1766352.625
BGD,2030,1944498.75
BGD,2031,2140612.0
BGD,2032,2356504.25
BGR,2018,125414.71875
BGR,2019,138478.5625
BGR,2020,152434.28125
BGR,2021,167808.0
BGR,2022,184732.125
BGR,2023,203363.140625
BGR,2024,223873.1875
BGR,2025,246451.78125
BGR,2026,271307.5625
BGR,2027,298670.1875
BGR,2028,328792.46875
BGR,2029,361952.78125
BGR,2030,398457.46875
BGR,2031,438643.875
BGR,2032,482883.28125
BHR,2018,59268.8046875
BHR,2019,65442.41015625
BHR,2020,72037.4921875
BHR,2021,79302.671875
BHR,2022,87300.5390625
BHR,2023,96105.0390625
BHR,2024,105797.515625
BHR,2025,116467.5390625
BHR,2026,128213.6875
BHR,2027,141144.5
BHR,2028,155379.46875
BHR,2029,171050.09375
BHR,2030,188301.1875
BHR,2031,207292.15625
BHR,2032,228198.46875
BLZ,2018,2681.4951171875
BLZ,2019,2960.538818359375
BLZ,2020,3258.643310546875
BLZ,2021,3587.049072265625
BLZ,2022,3948.573974609375
BLZ,2023,4346.56103515625
BLZ,2024,4784.6875
BLZ,2025,5267.0009765625
BLZ,2026,5797.958984375
BLZ,2027,6382.466796875
BLZ,2028,7025.92529296875
BLZ,2029,7734.28076171875
BLZ,2030,8514.0771484375
BLZ,2031,9372.5205078125
BLZ,2032,10317.5419921875
BOL,2018,71038.34375
BOL,2019,78437.8203125
BOL,2020,86342.5703125
BOL,2021,95050.5078125
BOL,2022,104636.625
BOL,2023,115189.5625
BOL,2024,126806.8203125
BOL,2025,139595.734375
BOL,2026,153674.5
BOL,2027,169173.171875
BOL,2028,186234.96875
BOL,2029,205017.5625
BOL,2030,225694.484375
BOL,2031,248456.78125
BOL,2032,273514.78125
BRA,2018,2888696.0
BRA,2019,3189603.0
BRA,2020,3511053.5
BRA,2021,3865164.5
BRA,2022,4254987.5
BRA,2023,4684126.0
BRA,2024,5156545.5
BRA,2025,5676611.5
BRA,2026,6249129.0
BRA,2027,6879388.0
BRA,2028,7573212.0
BRA,2029,8337012.0
BRA,2030,9177846.0
BRA,2031,10103482.0
BRA,2032,11122474.0
BRB,2018,3482.583251953125
BRB,2019,3845.075927734375
BRB,2020,4232.3271484375
BRB,2021,4658.93505859375
BRB,2022,5128.56591796875
BRB,2023,5645.56201171875
BRB,2024,6214.7001953125
BRB,2025,6841.23876953125
BRB,2026,7530.9677734375
BRB,2027,8290.2587890625
BRB,2028,9126.1298828125
BRB,2029,10046.302734375
BRB,2030,11059.2802734375
BRB,2031,12174.421875
BRB,2032,13402.0322265625
BRN,2018,30386.423828125
BRN,2019,33551.421875
BRN,2020,36932.50390625
BRN,2021,40657.12890625
BRN,2022,44757.375
BRN,2023,49271.15625
BRN,2024,54240.1796875
BRN,2025,59710.34765625
BRN,2026,65732.21875
BRN,2027,72361.4375
BRN,2028,79659.2421875
BRN,2029,87693.078125
BRN,2030,96537.1640625
BRN,2031,106273.21875
BRN,2032,116991.2109375
BWA,2018,34094.64453125
BWA,2019,37645.78125
BWA,2020,41439.47265625
BWA,2021,45618.65234375
BWA,2022,50219.29296875
BWA,2023,55283.93359375
BWA,2024,60859.37890625
BWA,2025,66997.140625
BWA,2026,73753.921875
BWA,2027,81192.171875
BWA,2028,89380.609375
BWA,2029,98394.890625
BWA,2030,108318.3125
BWA,2031,119242.5703125
BWA,2032,131268.59375
CAF,2018,3013.10498046875
CAF,2019,3326.19775390625
CAF,2020,3661.07666015625
CAF,2021,4030.067626953125
CAF,2022,4436.27392578125
CAF,2023,4883.4482421875
CAF,2024,5375.72265625
CAF,2025,5917.64599609375
CAF,2026,6514.22509765625
CAF,2027,7170.97265625
CAF,2028,7893.95703125
CAF,2029,8689.8583984375
CAF,2030,9566.0302734375
CAF,2031,10530.5693359375
CAF,2032,11592.3876953125
CAN,2018,1616335.5
CAN,2019,1784704.25
CAN,2020,1964567.75
CAN,2021,2162706.5
CAN,2022,2380827.0
CAN,2023,2620946.25
CAN,2024,2885283.0
CAN,2025,3176279.5
CAN,2026,3496625.0
CAN,2027,3849278.75
CAN,2028,4237499.5
CAN,2029,4664874.5
CAN,2030,5135353.0
CAN,2031,5653282.0
CAN,2032,6223447.0
CHE,2018,517159.4375
CHE,2019,571030.25
CHE,2020,628578.875
CHE,2021,691974.6875
CHE,2022,761763.8125
CHE,2023,838591.6875
CHE,2024,923168.0
CHE,2025,1016274.3125
CHE,2026,1118771.0
CHE,2027,1231605.0
CHE,2028,1355819.0
CHE,2029,1492560.5
CHE,2030,1643093.25
CHE,2031,1808808.0
CHE,2032,1991236.0
CHL,2018,391940.46875
CHL,2019,432767.5625
CHL,2020,476381.96875
CHL,2021,524427.75
CHL,2022,577318.9375
CHL,2023,635544.4375
CHL,2024,699642.3125
CHL,2025,770204.875
CHL,2026,847884.0
CHL,2027,933397.5625
CHL,2028,1027535.5625
CHL,2029,1131168.0
CHL,2030,1245252.25
CHL,2031,1370842.5
CHL,2032,1509099.25
CHN,2018,18623384.0
CHN,2019,20563328.0
CHN,2020,22635716.0
CHN,2021,24918668.0
CHN,2022,27431852.0
CHN,2023,30198506.0
CHN,2024,33244192.0
CHN,2025,36597052.0
CHN,2026,40288064.0
CHN,2027,44351336.0
CHN,2028,48824416.0
CHN,2029,53748628.0
CHN,2030,59169472.0
CHN,2031,65137040.0
CHN,2032,71706472.0
CIV,2018,81202.2578125
CIV,2019,89660.140625
CIV,2020,98695.828125
CIV,2021,108649.671875
CIV,2022,119607.3359375
CIV,2023,131670.15625
CIV,2024,144949.578125
CIV,2025,159568.3125
CIV,2026,175661.40625
CIV,2027,193377.59375
CIV,2028,212880.5625
CIV,2029,234350.5
CIV,2030,257985.796875
CIV,2031,284004.84375
CIV,2032,312648.0625
CMR,2018,74980.015625
CMR,2019,82789.765625
CMR,2020,91133.0546875
CMR,2021,100324.1484375
CMR,2022,110442.140625
CMR,2023,121580.59375
CMR,2024,133842.421875
CMR,2025,147340.90625
CMR,2026,162200.8125
CMR,2027,178559.40625
CMR,2028,196567.875
CMR,2029,216392.578125
CMR,2030,238216.71875
CMR,2031,262241.9375
CMR,2032,288690.25
COD,2018,62943.05078125
COD,2019,69498.90625
COD,2020,76502.7265625
COD,2021,84218.25
COD,2022,92711.875
COD,2023,102062.1328125
COD,2024,112355.421875
COD,2025,123686.84375
COD,2026,136161.09375
COD,2027,149893.4375
COD,2028,165010.765625
COD,2029,181652.765625
COD,2030,199973.203125
COD,2031,220141.359375
COD,2032,242343.59375
COG,2018,25342.525390625
COG,2019,27981.90234375
COG,2020,30801.646484375
COG,2021,33907.93359375
COG,2022,37327.48828125
COG,2023,41091.921875
COG,2024,45236.01953125
COG,2025,49798.0703125
COG,2026,54820.23046875
COG,2027,60348.90625
COG,2028,66435.1875
COG,2029,73135.296875
COG,2030,80511.1484375
COG,2031,88630.8984375
COG,2032,97569.5625
COL,2018,654100.875
COL,2019,722236.375
COL,2020,795023.5625
COL,2021,875206.375
COL,2022,963475.5
COL,2023,1060647.125
COL,2024,1167619.0
COL,2025,1285379.5
COL,2026,1415016.75
COL,2027,1557728.75
COL,2028,1714834.0
COL,2029,1887784.25
COL,2030,2078177.5
COL,2031,2287773.0
COL,2032,2518507.5
CRI,2018,70819.2421875
CRI,2019,78196.0234375
CRI,2020,86076.421875
CRI,2021,94757.53125
CRI,2022,104314.1015625
CRI,2023,114834.5
CRI,2024,126415.9453125
CRI,2025,139165.453125
CRI,2026,153200.8125
CRI,2027,168651.71875
CRI,2028,185660.9375
CRI,2029,204385.625
CRI,2030,224998.8125
CRI,2031,247690.9375
CRI,2032,272671.71875
CYP,2018,23050.0078125
CYP,2019,25450.83203125
CYP,2020,28015.53125
CYP,2021,30840.822265625
CYP,2022,33951.0390625
CYP,2023,37374.94140625
CYP,2024,41144.16015625
CYP,2025,45293.52734375
CYP,2026,49861.37890625
CYP,2027,54889.92578125
CYP,2028,60425.62890625
CYP,2029,66519.640625
CYP,2030,73228.265625
CYP,2031,80613.5
CYP,2032,88743.578125
CZE,2018,318728.625
CZE,2019,351929.46875
CZE,2020,387396.96875
CZE,2021,426468.125
CZE,2022,469479.53125
CZE,2023,516828.90625
CZE,2024,568953.625
CZE,2025,626335.5
CZE,2026,689504.625
CZE,2027,759044.75
CZE,2028,835598.3125
CZE,2029,919872.75
CZE,2030,1012646.6875
CZE,2031,1114777.5
CZE,2032,1227208.75
DEU,2018,3734668.0
DEU,2019,4123697.25
DEU,2020,4539286.5
DEU,2021,4997101.5
DEU,2022,5501086.5
DEU,2023,6055901.5
DEU,2024,6666672.0
DEU,2025,7339042.0
DEU,2026,8079225.0
DEU,2027,8894059.0
DEU,2028,9791074.0
DEU,2029,10778558.0
DEU,2030,11865635.0
DEU,2031,13062350.0
DEU,2032,14379761.0
DNK,2018,269137.21875
DNK,2019,297172.21875
DNK,2020,327121.21875
DNK,2021,360113.21875
DNK,2022,396432.34375
DNK,2023,436414.5
DNK,2024,480429.0625
DNK,2025,528882.75
DNK,2026,582223.25
DNK,2027,640943.375
DNK,2028,705585.8125
DNK,2029,776747.8125
DNK,2030,855086.875
DNK,2031,941326.875
DNK,2032,1036264.625
DOM,2018,158157.0625
DOM,2019,174631.46875
DOM,2020,192230.6875
DOM,2021,211618.09375
DOM,2022,232960.703125
DOM,2023,256455.8125
DOM,2024,282320.53125
DOM,2025,310793.84375
DOM,2026,342138.90625
DOM,2027,376645.28125
DOM,2028,414631.78125
DOM,2029,456449.46875
DOM,2030,502484.6875
DOM,2031,553162.75
DOM,2032,608952.0
ECU,2018,173429.375
ECU,2019,191494.71875
ECU,2020,210793.4375
ECU,2021,232053.015625
ECU,2022,255456.578125
ECU,2023,281220.53125
ECU,2024,309582.90625
ECU,2025,340805.8125
ECU,2026,375177.75
ECU,2027,413016.28125
ECU,2028,454670.96875
ECU,2029,500526.78125
ECU,2030,551007.4375
ECU,2031,606579.25
ECU,2032,667755.875
EGY,2018,1075407.75
EGY,2019,1187429.5
EGY,2020,1307099.25
EGY,2021,1438928.0
EGY,2022,1584051.5
EGY,2023,1743811.625
EGY,2024,1919684.375
EGY,2025,2113294.75
EGY,2026,2326432.0
EGY,2027,2561065.5
EGY,2028,2819363.0
EGY,2029,3103711.0
EGY,2030,3416737.0
EGY,2031,3761333.75
EGY,2032,4140684.75
ESP,2018,1528023.625
ESP,2019,1687193.25
ESP,2020,1857229.5
ESP,2021,2044542.375
ESP,2022,2250745.5
ESP,2023,2477745.25
ESP,2024,2727639.5
ESP,2025,3002737.0
ESP,2026,3305579.5
ESP,2027,3638965.25
ESP,2028,4005975.0
ESP,2029,4409999.5
ESP,2030,4854772.0
ESP,2031,5344403.0
ESP,2032,5883415.0
EST,2018,35067.4453125
EST,2019,38720.09765625
EST,2020,42622.0859375
EST,2021,46920.54296875
EST,2022,51652.48828125
EST,2023,56861.67578125
EST,2024,62596.2421875
EST,2025,68909.171875
EST,2026,75858.796875
EST,2027,83509.328125
EST,2028,91931.4609375
EST,2029,101203.015625
EST,2030,111409.6484375
EST,2031,122645.6875
EST,2032,135014.9375
ETH,2018,184669.65625
ETH,2019,203905.625
ETH,2020,224455.09375
ETH,2021,247092.546875
ETH,2022,272012.90625
ETH,2023,299446.65625
ETH,2024,329647.25
ETH,2025,362893.71875
ETH,2026,399493.34375
ETH,2027,439784.21875
ETH,2028,484138.65625
ETH,2029,532966.4375
ETH,2030,586718.75
ETH,2031,645892.3125
ETH,2032,711033.875
FIN,2018,212253.65625
FIN,2019,234363.296875
FIN,2020,257982.359375
FIN,2021,284001.28125
FIN,2022,312644.09375
FIN,2023,344175.75
FIN,2024,378887.53125
FIN,2025,417100.1875
FIN,2026,459166.78125
FIN,2027,505476.03125
FIN,2028,556455.875
FIN,2029,612577.25
FIN,2030,674358.75
FIN,2031,742371.3125
FIN,2032,817243.3125
FJI,2018,7378.8271484375
FJI,2019,8147.1083984375
FJI,2020,8967.9091796875
FJI,2021,9872.1298828125
FJI,2022,10867.5400390625
FJI,2023,11963.3427734375
FJI,2024,13169.6640625
FJI,2025,14497.6494140625
FJI,2026,15959.5693359375
FJI,2027,17568.9296875
FJI,2028,19340.60546875
FJI,2029,21290.962890625
FJI,2030,23438.0234375
FJI,2031,25801.62890625
FJI,2032,28403.615234375
FRA,2018,2517978.5
FRA,2019,2780269.0
FRA,2020,3060466.5
FRA,2021,3369133.5
FRA,2022,3708929.0
FRA,2023,4082994.5
FRA,2024,4494787.0
FRA,2025,4948111.0
FRA,2026,5447155.0
FRA,2027,5996531.0
FRA,2028,6601314.5
FRA,2029,7267093.0
FRA,2030,8000019.5
FRA,2031,8806866.0
FRA,2032,9695087.0
GAB,2018,33739.48046875
GAB,2019,37253.53515625
GAB,2020,41007.6796875
GAB,2021,45143.30859375
GAB,2022,49696.01171875
GAB,2023,54707.87890625
GAB,2024,60225.2265625
GAB,2025,66299.03125
GAB,2026,72985.4140625
GAB,2027,80346.1484375
GAB,2028,88449.2578125
GAB,2029,97369.609375
GAB,2030,107189.625
GAB,2031,118000.0546875
GAB,2032,129900.7734375
GBR,2018,2477752.0
GBR,2019,2735852.0
GBR,2020,3011573.0
GBR,2021,3315308.75
GBR,2022,3649675.5
GBR,2023,4017765.0
GBR,2024,4422979.0
GBR,2025,4869061.0
GBR,2026,5360132.5
GBR,2027,5900731.5
GBR,2028,6495853.0
GBR,2029,7150995.5
GBR,2030,7872213.5
GBR,2031,8666170.0
GBR,2032,9540202.0
GHA,2018,147840.75
GHA,2019,163240.421875
GHA,2020,179691.625
GHA,2021,197814.390625
GHA,2022,217764.796875
GHA,2023,239727.328125
GHA,2024,263904.90625
GHA,2025,290520.96875
GHA,2026,319821.34375
GHA,2027,352076.84375
GHA,2028,387585.53125
GHA,2029,426675.4375
GHA,2030,469707.75
GHA,2031,517080.09375
GHA,2032,569230.1875
GMB,2018,5041.2080078125
GMB,2019,5565.76953125
GMB,2020,6126.388671875
GMB,2021,6744.0234375
GMB,2022,7423.947265625
GMB,2023,8172.44482421875
GMB,2024,8996.4326171875
GMB,2025,9903.5244140625
GMB,2026,10902.1015625
GMB,2027,12001.390625
GMB,2028,13211.548828125
GMB,2029,14543.7587890625
GMB,2030,16010.3291015625
GMB,2031,17624.80859375
GMB,2032,19402.119140625
GRC,2018,238687.75
GRC,2019,263550.9375
GRC,2020,290111.53125
GRC,2021,319370.84375
GRC,2022,351580.90625
GRC,2023,387039.53125
GRC,2024,426074.40625
GRC,2025,469046.09375
GRC,2026,516351.75
GRC,2027,568428.375
GRC,2028,625757.25
GRC,2029,688868.125
GRC,2030,758344.0
GRC,2031,834826.9375
GRC,2032,919023.625
GTM,2018,120347.4140625
GTM,2019,132883.296875
GTM,2020,146275.09375
GTM,2021,161027.609375
GTM,2022,177267.875
GTM,2023,195146.078125
GTM,2024,214827.375
GTM,2025,236493.65625
GTM,2026,260345.09375
GTM,2027,286602.09375
GTM,2028,315507.25
GTM,2029,347327.65625
GTM,2030,382357.34375
GTM,2031,420919.96875
GTM,2032,463371.8125
HND,2018,41084.68359375
HND,2019,45364.03515625
HND,2020,49935.59375
HND,2021,54971.66015625
HND,2022,60515.61328125
HND,2023,66618.703125
HND,2024,73337.3203125
HND,2025,80733.546875
HND,2026,88875.7265625
HND,2027,97839.09375
HND,2028,107706.453125
HND,2029,118569.0
HND,2030,130527.09375
HND,2031,143691.21875
HND,2032,158183.03125
HRV,2018,89936.5859375
HRV,2019,99304.8046875
HRV,2020,109312.578125
HRV,2021,120337.1875
HRV,2022,132473.625
HRV,2023,145834.078125
HRV,2024,160542.0
HRV,2025,176733.3125
HRV,2026,194557.59375
HRV,2027,214179.546875
HRV,2028,235780.515625
HRV,2029,259560.03125
HRV,2030,285737.84375
HRV,2031,314555.84375
HRV,2032,346280.28125
HUN,2018,239567.359375
HUN,2019,264522.1875
HUN,2020,291180.65625
HUN,2021,320547.78125
HUN,2022,352876.53125
HUN,2023,388465.84375
HUN,2024,427644.53125
HUN,2025,470774.65625
HUN,2026,518254.59375
HUN,2027,570523.1875
HUN,2028,628063.375
HUN,2029,691406.8125
HUN,2030,761138.75
HUN,2031,837903.5
HUN,2032,922410.4375
IDN,2018,2894325.0
IDN,2019,3195818.25
IDN,2020,3517895.0
IDN,2021,3872696.5
IDN,2022,4263279.0
IDN,2023,4693254.0
IDN,2024,5166594.5
IDN,2025,5687674.0
IDN,2026,6261307.0
IDN,2027,6892794.0
IDN,2028,7587970.0
IDN,2029,8353258.0
IDN,2030,9195730.0
IDN,2031,10123170.0
IDN,2032,11144148.0
IND,2018,8605085.0
IND,2019,9501452.0
IND,2020,10459016.0
IND,2021,11513872.0
IND,2022,12675110.0
IND,2023,13953464.0
IND,2024,15360748.0
IND,2025,16909964.0
IND,2026,18615428.0
IND,2027,20492896.0
IND,2028,22559716.0
IND,2029,24834988.0
IND,2030,27339734.0
IND,2031,30097098.0
IND,2032,33132556.0
IRL,2018,346550.53125
IRL,2019,382649.5
IRL,2020,421212.96875
IRL,2021,463694.6875
IRL,2022,510460.59375
IRL,2023,561943.0625
IRL,2024,618617.875
IRL,2025,681008.625
IRL,2026,749691.875
IRL,2027,825302.125
IRL,2028,908538.25
IRL,2029,1000169.0625
IRL,2030,1101041.375
IRL,2031,1212087.25
IRL,2032,1334332.75
IRN,2018,1511541.0
IRN,2019,1668993.625
IRN,2020,1837195.75
IRN,2021,2022488.125
IRN,2022,2226467.0
IRN,2023,2451018.25
IRN,2024,2698216.5
IRN,2025,2970346.25
IRN,2026,3269921.75
IRN,2027,3599711.25
IRN,2028,3962762.0
IRN,2029,4362428.0
IRN,2030,4802403.0
IRN,2031,5286752.0
IRN,2032,5819950.0
IRQ,2018,586698.1875
IRQ,2019,647812.5
IRQ,2020,713099.25
IRQ,2021,785019.5
IRQ,2022,864192.8125
IRQ,2023,951351.125
IRQ,2024,1047299.875
IRQ,2025,1152925.5
IRQ,2026,1269204.125
IRQ,2027,1397210.125
IRQ,2028,1538126.25
IRQ,2029,1693254.5
IRQ,2030,1864028.5
IRQ,2031,2052025.75
IRQ,2032,2258983.75
ISL,2018,15041.953125
ISL,2019,16608.607421875
ISL,2020,18282.18359375
ISL,2021,20125.80859375
ISL,2022,22155.357421875
ISL,2023,24389.59765625
ISL,2024,26849.177734375
ISL,2025,29556.814453125
ISL,2026,32537.533203125
ISL,2027,35818.87109375
ISL,2028,39431.15234375
ISL,2029,43407.75390625
ISL,2030,47785.41796875
ISL,2031,52604.58984375
ISL,2032,57909.80859375
ISR,2018,266240.875
ISR,2019,293974.1875
ISR,2020,323600.875
ISR,2021,356237.8125
ISR,2022,392166.09375
ISR,2023,431717.96875
ISR,2024,475258.90625
ISR,2025,523191.15625
ISR,2026,575957.625
ISR,2027,634045.875
ISR,2028,697992.625
ISR,2029,768388.75
ISR,2030,845884.75
ISR,2031,931196.625
ISR,2032,1025112.625
ITA,2018,2077623.25
ITA,2019,2294043.25
ITA,2020,2525238.5
ITA,2021,2779924.0
ITA,2022,3060294.5
ITA,2023,3368942.0
ITA,2024,3708718.25
ITA,2025,4082763.0
ITA,2026,4494532.0
ITA,2027,4947830.0
ITA,2028,5446846.0
ITA,2029,5996190.5
ITA,2030,6600939.0
ITA,2031,7266680.0
ITA,2032,7999564.5
JAM,2018,19539.541015625
JAM,2019,21574.62109375
JAM,2020,23748.6640625
JAM,2021,26143.615234375
JAM,2022,28780.09375
JAM,2023,31682.4765625
JAM,2024,34877.578125
JAM,2025,38394.92578125
JAM,2026,42267.01953125
JAM,2027,46529.63671875
JAM,2028,51222.16015625
JAM,2029,56387.953125
JAM,2030,62074.7421875
JAM,2031,68335.078125
JAM,2032,75226.8046875
JOR,2018,88577.65625
JOR,2019,97804.234375
JOR,2020,107660.75
JOR,2021,118518.7578125
JOR,2022,130471.78125
JOR,2023,143630.328125
JOR,2024,158116.0
JOR,2025,174062.625
JOR,2026,191617.5625
JOR,2027,210943.0
JOR,2028,232217.5
JOR,2029,255637.671875
JOR,2030,281419.90625
JOR,2031,309802.40625
JOR,2032,341047.46875
JPN,2018,4926455.0
JPN,2019,5439629.5
JPN,2020,5987839.0
JPN,2021,6591750.0
JPN,2022,7256564.0
JPN,2023,7988428.5
JPN,2024,8794106.0
JPN,2025,9681040.0
JPN,2026,10657426.0
JPN,2027,11732286.0
JPN,2028,12915552.0
JPN,2029,14218157.0
JPN,2030,15652137.0
JPN,2031,17230740.0
JPN,2032,18968556.0
KAZ,2018,435167.65625
KAZ,2019,480497.5625
KAZ,2020,528922.1875
KAZ,2021,582267.0
KAZ,2022,640991.5
KAZ,2023,705638.75
KAZ,2024,776806.0625
KAZ,2025,855151.0
KAZ,2026,941397.4375
KAZ,2027,1036342.25
KAZ,2028,1140862.875
KAZ,2029,1255924.875
KAZ,2030,1382591.5
KAZ,2031,1522033.125
KAZ,2032,1675538.375
KEN,2018,150666.0625
KEN,2019,166360.046875
KEN,2020,183125.640625
KEN,2021,201594.765625
KEN,2022,221926.453125
KEN,2023,244308.71875
KEN,2024,268948.375
KEN,2025,296073.03125
KEN,2026,325933.40625
KEN,2027,358805.34375
KEN,2028,394992.59375
KEN,2029,434829.53125
KEN,2030,478684.25
KEN,2031,526961.9375
KEN,2032,580108.625
KGZ,2018,29436.5703125
KGZ,2019,32502.587890625
KGZ,2020,35777.95703125
KGZ,2021,39386.13671875
KGZ,2022,43358.19921875
KGZ,2023,47730.86328125
KGZ,2024,52544.53515625
KGZ,2025,57843.69921875
KGZ,2026,63677.3046875
KGZ,2027,70099.265625
KGZ,2028,77168.9140625
KGZ,2029,84951.578125
KGZ,2030,93519.171875
KGZ,2031,102950.8515625
KGZ,2032,113333.7734375
KHM,2018,54050.97265625
KHM,2019,59680.93359375
KHM,2020,65695.3515625
KHM,2021,72320.8984375
KHM,2022,79614.609375
KHM,2023,87643.9453125
KHM,2024,96483.078125
KHM,2025,106213.6875
KHM,2026,116925.671875
KHM,2027,128718.03125
KHM,2028,141699.71875
KHM,2029,155990.671875
KHM,2030,171722.9375
KHM,2031,189041.90625
KHM,2032,208107.578125
KOR,2018,1850975.25
KOR,2019,2043785.75
KOR,2020,2249759.75
KOR,2021,2476662.0
KOR,2022,2726446.5
KOR,2023,3001423.5
KOR,2024,3304133.5
KOR,2025,3637373.5
KOR,2026,4004223.0
KOR,2027,4408071.0
KOR,2028,4852649.0
KOR,2029,5342066.0
KOR,2030,5880842.5
KOR,2031,6473957.5
KOR,2032,7126891.5
KWT,2018,265801.0625
KWT,2019,293488.53125
KWT,2020,323066.28125
KWT,2021,355649.28125
KWT,2022,391518.1875
KWT,2023,431004.71875
KWT,2024,474473.6875
KWT,2025,522326.78125
KWT,2026,575006.0
KWT,2027,632998.25
KWT,2028,696839.3125
KWT,2029,767119.1875
KWT,2030,844487.125
KWT,2031,929658.0625
KWT,2032,1023419.0
LAO,2018,47179.8359375
LAO,2019,52093.859375
LAO,2020,57343.62109375
LAO,2021,63126.83203125
LAO,2022,69493.2734375
LAO,2023,76501.8125
LAO,2024,84217.203125
LAO,2025,92710.7265625
LAO,2026,102060.859375
LAO,2027,112354.015625
LAO,2028,123685.296875
LAO,2029,136159.40625
LAO,2030,149891.59375
LAO,2031,165008.75
LAO,2032,181650.5625
LBR,2018,4191.52197265625
LBR,2019,4627.52392578125
LBR,2020,5093.5771484375
LBR,2021,5607.0458984375
LBR,2022,6172.298828125
LBR,2023,6794.5615234375
LBR,2024,7479.58251953125
LBR,2025,8233.69140625
LBR,2026,9063.8564453125
LBR,2027,9977.748046875
LBR,2028,10983.8115234375
LBR,2029,12091.341796875
LBR,2030,13310.5712890625
LBR,2031,14652.767578125
LBR,2032,16130.33203125
LKA,2018,252693.859375
LKA,2019,279015.96875
LKA,2020,307135.125
LKA,2021,338111.34375
LKA,2022,372211.5
LKA,2023,409750.84375
LKA,2024,451076.25
LKA,2025,496569.53125
LKA,2026,546651.0625
LKA,2027,601783.5625
LKA,2028,662476.5
LKA,2029,729290.6875
LKA,2030,802843.4375
LKA,2031,883814.375
LKA,2032,972951.6875
LSO,2018,5873.36376953125
LSO,2019,6484.51220703125
LSO,2020,7137.70703125
LSO,2021,7857.3388671875
LSO,2022,8649.5458984375
LSO,2023,9521.65234375
LSO,2024,10481.7158203125
LSO,2025,11538.6064453125
LSO,2026,12702.0908203125
LSO,2027,13982.9189453125
LSO,2028,15392.9248046875
LSO,2029,16945.13671875
LSO,2030,18653.8984375
LSO,2031,20534.99609375
LSO,2032,22605.814453125
LTU,2018,75255.09375
LTU,2019,83093.96875
LTU,2020,91467.9921875
LTU,2021,100692.8671875
LTU,2022,110848.0546875
LTU,2023,122027.4453125
LTU,2024,134334.34375
LTU,2025,147882.453125
LTU,2026,162796.96875
LTU,2027,179215.6875
LTU,2028,197290.34375
LTU,2029,217187.9375
LTU,2030,239092.3125
LTU,2031,263205.84375
LTU,2032,289751.34375
LUX,2018,32191.08984375
LUX,2019,35544.125
LUX,2020,39126.0390625
LUX,2021,43071.89453125
LUX,2022,47415.68359375
LUX,2023,52197.56640625
LUX,2024,57461.73046875
LUX,2025,63256.81640625
LUX,2026,69636.375
LUX,2027,76659.34375
LUX,2028,84390.625
LUX,2029,92901.640625
LUX,2030,102271.0390625
LUX,2031,112585.3984375
LUX,2032,123940.0078125
LVA,2018,45589.86328125
LVA,2019,50338.59765625
LVA,2020,55411.51171875
LVA,2021,60999.85546875
LVA,2022,67151.78125
LVA,2023,73924.1640625
LVA,2024,81379.5859375
LVA,2025,89586.921875
LVA,2026,98622.015625
LVA,2027,108568.3515625
LVA,2028,119517.828125
LVA,2029,131571.625
LVA,2030,144841.109375
LVA,2031,159448.890625
LVA,2032,175529.953125
MAR,2018,294373.09375
MAR,2019,325036.75
MAR,2020,357793.90625
MAR,2021,393879.40625
MAR,2022,433604.03125
MAR,2023,477335.125
MAR,2024,525476.75
MAR,2025,578473.6875
MAR,2026,636815.6875
MAR,2027,701041.8125
MAR,2028,771745.5
MAR,2029,849580.0
MAR,2030,935264.5
MAR,2031,1029590.8125
MAR,2032,1133430.5
MDA,2018,24181.810546875
MDA,2019,26700.474609375
MDA,2020,29391.107421875
MDA,2021,32355.1328125
MDA,2022,35618.07421875
MDA,2023,39210.10546875
MDA,2024,43164.4140625
MDA,2025,47517.53515625
MDA,2026,52309.69140625
MDA,2027,57585.16796875
MDA,2028,63392.703125
MDA,2029,69785.96875
MDA,2030,76824.03125
MDA,2031,84571.921875
MDA,2032,93101.2265625
MDG,2018,38253.97265625
MDG,2019,42238.30078125
MDG,2020,46494.81640625
MDG,2021,51183.86328125
MDG,2022,56345.7890625
MDG,2023,62028.328125
MDG,2024,68283.984375
MDG,2025,75170.5546875
MDG,2026,82751.671875
MDG,2027,91097.390625
MDG,2028,100284.8203125
MDG,2029,110398.8515625
MDG,2030,121532.9296875
MDG,2031,133789.953125
MDG,2032,147283.15625
MDV,2018,7866.87841796875
MDV,2019,8686.08203125
MDV,2020,9561.216796875
MDV,2021,10525.2763671875
MDV,2022,11586.560546875
MDV,2023,12754.8818359375
MDV,2024,14041.0341796875
MDV,2025,15456.9013671875
MDV,2026,17015.56640625
MDV,2027,18731.431640625
MDV,2028,20620.3515625
MDV,2029,22699.779296875
MDV,2030,24988.927734375
MDV,2031,27508.951171875
MDV,2032,30283.1328125
MEX,2018,2128369.0
MEX,2019,2350075.0
MEX,2020,2586917.0
MEX,2021,2847823.5
MEX,2022,3135042.0
MEX,2023,3451228.0
MEX,2024,3799303.0
MEX,2025,4182483.75
MEX,2026,4604310.0
MEX,2027,5068680.0
MEX,2028,5579884.0
MEX,2029,6142646.0
MEX,2030,6762166.0
MEX,2031,7444168.0
MEX,2032,8194953.0
MLI,2018,45304.5078125
MLI,2019,50022.95703125
MLI,2020,55063.97265625
MLI,2021,60617.265625
MLI,2022,66730.6015625
MLI,2023,73460.515625
MLI,2024,80869.171875
MLI,2025,89025.0234375
MLI,2026,98003.4453125
MLI,2027,107887.390625
MLI,2028,118768.1875
MLI,2029,130746.375
MLI,2030,143932.625
MLI,2031,158448.78125
MLI,2032,174428.96875
MLT,2018,13622.2978515625
MLT,2019,15041.0498046875
MLT,2020,16556.642578125
MLT,2021,18226.232421875
MLT,2022,20064.19921875
MLT,2023,22087.533203125
MLT,2024,24314.93359375
MLT,2025,26766.98046875
MLT,2026,29466.328125
MLT,2027,32437.921875
MLT,2028,35709.21484375
MLT,2029,39310.44140625
MLT,2030,43274.8671875
MLT,2031,47639.12890625
MLT,2032,52443.55078125
MNG,2018,38079.07421875
MNG,2019,42045.35546875
MNG,2020,46282.453125
MNG,2021,50950.08203125
MNG,2022,56088.43359375
MNG,2023,61745.015625
MNG,2024,67972.09375
MNG,2025,74827.2109375
MNG,2026,82373.703125
MNG,2027,90681.296875
MNG,2028,99826.765625
MNG,2029,109894.6015625
MNG,2030,120977.8359375
MNG,2031,133178.875
MNG,2032,146610.453125
MOZ,2018,32046.29296875
MOZ,2019,35383.84375
MOZ,2020,38949.54296875
MOZ,2021,42877.59765625
MOZ,2022,47201.7890625
MOZ,2023,51962.1015625
MOZ,2024,57202.51953125
MOZ,2025,62971.46484375
MOZ,2026,69322.234375
MOZ,2027,76313.5234375
MOZ,2028,84009.921875
MOZ,2029,92482.546875
MOZ,2030,101809.671875
MOZ,2031,112077.5
MOZ,2032,123380.8828125
MRT,2018,14162.8115234375
MRT,2019,15637.4921875
MRT,2020,17213.13671875
MRT,2021,18948.9375
MRT,2022,20859.79296875
MRT,2023,22963.369140625
MRT,2024,25279.1015625
MRT,2025,27828.388671875
MRT,2026,30634.787109375
MRT,2027,33724.2265625
MRT,2028,37125.25
MRT,2029,40869.2890625
MRT,2030,44990.93359375
MRT,2031,49528.265625
MRT,2032,54523.22265625
MUS,2018,25608.73046875
MUS,2019,28276.03515625
MUS,2020,31125.455078125
MUS,2021,34264.40234375
MUS,2022,37719.91015625
MUS,2023,41523.92578125
MUS,2024,45711.59765625
MUS,2025,50321.6171875
MUS,2026,55396.5859375
MUS,2027,60983.39453125
MUS,2028,67133.65625
MUS,2029,73904.2109375
MUS,2030,81357.6171875
MUS,2031,89562.734375
MUS,2032,98595.390625
MWI,2018,20395.201171875
MWI,2019,22519.185546875
MWI,2020,24788.38671875
MWI,2021,27288.19921875
MWI,2022,30040.115234375
MWI,2023,33069.578125
MWI,2024,36404.58203125
MWI,2025,40075.9375
MWI,2026,44117.56640625
MWI,2027,48566.81640625
MWI,2028,53464.80078125
MWI,2029,58856.77734375
MWI,2030,64792.5625
MWI,2031,71327.0078125
MWI,2032,78520.484375
MYS,2018,762602.8125
MYS,2019,842040.6875
MYS,2020,926901.875
MYS,2021,1020385.5
MYS,2022,1123296.625
MYS,2023,1236587.0
MYS,2024,1361303.25
MYS,2025,1498598.0
MYS,2026,1649739.625
MYS,2027,1816124.75
MYS,2028,1999290.75
MYS,2029,2200930.0
MYS,2030,2422905.75
MYS,2031,2667269.0
MYS,2032,2936277.5
NAM,2018,22512.80859375
NAM,2019,24857.435546875
NAM,2020,27362.296875
NAM,2021,30121.70703125
NAM,2022,33159.3984375
NAM,2023,36503.45703125
NAM,2024,40184.78515625
NAM,2025,44237.39453125
NAM,2026,48698.73046875
NAM,2027,53610.01953125
NAM,2028,59016.63671875
NAM,2029,64968.54296875
NAM,2030,71520.734375
NAM,2031,78733.75
NAM,2032,86674.234375
NER,2018,19280.837890625
NER,2019,21288.5
NER,2020,23433.6328125
NER,2021,25796.80859375
NER,2022,28398.30859375
NER,2023,31262.185546875
NER,2024,34414.90234375
NER,2025,37885.58984375
NER,2026,41706.3125
NER,2027,45912.375
NER,2028,50542.64453125
NER,2029,55639.90234375
NER,2030,61251.25
NER,2031,67428.53125
NER,2032,74228.828125
NGA,2018,987179.0
NGA,2019,1090010.0
NGA,2020,1199861.625
NGA,2021,1320874.875
NGA,2022,1454092.0
NGA,2023,1600745.0
NGA,2024,1762188.75
NGA,2025,1939915.0
NGA,2026,2135566.0
NGA,2027,2350949.5
NGA,2028,2588055.5
NGA,2029,2849075.0
NGA,2030,3136419.75
NGA,2031,3452745.0
NGA,2032,3800973.0
NLD,2018,793859.125
NLD,2019,876552.9375
NLD,2020,964892.25
NLD,2021,1062207.375
NLD,2022,1169336.5
NLD,2023,1287270.25
NLD,2024,1417098.25
NLD,2025,1560020.0
NLD,2026,1717356.5
NLD,2027,1890561.25
NLD,2028,2081234.5
NLD,2029,2291138.25
NLD,2030,2522212.0
NLD,2031,2776591.0
NLD,2032,3056625.5
NOR,2018,434693.96875
NOR,2019,479974.59375
NOR,2020,528346.5
NOR,2021,581633.25
NOR,2022,640293.875
NOR,2023,704870.75
NOR,2024,775960.625
NOR,2025,854220.3125
NOR,2026,940372.9375
NOR,2027,1035214.4375
NOR,2028,1139621.25
NOR,2029,1254558.0
NOR,2030,1381086.75
NOR,2031,1520376.625
NOR,2032,1673714.75
NPL,2018,75283.9375
NPL,2019,83125.65625
NPL,2020,91502.8515625
NPL,2021,100731.2421875
NPL,2022,110890.296875
NPL,2023,122073.953125
NPL,2024,134385.53125
NPL,2025,147938.8125
NPL,2026,162859.015625
NPL,2027,179284.0
NPL,2028,197365.53125
NPL,2029,217270.6875
NPL,2030,239183.375
NPL,2031,263306.09375
NPL,2032,289861.71875
NZL,2018,166758.28125
NZL,2019,184128.78125
NZL,2020,202685.15625
NZL,2021,223126.96875
NZL,2022,245630.28125
NZL,2023,270403.21875
NZL,2024,297674.625
NZL,2025,327696.53125
NZL,2026,360746.28125
NZL,2027,397129.28125
NZL,2028,437181.71875
NZL,2029,481273.625
NZL,2030,529812.5
NZL,2031,583246.75
NZL,2032,642070.125
PAK,2018,1005321.9375
PAK,2019,1110042.75
PAK,2020,1221913.25
PAK,2021,1345150.5
PAK,2022,1480816.0
PAK,2023,1630164.25
PAK,2024,1794575.0
PAK,2025,1975567.625
PAK,2026,2174814.5
PAK,2027,2394156.25
PAK,2028,2635620.0
PAK,2029,2901436.5
PAK,2030,3194062.5
PAK,2031,3516201.0
PAK,2032,3870829.0
PAN,2018,88730.9453125
PAN,2019,97973.5
PAN,2020,107847.078125
PAN,2021,118723.8828125
PAN,2022,130697.5859375
PAN,2023,143878.9375
PAN,2024,158389.6875
PAN,2025,174363.90625
PAN,2026,191949.21875
PAN,2027,211308.109375
PAN,2028,232619.453125
PAN,2029,256080.171875
PAN,2030,281907.03125
PAN,2031,310338.65625
PAN,2032,341637.78125
PER,2018,372696.90625
PER,2019,411519.40625
PER,2020,452992.34375
PER,2021,498679.1875
PER,2022,548973.4375
PER,2023,604340.1875
PER,2024,665291.0
PER,2025,732389.0
PER,2026,806254.1875
PER,2027,887569.125
PER,2028,977085.125
PER,2029,1075629.25
PER,2030,1184112.25
PER,2031,1303536.25
PER,2032,1435004.75
PHL,2018,795448.75
PHL,2019,878308.0
PHL,2020,966824.25
PHL,2021,1064334.25
PHL,2022,1171677.875
PHL,2023,1289848.0
PHL,2024,1419936.0
PHL,2025,1563144.0
PHL,2026,1720795.625
PHL,2027,1894347.125
PHL,2028,2085402.25
PHL,2029,2295726.25
PHL,2030,2527262.75
PHL,2031,2782150.75
PHL,2032,3062746.0
POL,2018,1008006.3125
POL,2019,1113007.25
POL,2020,1225176.625
POL,2021,1348743.0
POL,2022,1484770.875
POL,2023,1634517.875
POL,2024,1799367.75
POL,2025,1980843.75
POL,2026,2180622.5
POL,2027,2400550.0
POL,2028,2642658.5
POL,2029,2909185.0
POL,2030,3202592.0
POL,2031,3525591.0
POL,2032,3881166.25
PRT,2018,249170.640625
PRT,2019,275125.8125
PRT,2020,302852.9375
PRT,2021,333397.28125
PRT,2022,367021.96875
PRT,2023,404037.90625
PRT,2024,444787.125
PRT,2025,489646.09375
PRT,2026,539029.375
PRT,2027,593393.1875
PRT,2028,653239.875
PRT,2029,719122.375
PRT,2030,791649.5625
PRT,2031,871491.5625
PRT,2032,959386.0625
PRY,2018,59798.328125
PRY,2019,66027.03125
PRY,2020,72681.0234375
PRY,2021,80011.109375
PRY,2022,88080.421875
PRY,2023,96963.578125
PRY,2024,106742.6484375
PRY,2025,117508.0
PRY,2026,129359.09375
PRY,2027,142405.421875
PRY,2028,156767.53125
PRY,2029,172578.15625
PRY,2030,189983.375
PRY,2031,209144.0
PRY,2032,230237.0625
QAT,2018,353968.96875
QAT,2019,390840.65625
QAT,2020,430229.59375
QAT,2021,473620.6875
QAT,2022,521387.71875
QAT,2023,573972.25
QAT,2024,631860.25
QAT,2025,695586.5
QAT,2026,765740.0
QAT,2027,842968.875
QAT,2028,927986.625
QAT,2029,1021578.9375
QAT,2030,1124610.5
QAT,2031,1238033.5
QAT,2032,1362895.75
ROU,2018,437400.4375
ROU,2019,482962.96875
ROU,2020,531636.0625
ROU,2021,585254.625
ROU,2022,644280.5
ROU,2023,709259.4375
ROU,2024,780791.9375
ROU,2025,859538.875
ROU,2026,946227.875
ROU,2027,1041659.9375
ROU,2028,1146716.75
ROU,2029,1262369.25
ROU,2030,1389685.875
ROU,2031,1529843.125
ROU,2032,1684136.0
RUS,2018,3674481.5
RUS,2019,4057241.5
RUS,2020,4466133.0
RUS,2021,4916570.0
RUS,2022,5412432.5
RUS,2023,5958306.0
RUS,2024,6559234.0
RUS,2025,7220769.0
RUS,2026,7949023.0
RUS,2027,8750726.0
RUS,2028,9633285.0
RUS,2029,10604854.0
RUS,2030,11674412.0
RUS,2031,12851841.0
RUS,2032,14148020.0
RWA,2018,23092.916015625
RWA,2019,25498.0
RWA,2020,28067.421875
RWA,2021,30897.947265625
RWA,2022,34013.92578125
RWA,2023,37444.16796875
RWA,2024,41220.37109375
RWA,2025,45377.42578125
RWA,2026,49953.7421875
RWA,2027,54991.60546875
RWA,2028,60537.56640625
RWA,2029,66642.875
RWA,2030,73363.9375
RWA,2031,80762.8515625
RWA,2032,88907.984375
SAU,2018,1668343.125
SAU,2019,1842129.25
SAU,2020,2027780.25
SAU,2021,2232294.25
SAU,2022,2457433.0
SAU,2023,2705278.5
SAU,2024,2978120.5
SAU,2025,3278480.0
SAU,2026,3609132.5
SAU,2027,3973133.25
SAU,2028,4373845.5
SAU,2029,4814971.5
SAU,2030,5300588.0
SAU,2031,5835181.5
SAU,2032,6423692.0
SDN,2018,168549.984375
SDN,2019,186106.8125
SDN,2020,204862.5
SDN,2021,225523.90625
SDN,2022,248269.0
SDN,2023,273308.03125
SDN,2024,300872.40625
SDN,2025,331216.78125
SDN,2026,364621.59375
SDN,2027,401395.4375
SDN,2028,441878.15625
SDN,2029,486443.78125
SDN,2030,535504.0625
SDN,2031,589512.375
SDN,2032,648967.6875
SEN,2018,48368.59765625
SEN,2019,53406.5234375
SEN,2020,58788.58203125
SEN,2021,64717.52734375
SEN,2022,71244.3984375
SEN,2023,78429.546875
SEN,2024,86339.359375
SEN,2025,95046.9140625
SEN,2026,104632.671875
SEN,2027,115185.2109375
SEN,2028,126802.03125
SEN,2029,139590.46875
SEN,2030,153668.6875
SEN,2031,169166.78125
SEN,2032,186227.9375
SGP,2018,387379.90625
SGP,2019,427731.9375
SGP,2020,470838.8125
SGP,2021,518325.625
SGP,2022,570601.375
SGP,2023,628149.4375
SGP,2024,691501.5
SGP,2025,761243.0
SGP,2026,838018.3125
SGP,2027,922536.8125
SGP,2028,1015579.5
SGP,2029,1118006.0
SGP,2030,1230762.75
SGP,2031,1354891.75
SGP,2032,1491539.875
SLE,2018,11276.544921875
SLE,2019,12450.3876953125
SLE,2020,13704.8046875
SLE,2021,15086.7685546875
SLE,2022,16608.1015625
SLE,2023,18282.87109375
SLE,2024,20126.55078125
SLE,2025,22156.17578125
SLE,2026,24390.5
SLE,2027,26850.16796875
SLE,2028,29557.904296875
SLE,2029,32538.732421875
SLE,2030,35820.1953125
SLE,2031,39432.61328125
SLE,2032,43409.36328125
SLV,2018,44291.1796875
SLV,2019,48904.56640625
SLV,2020,53832.94140625
SLV,2021,59262.078125
SLV,2022,65238.734375
SLV,2023,71818.171875
SLV,2024,79061.1875
SLV,2025,87034.703125
SLV,2026,95812.390625
SLV,2027,105475.359375
SLV,2028,116112.890625
SLV,2029,127823.2734375
SLV,2030,140714.71875
SLV,2031,154906.328125
SLV,2032,170529.25
SRB,2018,98255.875
SRB,2019,108490.671875
SRB,2020,119424.1875
SRB,2021,131468.625
SRB,2022,144727.71875
SRB,2023,159324.0625
SRB,2024,175392.53125
SRB,2025,193081.578125
SRB,2026,212554.6875
SRB,2027,233991.765625
SRB,2028,257590.875
SRB,2029,283570.09375
SRB,2030,312169.46875
SRB,2031,343653.21875
SRB,2032,378312.28125
SVK,2018,145316.703125
SVK,2019,160453.71875
SVK,2020,176624.125
SVK,2021,194437.53125
SVK,2022,214047.375
SVK,2023,235635.0
SVK,2024,259399.859375
SVK,2025,285561.53125
SVK,2026,314361.71875
SVK,2027,346066.59375
SVK,2028,380969.0625
SVK,2029,419391.65625
SVK,2030,461689.40625
SVK,2031,508253.09375
SVK,2032,559512.9375
SVN,2018,58561.7734375
SVN,2019,64661.7734375
SVN,2020,71178.1875
SVN,2021,78356.7109375
SVN,2022,86259.171875
SVN,2023,94958.6484375
SVN,2024,104535.515625
SVN,2025,115078.2578125
SVN,2026,126684.2890625
SVN,2027,139460.859375
SVN,2028,153526.0
SVN,2029,169009.71875
SVN,2030,186055.03125
SVN,2031,204819.46875
SVN,2032,225476.375
SWE,2018,445838.65625
SWE,2019,492280.1875
SWE,2020,541892.25
SWE,2021,596545.125
SWE,2022,656709.75
SWE,2023,722942.25
SWE,2024,795854.6875
SWE,2025,876120.75
SWE,2026,964482.125
SWE,2027,1061755.25
SWE,2028,1168838.875
SWE,2029,1286722.5
SWE,2030,1416495.375
SWE,2031,1559356.5
SWE,2032,1716626.0
SWZ,2018,9962.48046875
SWZ,2019,10999.732421875
SWZ,2020,12107.9990234375
SWZ,2021,13328.9150390625
SWZ,2022,14672.958984375
SWZ,2023,16152.55859375
SWZ,2024,17781.3828125
SWZ,2025,19574.484375
SWZ,2026,21548.4296875
SWZ,2027,23721.458984375
SWZ,2028,26113.650390625
SWZ,2029,28747.109375
SWZ,2030,31646.1640625
SWZ,2031,34837.60546875
SWZ,2032,38350.91796875
SYR,2018,49977.37109375
SYR,2019,55183.0625
SYR,2020,60744.1875
SYR,2021,66870.375
SYR,2022,73614.375
SYR,2023,81038.546875
SYR,2024,89211.484375
SYR,2025,98208.7109375
SYR,2026,108113.359375
SYR,2027,119016.9453125
SYR,2028,131020.2109375
SYR,2029,144234.078125
SYR,2030,158780.640625
SYR,2031,174794.3125
SYR,2032,192423.046875
TGO,2018,11579.5849609375
TGO,2019,12785.158203125
TGO,2020,14073.3408203125
TGO,2021,15492.4736328125
TGO,2022,17054.724609375
TGO,2023,18774.5390625
TGO,2024,20667.8046875
TGO,2025,22752.017578125
TGO,2026,25046.43359375
TGO,2027,27572.255859375
TGO,2028,30352.8203125
TGO,2029,33413.8203125
TGO,2030,36783.54296875
TGO,2031,40493.1171875
TGO,2032,44576.82421875
THA,2018,1076077.25
THA,2019,1188168.875
THA,2020,1307913.125
THA,2021,1439824.0
THA,2022,1585037.875
THA,2023,1744897.375
THA,2024,1920879.75
THA,2025,2114610.75
THA,2026,2327880.75
THA,2027,2562660.25
THA,2028,2821118.5
THA,2029,3105643.5
THA,2030,3418864.5
THA,2031,3763675.5
THA,2032,4143262.75
TJK,2018,35365.49609375
TJK,2019,39049.0390625
TJK,2020,42984.15234375
TJK,2021,47319.12109375
TJK,2022,52091.265625
TJK,2023,57344.7109375
TJK,2024,63127.99609375
TJK,2025,69494.5625
TJK,2026,76503.2265625
TJK,2027,84218.75
TJK,2028,92712.4296875
TJK,2029,102062.75
TJK,2030,112356.09375
TJK,2031,123687.578125
TJK,2032,136161.90625
TTO,2018,38523.39453125
TTO,2019,42535.9296875
TTO,2020,46822.46484375
TTO,2021,51544.5546875
TTO,2022,56742.859375
TTO,2023,62465.44140625
TTO,2024,68765.1875
TTO,2025,75700.2890625
TTO,2026,83334.8359375
TTO,2027,91739.375
TTO,2028,100991.546875
TTO,2029,111176.859375
TTO,2030,122389.421875
TTO,2031,134732.8125
TTO,2032,148321.125
TUN,2018,124829.453125
TUN,2019,137832.296875
TUN,2020,151722.875
TUN,2021,167024.828125
TUN,2022,183869.953125
TUN,2023,202414.0
TUN,2024,222828.296875
TUN,2025,245301.53125
TUN,2026,270041.28125
TUN,2027,297276.1875
TUN,2028,327257.875
TUN,2029,360263.40625
TUN,2030,396597.71875
TUN,2031,436596.53125
TUN,2032,480629.46875
TUR,2018,2027071.375
TUR,2019,2238225.5
TUR,2020,2463795.5
TUR,2021,2712284.5
TUR,2022,2985833.0
TUR,2023,3286970.75
TUR,2024,3618479.5
TUR,2025,3983423.0
TUR,2026,4385173.0
TUR,2027,4827442.0
TUR,2028,5314316.0
TUR,2029,5850294.0
TUR,2030,6440328.5
TUR,2031,7089871.0
TUR,2032,7804923.5
TZA,2018,147871.84375
TZA,2019,163274.71875
TZA,2020,179729.375
TZA,2021,197855.953125
TZA,2022,217810.5625
TZA,2023,239777.71875
TZA,2024,263960.40625
TZA,2025,290582.03125
TZA,2026,319888.59375
TZA,2027,352150.875
TZA,2028,387667.0
TZA,2029,426765.09375
TZA,2030,469806.46875
TZA,2031,517188.78125
TZA,2032,569349.8125
UGA,2018,80993.5
UGA,2019,89429.875
UGA,2020,98442.390625
UGA,2021,108370.671875
UGA,2022,119300.203125
UGA,2023,131332.03125
UGA,2024,144577.34375
UGA,2025,159158.515625
UGA,2026,175210.28125
UGA,2027,192880.96875
UGA,2028,212333.84375
UGA,2029,233748.640625
UGA,2030,257323.234375
UGA,2031,283275.46875
UGA,2032,311845.125
UKR,2018,389697.03125
UKR,2019,430290.40625
UKR,2020,473655.15625
UKR,2021,521425.96875
UKR,2022,574014.375
UKR,2023,631906.625
UKR,2024,695637.625
UKR,2025,765796.25
UKR,2026,843030.75
UKR,2027,928054.75
UKR,2028,1021654.0
UKR,2029,1124693.25
UKR,2030,1238124.5
UKR,2031,1362996.0
UKR,2032,1500461.5
URY,2018,66863.5625
URY,2019,73828.296875
URY,2020,81268.515625
URY,2021,89464.703125
URY,2022,98487.4609375
URY,2023,108420.21875
URY,2024,119354.7421875
URY,2025,131392.09375
URY,2026,144643.46875
URY,2027,159231.328125
URY,2028,175290.4375
URY,2029,192969.1875
URY,2030,212430.9375
URY,2031,233855.53125
URY,2032,257440.90625
USA,2018,17379622.0
USA,2019,19190008.0
USA,2020,21123990.0
USA,2021,23254476.0
USA,2022,25599818.0
USA,2023,28181700.0
USA,2024,31023982.0
USA,2025,34152924.0
USA,2026,37597436.0
USA,2027,41389344.0
USA,2028,45563688.0
USA,2029,50159040.0
USA,2030,55217856.0
USA,2031,60786880.0
USA,2032,66917576.0
VEN,2018,355231.03125
VEN,2019,392234.09375
VEN,2020,431763.46875
VEN,2021,475309.28125
VEN,2022,523246.53125
VEN,2023,576018.5625
VEN,2024,634112.9375
VEN,2025,698066.5
VEN,2026,768470.125
VEN,2027,845974.375
VEN,2028,931295.25
VEN,2029,1025221.25
VEN,2030,1128620.25
VEN,2031,1242447.5
VEN,2032,1367755.0
VNM,2018,596959.4375
VNM,2019,659142.6875
VNM,2020,725571.25
VNM,2021,798749.375
VNM,2022,879307.375
VNM,2023,967990.125
VNM,2024,1065617.0
VNM,2025,1173090.125
VNM,2026,1291402.5
VNM,2027,1421647.25
VNM,2028,1565028.0
VNM,2029,1722869.5
VNM,2030,1896630.125
VNM,2031,2087915.625
VNM,2032,2298493.25
YEM,2018,51304.33203125
YEM,2019,56648.05859375
YEM,2020,62356.80078125
YEM,2021,68645.625
YEM,2022,75568.6640625
YEM,2023,83189.9375
YEM,2024,91579.859375
YEM,2025,100815.953125
YEM,2026,110983.5625
YEM,2027,122176.6171875
YEM,2028,134498.5625
YEM,2029,148063.25
YEM,2030,162996.0
YEM,2031,179434.796875
YEM,2032,197531.546875
ZAF,2018,668084.9375
ZAF,2019,737677.0
ZAF,2020,812020.25
ZAF,2021,893917.25
ZAF,2022,984073.5
ZAF,2023,1083322.5
ZAF,2024,1192581.25
ZAF,2025,1312859.5
ZAF,2026,1445268.25
ZAF,2027,1591031.25
ZAF,2028,1751495.375
ZAF,2029,1928143.125
ZAF,2030,2122606.75
ZAF,2031,2336683.25
ZAF,2032,2572350.5
ZMB,2018,58413.49609375
ZMB,2019,64497.72265625
ZMB,2020,70997.5625
ZMB,2021,78157.859375
ZMB,2022,86040.265625
ZMB,2023,94717.65625
ZMB,2024,104270.21875
ZMB,2025,114786.1953125
ZMB,2026,126362.78125
ZMB,2027,139106.9375
ZMB,2028,153136.40625
ZMB,2029,168580.8125
ZMB,2030,185582.875
ZMB,2031,204299.6875
ZMB,2032,224904.1875
ZWE,2018,31031.5546875
ZWE,2019,34263.5234375
ZWE,2020,37716.33203125
ZWE,2021,41520.0078125
ZWE,2022,45707.27734375
ZWE,2023,50316.86328125
ZWE,2024,55391.34765625
ZWE,2025,60977.625
ZWE,2026,67127.3125
ZWE,2027,73897.234375
ZWE,2028,81349.9375
ZWE,2029,89554.28125
ZWE,2030,98586.078125
ZWE,2031,108528.7890625
ZWE,2032,119474.28125
