AGO,2018,196677.5
AGO,2019,190556.296875
AGO,2020,184621.125
AGO,2021,178869.8125
AGO,2022,173297.703125
AGO,2023,167899.171875
AGO,2024,162668.796875
AGO,2025,157601.34375
AGO,2026,152691.75
AGO,2027,147935.09375
AGO,2028,143326.625
AGO,2029,138861.71875
AGO,2030,134535.890625
AGO,2031,130344.8125
AGO,2032,126284.28125
ALB,2018,32606.392578125
ALB,2019,31591.458984375
ALB,2020,30607.361328125
ALB,2021,29653.748046875
ALB,2022,28729.84765625
ALB,2023,27834.7265625
ALB,2024,26967.490234375
ALB,2025,26127.267578125
ALB,2026,25313.21875
ALB,2027,24524.529296875
ALB,2028,23760.408203125
ALB,2029,23020.087890625
ALB,2030,22302.830078125
ALB,2031,21607.916015625
ALB,2032,20934.6484375
ARG,2018,707674.9375
ARG,2019,685651.8125
ARG,2020,664296.5625
ARG,2021,643602.875
ARG,2022,623553.9375
ARG,2023,604129.5625
ARG,2024,585310.3125
ARG,2025,567077.25
ARG,2026,549412.1875
ARG,2027,532297.375
ARG,2028,515715.65625
ARG,2029,499650.53125
ARG,2030,484085.78125
ARG,2031,469005.90625
ARG,2032,454395.78125
ARM,2018,32582.541015625
ARM,2019,31568.328125
ARM,2020,30584.951171875
ARM,2021,29632.037109375
ARM,2022,28708.8125
ARM,2023,27814.345703125
ARM,2024,26947.744140625
ARM,2025,26108.13671875
ARM,2026,25294.685546875
ARM,2027,24506.57421875
ARM,2028,23743.013671875
ARM,2029,23003.236328125
ARM,2030,22286.505859375
ARM,2031,21592.099609375
ARM,2032,20919.326171875
ATG,2018,2031.608642578125
ATG,2019,1968.1697998046875
ATG,2020,1906.7120361328125
ATG,2021,1847.15576171875
ATG,2022,1789.455078125
ATG,2023,1733.5518798828125
ATG,2024,1679.39013671875
ATG,2025,1626.91552734375
ATG,2026,1576.07568359375
ATG,2027,1526.8194580078125
ATG,2028,1479.09765625
ATG,2029,1432.8623046875
ATG,2030,1388.0672607421875
ATG,2031,1344.667724609375
ATG,2032,1302.6199951171875
AUS,2018,1182598.75
AUS,2019,1145795.5
AUS,2020,1110108.75
AUS,2021,1075527.375
AUS,2022,1042023.5625
AUS,2023,1009563.4375
AUS,2024,978114.5
AUS,2025,947645.25
AUS,2026,918125.125
AUS,2027,889524.5625
AUS,2028,861814.9375
AUS,2029,834968.5
AUS,2030,808958.375
AUS,2031,783758.4375
AUS,2032,759343.5625
AUT,2018,370259.8125
AUT,2019,358736.96875
AUT,2020,347563.65625
AUT,2021,336736.53125
AUT,2022,326246.71875
AUT,2023,316083.6875
AUT,2024,306237.21875
AUT,2025,296697.46875
AUT,2026,287454.90625
AUT,2027,278500.28125
AUT,2028,269824.5625
AUT,2029,261419.125
AUT,2030,253275.515625
AUT,2031,245385.578125
AUT,2032,237741.4375
AZE,2018,158390.921875
AZE,2019,153461.46875
AZE,2020,148681.640625
AZE,2021,144049.890625
AZE,2022,139562.453125
AZE,2023,135214.78125
AZE,2024,131002.5546875
AZE,2025,126921.546875
AZE,2026,122967.65625
AZE,2027,119136.9453125
AZE,2028,115425.5625
AZE,2029,111829.78125
AZE,2030,108346.0234375
AZE,2031,104970.7890625
AZE,2032,101700.703125
BDI,2018,8001.6240234375
BDI,2019,7752.0517578125
BDI,2020,7510.46826171875
BDI,2021,7276.34765625
BDI,2022,7049.5234375
BDI,2023,6829.76416015625
BDI,2024,6616.8505859375
BDI,2025,6410.5693359375
BDI,2026,6210.7138671875
BDI,2027,6017.08447265625
BDI,2028,5829.48681640625
BDI,2029,5647.73291015625
BDI,2030,5471.64111328125
BDI,2031,5301.0341796875
BDI,2032,5135.7421875
BEL,2018,440823.65625
BEL,2019,427104.84375
BEL,2020,413802.15625
BEL,2021,400911.59375
BEL,2022,388422.6875
BEL,2023,376322.78125
BEL,2024,364599.84375
BEL,2025,353242.03125
BEL,2026,342238.0625
BEL,2027,331576.90625
BEL,2028,321247.8125
BEL,2029,311240.46875
BEL,2030,301544.875
BEL,2031,292151.34375
BEL,2032,283050.40625
BEN,2018,24410.701171875
BEN,2019,23650.259765625
BEN,2020,22913.525390625
BEN,2021,22199.583984375
BEN,2022,21507.888671875
BEN,2023,20837.740234375
BEN,2024,20188.466796875
BEN,2025,19559.41796875
BEN,2026,18949.962890625
BEN,2027,18359.494140625
BEN,2028,17787.419921875
BEN,2029,17233.166015625
BEN,2030,16696.177734375
BEN,2031,16175.91796875
BEN,2032,15671.86328125
BFA,2018,28944.91796875
BFA,2019,28043.509765625
BFA,2020,27169.9375
BFA,2021,26323.404296875
BFA,2022,25503.24609375
BFA,2023,24708.634765625
BFA,2024,23938.77734375
BFA,2025,23192.904296875
BFA,2026,22470.263671875
BFA,2027,21770.134765625
BFA,2028,21091.81640625
BFA,2029,20434.626953125
BFA,2030,19797.91015625
BFA,2031,19181.02734375
BFA,2032,18583.361328125
BGD,2018,606740.875
BGD,2019,587859.5625
BGD,2020,569550.0625
BGD,2021,551807.875
BGD,2022,534618.4375
BGD,2023,517964.40625
BGD,2024,501829.1875
BGD,2025,486196.5625
BGD,2026,471050.96875
BGD,2027,456377.125
BGD,2028,442160.40625
BGD,2029,428386.53125
BGD,2030,415041.71875
BGD,2031,402112.59375
BGD,2032,389586.25
BGR,2018,124331.234375
BGR,2019,120461.8125
BGR,2020,116709.7734375
BGR,2021,113073.984375
BGR,2022,109551.46875
BGR,2023,106138.6875
BGR,2024,102832.203125
BGR,2025,99628.71875
BGR,2026,96525.03125
BGR,2027,93518.03125
BGR,2028,90604.6953125
BGR,2029,87782.1171875
BGR,2030,85047.46875
BGR,2031,82398.0
BGR,2032,79831.0625
BHR,2018,58758.09765625
BHR,2019,56929.3125
BHR,2020,55156.05078125
BHR,2021,53437.72265625
BHR,2022,51772.93359375
BHR,2023,50160.00390625
BHR,2024,48597.3125
BHR,2025,47083.3046875
BHR,2026,45616.45703125
BHR,2027,44195.30859375
BHR,2028,42818.42578125
BHR,2029,41484.43359375
BHR,2030,40191.99609375
BHR,2031,38939.8203125
BHR,2032,37726.6484375
BHS,2018,10432.576171875
BHS,2019,10107.6923828125
BHS,2020,9792.72265625
BHS,2021,9487.5087890625
BHS,2022,9191.8046875
BHS,2023,8905.3115234375
BHS,2024,8627.7431640625
BHS,2025,8358.8212890625
BHS,2026,8098.2763671875
BHS,2027,7845.84765625
BHS,2028,7601.2822265625
BHS,2029,7364.33544921875
BHS,2030,7134.76953125
BHS,2031,6912.35498046875
BHS,2032,6696.869140625
BIH,2018,38269.375
BIH,2019,37078.234375
BIH,2020,35923.24609375
BIH,2021,34804.04296875
BIH,2022,33719.70703125
BIH,2023,32669.146484375
BIH,2024,31651.310546875
BIH,2025,30665.18359375
BIH,2026,29709.7734375
BIH,2027,28784.126953125
BIH,2028,27887.314453125
BIH,2029,27018.439453125
BIH,2030,26176.630859375
BIH,2031,25361.044921875
BIH,2032,24570.865234375
BLR,2018,171434.65625
BLR,2019,166099.375
BLR,2020,160925.9375
BLR,2021,155912.75
BLR,2022,151055.765625
BLR,2023,146350.0625
BLR,2024,141790.96875
BLR,2025,137373.90625
BLR,2026,133094.421875
BLR,2027,128948.234375
BLR,2028,124931.21875
BLR,2029,121039.3359375
BLR,2030,117268.6875
BLR,2031,113615.5
BLR,2032,110076.109375
BLZ,2018,2663.68408203125
BLZ,2019,2580.53076171875
BLZ,2020,2500.002685546875
BLZ,2021,2421.964599609375
BLZ,2022,2346.3583984375
BLZ,2023,2273.107177734375
BLZ,2024,2202.1376953125
BLZ,2025,2133.37890625
BLZ,2026,2066.76220703125
BLZ,2027,2002.2205810546875
BLZ,2028,1939.689697265625
BLZ,2029,1879.1065673828125
BLZ,2030,1820.41064453125
BLZ,2031,1763.54296875
BLZ,2032,1708.4468994140625
BOL,2018,70434.109375
BOL,2019,68241.8359375
BOL,2020,66116.2421875
BOL,2021,64056.49609375
BOL,2022,62060.91796875
BOL,2023,60127.5
BOL,2024,58254.31640625
BOL,2025,56439.48046875
BOL,2026,54681.18359375
BOL,2027,52977.66015625
BOL,2028,51327.19921875
BOL,2029,49728.15234375
BOL,2030,48178.91796875
BOL,2031,46677.94140625
BOL,2032,45223.72265625
BRA,2018,2863669.0
BRA,2019,2774551.0
BRA,2020,2688135.5
BRA,2021,2604397.0
BRA,2022,2523267.5
BRA,2023,2444665.25
BRA,2024,2368511.5
BRA,2025,2294730.25
BRA,2026,2223247.0
BRA,2027,2153990.75
BRA,2028,2086891.75
BRA,2029,2021883.25
BRA,2030,1958899.5
BRA,2031,1897877.875
BRA,2032,1838757.0
BRB,2018,3456.94287109375
BRB,2019,3349.116943359375
BRB,2020,3244.64990234375
BRB,2021,3143.41552734375
BRB,2022,3045.335205078125
BRB,2023,2950.310302734375
BRB,2024,2858.245361328125
BRB,2025,2769.04833984375
BRB,2026,2682.6298828125
BRB,2027,2598.9033203125
BRB,2028,2517.78515625
BRB,2029,2439.19384765625
BRB,2030,2363.05078125
BRB,2031,2289.279541015625
BRB,2032,2217.806640625
BRN,2018,30127.115234375
BRN,2019,29189.30859375
BRN,2020,28280.02734375
BRN,2021,27398.912109375
BRN,2022,26545.251953125
BRN,2023,25718.185546875
BRN,2024,24916.880859375
BRN,2025,24140.537109375
BRN,2026,23388.376953125
BRN,2027,22659.6484375
BRN,2028,21953.619140625
BRN,2029,21269.583984375
BRN,2030,20606.857421875
BRN,2031,19964.775390625
BRN,2032,19342.693359375
BTN,2018,7468.61181640625
BTN,2019,7235.8076171875
BTN,2020,7010.29248046875
BTN,2021,6791.75341796875
BTN,2022,6580.0244140625
BTN,2023,6374.890625
BTN,2024,6176.14697265625
BTN,2025,5983.5947265625
BTN,2026,5797.0400390625
BTN,2027,5616.296875
BTN,2028,5441.18408203125
BTN,2029,5271.52587890625
BTN,2030,5107.15283203125
BTN,2031,4947.900390625
BTN,2032,4793.60888671875
BWA,2018,33810.83984375
BWA,2019,32758.228515625
BWA,2020,31737.80078125
BWA,2021,30748.974609375
BWA,2022,29790.958984375
BWA,2023,28862.783203125
BWA,2024,27963.521484375
BWA,2025,27092.2734375
BWA,2026,26248.162109375
BWA,2027,25430.349609375
BWA,2028,24638.01171875
BWA,2029,23870.35546875
BWA,2030,23126.611328125
BWA,2031,22406.037109375
BWA,2032,21707.908203125
CAF,2018,3019.63916015625
CAF,2019,2924.7548828125
CAF,2020,2833.5361328125
CAF,2021,2745.1064453125
CAF,2022,2659.43408203125
CAF,2023,2576.430419921875
CAF,2024,2496.01220703125
CAF,2025,2418.098876953125
CAF,2026,2342.61279296875
CAF,2027,2269.478271484375
CAF,2028,2198.6220703125
CAF,2029,2129.97314453125
CAF,2030,2063.46240234375
CAF,2031,1999.023681640625
CAF,2032,1936.59228515625
CAN,2018,1602326.375
CAN,2019,1552461.0
CAN,2020,1504108.25
CAN,2021,1457253.5
CAN,2022,1411858.5
CAN,2023,1367877.75
CAN,2024,1325266.875
CAN,2025,1283983.5
CAN,2026,1243986.0
CAN,2027,1205234.5
CAN,2028,1167690.25
CAN,2029,1131315.5
CAN,2030,1096074.0
CAN,2031,1061930.125
CAN,2032,1028849.875
CHE,2018,512678.5625
CHE,2019,496723.53125
CHE,2020,481252.5625
CHE,2021,466260.84375
CHE,2022,451736.25
CHE,2023,437664.09375
CHE,2024,424030.28125
CHE,2025,410821.1875
CHE,2026,398023.5625
CHE,2027,385624.59375
CHE,2028,373611.875
CHE,2029,361973.34375
CHE,2030,350697.375
CHE,2031,339772.65625
CHE,2032,329188.25
CHL,2018,388546.75
CHL,2019,376454.84375
CHL,2020,364729.71875
CHL,2021,353367.84375
CHL,2022,342359.96875
CHL,2023,331694.96875
CHL,2024,321362.21875
CHL,2025,311351.34375
CHL,2026,301652.28125
CHL,2027,292255.34375
CHL,2028,283151.15625
CHL,2029,274330.59375
CHL,2030,265784.78125
CHL,2031,257505.1875
CHL,2032,249483.515625
CHN,2018,18462004.0
CHN,2019,17887466.0
CHN,2020,17330348.0
CHN,2021,16790488.0
CHN,2022,16267450.0
CHN,2023,15760704.0
CHN,2024,15269743.0
CHN,2025,14794076.0
CHN,2026,14333226.0
CHN,2027,13886732.0
CHN,2028,13454148.0
CHN,2029,13035039.0
CHN,2030,12628985.0
CHN,2031,12235580.0
CHN,2032,11854430.0
CIV,2018,80527.90625
CIV,2019,78021.1875
CIV,2020,75591.0234375
CIV,2021,73236.125
CIV,2022,70954.5859375
CIV,2023,68744.125
CIV,2024,66602.515625
CIV,2025,64527.62890625
CIV,2026,62517.37890625
CIV,2027,60569.74609375
CIV,2028,58682.78515625
CIV,2029,56854.60546875
CIV,2030,55083.375
CIV,2031,53367.3203125
CIV,2032,51704.72265625
CMR,2018,74358.828125
CMR,2019,72044.109375
CMR,2020,69800.1015625
CMR,2021,67625.59375
CMR,2022,65518.83984375
CMR,2023,63477.70703125
CMR,2024,61500.16015625
CMR,2025,59584.21484375
CMR,2026,57727.95703125
CMR,2027,55929.5234375
CMR,2028,54187.11328125
CMR,2029,52498.98046875
CMR,2030,50863.43359375
CMR,2031,49278.83203125
CMR,2032,47743.58984375
COD,2018,62431.5
COD,2019,60488.3359375
COD,2020,58604.23828125
COD,2021,56778.49609375
COD,2022,55009.63671875
COD,2023,53295.87890625
COD,2024,51635.50390625
COD,2025,50026.85546875
COD,2026,48468.31640625
COD,2027,46958.32421875
COD,2028,45495.37109375
COD,2029,44077.98828125
COD,2030,42704.76171875
COD,2031,41374.30859375
COD,2032,40085.3046875
COG,2018,25137.904296875
COG,2019,24355.138671875
COG,2020,23596.435546875
COG,2021,22861.220703125
COG,2022,22148.9140625
COG,2023,21458.796875
COG,2024,20790.17578125
COG,2025,20142.3828125
COG,2026,19514.771484375
COG,2027,18906.708984375
COG,2028,18317.587890625
COG,2029,17746.818359375
COG,2030,17193.830078125
COG,2031,16658.06640625
COG,2032,16138.9921875
COL,2018,648438.3125
COL,2019,628258.6875
COL,2020,608691.0
COL,2021,589729.5625
COL,2022,571358.8125
COL,2023,553560.3125
COL,2024,536316.3125
COL,2025,519609.40625
COL,2026,503422.96875
COL,2027,487740.75
COL,2028,472547.03125
COL,2029,457826.59375
COL,2030,443564.71875
COL,2031,429747.09375
COL,2032,416359.90625
COM,2018,2288.27685546875
COM,2019,2216.470458984375
COM,2020,2147.296630859375
COM,2021,2080.2451171875
COM,2022,2015.28369140625
COM,2023,1952.345703125
COM,2024,1891.368408203125
COM,2025,1832.29052734375
COM,2026,1775.052978515625
COM,2027,1719.598388671875
COM,2028,1665.8712158203125
COM,2029,1613.81787109375
COM,2030,1563.385986328125
COM,2031,1514.525146484375
COM,2032,1467.186279296875
CPV,2018,3405.522705078125
CPV,2019,3299.26953125
CPV,2020,3196.356201171875
CPV,2021,3096.6259765625
CPV,2022,3000.003173828125
CPV,2023,2906.390380859375
CPV,2024,2815.69384765625
CPV,2025,2727.822265625
CPV,2026,2642.68798828125
CPV,2027,2560.2060546875
CPV,2028,2480.29345703125
CPV,2029,2402.8701171875
CPV,2030,2327.8583984375
CPV,2031,2255.18359375
CPV,2032,2184.772705078125
CRI,2018,70209.140625
CRI,2019,68024.0
CRI,2020,65905.1796875
CRI,2021,63852.0078125
CRI,2022,61862.80078125
CRI,2023,59935.5625
CRI,2024,58068.35546875
CRI,2025,56259.3125
CRI,2026,54506.62890625
CRI,2027,52808.54296875
CRI,2028,51163.35546875
CRI,2029,49569.4140625
CRI,2030,48025.125
CRI,2031,46528.94140625
CRI,2032,45079.3671875
CYP,2018,22852.1328125
CYP,2019,22140.78515625
CYP,2020,21451.033203125
CYP,2021,20782.650390625
CYP,2022,20135.091796875
CYP,2023,19507.705078125
CYP,2024,18899.86328125
CYP,2025,18310.955078125
CYP,2026,17740.392578125
CYP,2027,17187.603515625
CYP,2028,16652.033203125
CYP,2029,16133.1474609375
CYP,2030,15630.4248046875
CYP,2031,15143.36328125
CYP,2032,14671.4736328125
CZE,2018,315968.15625
CZE,2019,306134.90625
CZE,2020,296599.96875
CZE,2021,287360.40625
CZE,2022,278408.71875
CZE,2023,269735.84375
CZE,2024,261333.171875
CZE,2025,253192.234375
CZE,2026,245304.90625
CZE,2027,237663.28125
CZE,2028,230259.703125
CZE,2029,223086.75
CZE,2030,216137.234375
CZE,2031,209404.203125
CZE,2032,202880.90625
DEU,2018,3702293.75
DEU,2019,3587076.5
DEU,2020,3475354.0
DEU,2021,3367093.0
DEU,2022,3262204.75
DEU,2023,3160584.0
DEU,2024,3062128.5
DEU,2025,2966740.25
DEU,2026,2874323.5
DEU,2027,2784785.5
DEU,2028,2698036.5
DEU,2029,2613990.25
DEU,2030,2532562.0
DEU,2031,2453670.25
DEU,2032,2377236.0
DJI,2018,2929.27294921875
DJI,2019,2837.589111328125
DJI,2020,2749.06689453125
DJI,2021,2663.26953125
DJI,2022,2580.146240234375
DJI,2023,2499.6123046875
DJI,2024,2421.5869140625
DJI,2025,2345.9921875
DJI,2026,2272.75244140625
DJI,2027,2201.794189453125
DJI,2028,2133.046142578125
DJI,2029,2066.439697265625
DJI,2030,2001.908203125
DJI,2031,1939.386962890625
DJI,2032,1878.813232421875
DMA,2018,565.81201171875
DMA,2019,547.8172607421875
DMA,2020,530.6052856445312
DMA,2021,513.9157104492188
DMA,2022,497.746826171875
DMA,2023,482.08160400390625
DMA,2024,466.9043273925781
DMA,2025,452.1998291015625
DMA,2026,437.95343017578125
DMA,2027,424.15081787109375
DMA,2028,410.77813720703125
DMA,2029,397.8220520019531
DMA,2030,385.2695617675781
DMA,2031,373.10809326171875
DMA,2032,361.325439453125
DNK,2018,266806.5625
DNK,2019,258503.234375
DNK,2020,250451.796875
DNK,2021,242649.796875
DNK,2022,235090.875
DNK,2023,227767.40625
DNK,2024,220672.09375
DNK,2025,213797.8125
DNK,2026,207137.65625
DNK,2027,200684.96875
DNK,2028,194433.28125
DNK,2029,188376.34375
DNK,2030,182508.09375
DNK,2031,176822.640625
DNK,2032,171314.28125
DOM,2018,156795.53125
DOM,2019,151915.6875
DOM,2020,147184.0
DOM,2021,142598.90625
DOM,2022,138156.65625
DOM,2023,133852.78125
DOM,2024,129682.984375
DOM,2025,125643.078125
DOM,2026,121729.0234375
DOM,2027,117936.890625
DOM,2028,114262.8828125
DOM,2029,110703.328125
DOM,2030,107254.65625
DOM,2031,103913.421875
DOM,2032,100676.265625
ECU,2018,171932.046875
ECU,2019,166581.28125
ECU,2020,161392.8125
ECU,2021,156365.09375
ECU,2022,151494.015625
ECU,2023,146774.6875
ECU,2024,142202.359375
ECU,2025,137772.453125
ECU,2026,133480.5625
ECU,2027,129322.3671875
ECU,2028,125293.6953125
ECU,2029,121390.515625
ECU,2030,117608.921875
ECU,2031,113945.1328125
ECU,2032,110395.4765625
EGY,2018,1066097.375
EGY,2019,1032920.25
EGY,2020,1000749.0625
EGY,2021,969574.5625
EGY,2022,939371.3125
EGY,2023,910108.9375
EGY,2024,881758.125
EGY,2025,854290.4375
EGY,2026,827678.375
EGY,2027,801895.3125
EGY,2028,776915.4375
EGY,2029,752713.6875
EGY,2030,729265.875
EGY,2031,706548.5
EGY,2032,684538.8125
ESP,2018,1514779.875
ESP,2019,1467639.0
ESP,2020,1421928.0
ESP,2021,1377633.25
ESP,2022,1334718.5
ESP,2023,1293140.5
ESP,2024,1252857.75
ESP,2025,1213829.875
ESP,2026,1176017.875
ESP,2027,1139383.75
ESP,2028,1103890.75
ESP,2029,1069503.5
ESP,2030,1036187.4375
ESP,2031,1003909.125
ESP,2032,972636.3125
EST,2018,34765.78515625
EST,2019,33683.68359375
EST,2020,32634.419921875
EST,2021,31617.662109375
EST,2022,30632.583984375
EST,2023,29678.189453125
EST,2024,28753.525390625
EST,2025,27857.666015625
EST,2026,26989.712890625
EST,2027,26148.798828125
EST,2028,25334.080078125
EST,2029,24544.740234375
EST,2030,23779.98828125
EST,2031,23039.060546875
EST,2032,22321.212890625
ETH,2018,183093.875
ETH,2019,177396.03125
ETH,2020,171870.71875
ETH,2021,166516.609375
ETH,2022,161329.3125
ETH,2023,156303.59375
ETH,2024,151434.4375
ETH,2025,146716.9375
ETH,2026,142146.40625
ETH,2027,137718.25
ETH,2028,133428.03125
ETH,2029,129271.46875
ETH,2030,125244.390625
ETH,2031,121342.7578125
ETH,2032,117562.65625
FIN,2018,210415.71875
FIN,2019,203867.3125
FIN,2020,197517.5625
FIN,2021,191364.53125
FIN,2022,185403.1875
FIN,2023,179627.5625
FIN,2024,174031.84375
FIN,2025,168610.4375
FIN,2026,163357.90625
FIN,2027,158269.0
FIN,2028,153338.625
FIN,2029,148561.828125
FIN,2030,143933.828125
FIN,2031,139450.0
FIN,2032,135105.84375
FJI,2018,7323.24755859375
FJI,2019,7095.0126953125
FJI,2020,6873.880859375
FJI,2021,6659.59130859375
FJI,2022,6451.978515625
FJI,2023,6250.8330078125
FJI,2024,6055.95361328125
FJI,2025,5867.1455078125
FJI,2026,5684.21875
FJI,2027,5506.98974609375
FJI,2028,5335.28173828125
FJI,2029,5168.9228515625
FJI,2030,5007.74609375
FJI,2031,4851.58984375
FJI,2032,4700.298828125
FRA,2018,2496152.75
FRA,2019,2418471.0
FRA,2020,2343145.5
FRA,2021,2270154.0
FRA,2022,2199436.5
FRA,2023,2130922.0
FRA,2024,2064541.75
FRA,2025,2000229.125
FRA,2026,1937920.0
FRA,2027,1877552.0
FRA,2028,1819064.375
FRA,2029,1762398.75
FRA,2030,1707498.25
FRA,2031,1654308.0
FRA,2032,1602774.5
GAB,2018,33463.30859375
GAB,2019,32421.400390625
GAB,2020,31411.46875
GAB,2021,30432.80859375
GAB,2022,29484.638671875
GAB,2023,28566.005859375
GAB,2024,27675.98828125
GAB,2025,26813.697265625
GAB,2026,25978.267578125
GAB,2027,25168.861328125
GAB,2028,24384.666015625
GAB,2029,23624.900390625
GAB,2030,22888.802734375
GAB,2031,22175.63671875
GAB,2032,21484.685546875
GBR,2018,2456275.25
GBR,2019,2379834.5
GBR,2020,2305712.5
GBR,2021,2233887.0
GBR,2022,2164299.25
GBR,2023,2096879.125
GBR,2024,2031559.25
GBR,2025,1968274.25
GBR,2026,1906960.5
GBR,2027,1847556.75
GBR,2028,1790003.5
GBR,2029,1734243.0
GBR,2030,1680219.5
GBR,2031,1627878.875
GBR,2032,1577168.75
GEO,2018,46536.8359375
GEO,2019,45088.37109375
GEO,2020,43683.90234375
GEO,2021,42322.94140625
GEO,2022,41004.38671875
GEO,2023,39726.90625
GEO,2024,38489.21875
GEO,2025,37290.0859375
GEO,2026,36128.30859375
GEO,2027,35002.72265625
GEO,2028,33912.19921875
GEO,2029,32855.64453125
GEO,2030,31832.001953125
GEO,2031,30840.248046875
GEO,2032,29879.38671875
GHA,2018,146576.421875
GHA,2019,142014.578125
GHA,2020,137591.28125
GHA,2021,133305.0
GHA,2022,129152.265625
GHA,2023,125128.8984375
GHA,2024,121230.859375
GHA,2025,117454.234375
GHA,2026,113795.2734375
GHA,2027,110250.28125
GHA,2028,106815.71875
GHA,2029,103488.1484375
GHA,2030,100264.2265625
GHA,2031,97140.7421875
GHA,2032,94114.5625
GIN,2018,27743.87109375
GIN,2019,26879.779296875
GIN,2020,26042.453125
GIN,2021,25231.041015625
GIN,2022,24444.912109375
GIN,2023,23683.271484375
GIN,2024,22945.357421875
GIN,2025,22230.427734375
GIN,2026,21537.771484375
GIN,2027,20866.689453125
GIN,2028,20216.513671875
GIN,2029,19586.591796875
GIN,2030,18976.291015625
GIN,2031,18385.001953125
GIN,2032,17812.1328125
GMB,2018,5016.6259765625
GMB,2019,4859.9189453125
GMB,2020,4708.4130859375
GMB,2021,4561.57958984375
GMB,2022,4419.322265625
GMB,2023,4281.49609375
GMB,2024,4147.96337890625
GMB,2025,4018.59033203125
GMB,2026,3893.24755859375
GMB,2027,3771.8095703125
GMB,2028,3654.154296875
GMB,2029,3540.163818359375
GMB,2030,3429.724365234375
GMB,2031,3322.725341796875
GMB,2032,3219.059326171875
GNB,2018,2807.23583984375
GNB,2019,2719.14794921875
GNB,2020,2634.323974609375
GNB,2021,2552.100341796875
GNB,2022,2472.4404296875
GNB,2023,2395.26171875
GNB,2024,2320.4873046875
GNB,2025,2248.0419921875
GNB,2026,2177.853515625
GNB,2027,2109.851318359375
GNB,2028,2043.9674072265625
GNB,2029,1980.135986328125
GNB,2030,1918.29296875
GNB,2031,1858.3763427734375
GNB,2032,1800.3262939453125
GNQ,2018,30423.8203125
GNQ,2019,29476.25
GNQ,2020,28558.056640625
GNQ,2021,27668.28125
GNQ,2022,26806.23046875
GNQ,2023,25971.033203125
GNQ,2024,25161.853515625
GNQ,2025,24377.87890625
GNQ,2026,23618.326171875
GNQ,2027,22882.435546875
GNQ,2028,22169.466796875
GNQ,2029,21478.708984375
GNQ,2030,20809.466796875
GNQ,2031,20161.072265625
GNQ,2032,19532.876953125
GRC,2018,236621.6875
GRC,2019,229257.75
GRC,2020,222117.1875
GRC,2021,215197.84375
GRC,2022,208494.0625
GRC,2023,201999.109375
GRC,2024,195706.484375
GRC,2025,189609.890625
GRC,2026,183703.21875
GRC,2027,177980.53125
GRC,2028,172436.125
GRC,2029,167064.421875
GRC,2030,161860.0625
GRC,2031,156817.8125
GRC,2032,151932.625
GRD,2018,1348.4776611328125
GRD,2019,1306.2371826171875
GRD,2020,1265.3985595703125
GRD,2021,1225.819580078125
GRD,2022,1187.47412109375
GRD,2023,1150.3232421875
GRD,2024,1114.32958984375
GRD,2025,1079.457275390625
GRD,2026,1045.671142578125
GRD,2027,1012.9375
GRD,2028,981.2236328125
GRD,2029,950.4976806640625
GRD,2030,920.7288818359375
GRD,2031,891.8873291015625
GRD,2032,863.9442749023438
GTM,2018,119313.421875
GTM,2019,115600.1015625
GTM,2020,111999.5
GTM,2021,108510.4296875
GTM,2022,105130.0625
GTM,2023,101855.0
GTM,2024,98681.9609375
GTM,2025,95607.765625
GTM,2026,92629.328125
GTM,2027,89743.6796875
GTM,2028,86947.921875
GTM,2029,84239.25
GTM,2030,81614.953125
GTM,2031,79072.421875
GTM,2032,76609.078125
HND,2018,40735.51171875
HND,2019,39467.57421875
HND,2020,38238.17578125
HND,2021,37046.85546875
HND,2022,35892.65234375
HND,2023,34774.40625
HND,2024,33690.9921875
HND,2025,32641.328125
HND,2026,31624.359375
HND,2027,30639.072265625
HND,2028,29684.478515625
HND,2029,28759.619140625
HND,2030,27863.572265625
HND,2031,26995.435546875
HND,2032,26154.34375
HRV,2018,89159.8046875
HRV,2019,86384.9375
HRV,2020,83694.25
HRV,2021,81086.921875
HRV,2022,78560.8359375
HRV,2023,76113.4375
HRV,2024,73742.2734375
HRV,2025,71444.96875
HRV,2026,69219.234375
HRV,2027,67062.8359375
HRV,2028,64973.609375
HRV,2029,62949.46484375
HRV,2030,60988.37109375
HRV,2031,59088.37109375
HRV,2032,57247.55859375
HUN,2018,237493.484375
HUN,2019,230102.421875
HUN,2020,222935.5625
HUN,2021,215990.71875
HUN,2022,209262.25
HUN,2023,202743.375
HUN,2024,196427.578125
HUN,2025,190308.53125
HUN,2026,184380.09375
HUN,2027,178636.3125
HUN,2028,173071.453125
HUN,2029,167679.96875
HUN,2030,162456.4375
HUN,2031,157395.609375
HUN,2032,152492.4375
IDN,2018,2869255.5
IDN,2019,2779964.0
IDN,2020,2693380.0
IDN,2021,2609478.25
IDN,2022,2528190.5
IDN,2023,2449435.0
IDN,2024,2373132.75
IDN,2025,2299207.25
IDN,2026,2227584.5
IDN,2027,2158193.0
IDN,2028,2090963.25
IDN,2029,2025827.625
IDN,2030,1962721.0
IDN,2031,1901580.125
IDN,2032,1842344.0
IND,2018,8530575.0
IND,2019,8265108.0
IND,2020,8007684.0
IND,2021,7758236.0
IND,2022,7516560.0
IND,2023,7282412.0
IND,2024,7055558.0
IND,2025,6835770.5
IND,2026,6622830.0
IND,2027,6416523.0
IND,2028,6216642.5
IND,2029,6022988.0
IND,2030,5835366.0
IND,2031,5653589.0
IND,2032,5477474.0
IRL,2018,343548.28125
IRL,2019,332856.6875
IRL,2020,322489.4375
IRL,2021,312443.375
IRL,2022,302710.3125
IRL,2023,293280.46875
IRL,2024,284144.34375
IRL,2025,275292.84375
IRL,2026,266717.0625
IRL,2027,258408.40625
IRL,2028,250358.59375
IRL,2029,242559.53125
IRL,2030,235003.4375
IRL,2031,227682.71875
IRL,2032,220590.03125
IRN,2018,1498445.875
IRN,2019,1451813.625
IRN,2020,1406595.625
IRN,2021,1362778.5
IRN,2022,1320326.625
IRN,2023,1279197.0
IRN,2024,1239348.625
IRN,2025,1200741.5
IRN,2026,1163337.125
IRN,2027,1127097.875
IRN,2028,1091987.5
IRN,2029,1057970.875
IRN,2030,1025014.0625
IRN,2031,993083.8125
IRN,2032,962148.1875
IRQ,2018,581623.6875
IRQ,2019,563523.1875
IRQ,2020,545971.6875
IRQ,2021,528964.0
IRQ,2022,512486.125
IRQ,2023,496521.5625
IRQ,2024,481054.3125
IRQ,2025,466068.90625
IRQ,2026,451550.28125
IRQ,2027,437483.9375
IRQ,2028,423855.78125
IRQ,2029,410652.125
IRQ,2030,397859.78125
IRQ,2031,385465.96875
IRQ,2032,373458.21875
ISL,2018,14913.45703125
ISL,2019,14449.166015625
ISL,2020,13998.9765625
ISL,2021,13562.7333984375
ISL,2022,13140.08203125
ISL,2023,12730.5966796875
ISL,2024,12333.8671875
ISL,2025,11949.49609375
ISL,2026,11577.0986328125
ISL,2027,11216.30078125
ISL,2028,10866.7421875
ISL,2029,10528.0732421875
ISL,2030,10199.9541015625
ISL,2031,9882.056640625
ISL,2032,9574.0625
ISR,2018,263935.53125
ISR,2019,255721.5625
ISR,2020,247756.75
ISR,2021,240038.71875
ISR,2022,232561.140625
ISR,2023,225316.484375
ISR,2024,218297.515625
ISR,2025,211497.1875
ISR,2026,204908.703125
ISR,2027,198525.46875
ISR,2028,192341.0625
ISR,2029,186349.3125
ISR,2030,180544.203125
ISR,2031,174919.921875
ISR,2032,169470.84375
ITA,2018,2059614.875
ITA,2019,1995518.5
ITA,2020,1933366.5
ITA,2021,1873139.75
ITA,2022,1814789.5
ITA,2023,1758257.0
ITA,2024,1703485.5
ITA,2025,1650420.25
ITA,2026,1599008.0
ITA,2027,1549197.25
ITA,2028,1500938.25
ITA,2029,1454182.5
ITA,2030,1408883.25
ITA,2031,1364995.125
ITA,2032,1322474.25
JAM,2018,19375.615234375
JAM,2019,18772.388671875
JAM,2020,18187.552734375
JAM,2021,17620.830078125
JAM,2022,17071.765625
JAM,2023,16539.806640625
JAM,2024,16024.416015625
JAM,2025,15525.08203125
JAM,2026,15041.3017578125
JAM,2027,14572.5908203125
JAM,2028,14118.48046875
JAM,2029,13678.517578125
JAM,2030,13252.259765625
JAM,2031,12839.2802734375
JAM,2032,12439.1650390625
JOR,2018,87816.5234375
JOR,2019,85083.40625
JOR,2020,82433.265625
JOR,2021,79865.2265625
JOR,2022,77377.1875
JOR,2023,74966.6640625
JOR,2024,72631.21875
JOR,2025,70368.53125
JOR,2026,68176.328125
JOR,2027,66052.4140625
JOR,2028,63994.6640625
JOR,2029,62001.01171875
JOR,2030,60069.46484375
JOR,2031,58198.08984375
JOR,2032,56385.0078125
JPN,2018,4883750.0
JPN,2019,4731765.5
JPN,2020,4584390.5
JPN,2021,4441581.5
JPN,2022,4303222.0
JPN,2023,4169172.5
JPN,2024,4039298.75
JPN,2025,3913470.5
JPN,2026,3791562.0
JPN,2027,3673451.25
JPN,2028,3559020.0
JPN,2029,3448153.0
JPN,2030,3340739.75
JPN,2031,3236672.5
JPN,2032,3135847.0
KAZ,2018,431400.15625
KAZ,2019,417974.59375
KAZ,2020,404956.3125
KAZ,2021,392341.34375
KAZ,2022,380119.40625
KAZ,2023,368278.15625
KAZ,2024,356805.78125
KAZ,2025,345690.78125
KAZ,2026,334922.03125
KAZ,2027,324488.71875
KAZ,2028,314380.4375
KAZ,2029,304587.03125
KAZ,2030,295098.71875
KAZ,2031,285905.96875
KAZ,2032,276999.5625
KEN,2018,149377.25
KEN,2019,144728.40625
KEN,2020,140220.5625
KEN,2021,135852.375
KEN,2022,131620.28125
KEN,2023,127520.03125
KEN,2024,123547.515625
KEN,2025,119698.734375
KEN,2026,115969.8515625
KEN,2027,112357.125
KEN,2028,108856.9375
KEN,2029,105465.78125
KEN,2030,102180.265625
KEN,2031,98997.09375
KEN,2032,95913.0859375
KGZ,2018,29188.634765625
KGZ,2019,28280.013671875
KGZ,2020,27399.056640625
KGZ,2021,26545.388671875
KGZ,2022,25718.318359375
KGZ,2023,24917.009765625
KGZ,2024,24140.662109375
KGZ,2025,23388.498046875
KGZ,2026,22659.765625
KGZ,2027,21953.732421875
KGZ,2028,21269.693359375
KGZ,2029,20606.962890625
KGZ,2030,19964.87890625
KGZ,2031,19342.794921875
KGZ,2032,18740.087890625
KHM,2018,53592.35546875
KHM,2019,51924.2890625
KHM,2020,50306.91796875
KHM,2021,48739.64453125
KHM,2022,47221.20703125
KHM,2023,45750.06640625
KHM,2024,44324.75390625
KHM,2025,42943.83984375
KHM,2026,41605.94140625
KHM,2027,40309.72265625
KHM,2028,39053.8828125
KHM,2029,37837.16015625
KHM,2030,36658.33984375
KHM,2031,35516.2421875
KHM,2032,34409.71875
KNA,2018,1170.680908203125
KNA,2019,1133.9927978515625
KNA,2020,1098.5179443359375
KNA,2021,1064.1376953125
KNA,2022,1030.828857421875
KNA,2023,998.5576782226562
KNA,2024,967.291748046875
KNA,2025,936.9998168945312
KNA,2026,907.6514282226562
KNA,2027,879.21728515625
KNA,2028,851.6688842773438
KNA,2029,824.9786376953125
KNA,2030,799.1198120117188
KNA,2031,774.0665283203125
KNA,2032,749.7936401367188
KOR,2018,1834932.0
KOR,2019,1777827.875
KOR,2020,1722455.875
KOR,2021,1668799.375
KOR,2022,1616814.5
KOR,2023,1566449.0
KOR,2024,1517652.5
KOR,2025,1470376.125
KOR,2026,1424572.375
KOR,2027,1380195.375
KOR,2028,1337200.875
KOR,2029,1295545.625
KOR,2030,1255188.0
KOR,2031,1216087.625
KOR,2032,1178205.125
KWT,2018,263500.03125
KWT,2019,255299.5625
KWT,2020,247347.90625
KWT,2021,239642.578125
KWT,2022,232177.3125
KWT,2023,224944.609375
KWT,2024,217937.234375
KWT,2025,211148.125
KWT,2026,204570.515625
KWT,2027,198197.78125
KWT,2028,192023.59375
KWT,2029,186041.75
KWT,2030,180246.234375
KWT,2031,174631.25
KWT,2032,169191.15625
LAO,2018,46790.5390625
LAO,2019,45333.8359375
LAO,2020,43921.73828125
LAO,2021,42553.37109375
LAO,2022,41227.63671875
LAO,2023,39943.19921875
LAO,2024,38698.77734375
LAO,2025,37493.1171875
LAO,2026,36325.015625
LAO,2027,35193.30078125
LAO,2028,34096.83984375
LAO,2029,33034.53515625
LAO,2030,32005.318359375
LAO,2031,31008.1640625
LAO,2032,30042.0703125
LBN,2018,81178.640625
LBN,2019,78652.140625
LBN,2020,76202.3046875
LBN,2021,73828.359375
LBN,2022,71528.375
LBN,2023,69300.0390625
LBN,2024,67141.1171875
LBN,2025,65049.45703125
LBN,2026,63022.94921875
LBN,2027,61059.5703125
LBN,2028,59157.34765625
LBN,2029,57314.3828125
LBN,2030,55528.83203125
LBN,2031,53798.90234375
LBN,2032,52122.859375
LBR,2018,4177.861328125
LBR,2019,4047.19287109375
LBR,2020,3921.0029296875
LBR,2021,3798.6982421875
LBR,2022,3680.205322265625
LBR,2023,3565.403564453125
LBR,2024,3454.177734375
LBR,2025,3346.4169921875
LBR,2026,3242.01318359375
LBR,2027,3140.861572265625
LBR,2028,3042.86083984375
LBR,2029,2947.912841796875
LBR,2030,2855.922607421875
LBR,2031,2766.7978515625
LBR,2032,2680.44970703125
LCA,2018,2130.73779296875
LCA,2019,2064.156982421875
LCA,2020,1999.712158203125
LCA,2021,1937.258544921875
LCA,2022,1876.751220703125
LCA,2023,1818.128662109375
LCA,2024,1761.3323974609375
LCA,2025,1706.30517578125
LCA,2026,1652.9921875
LCA,2027,1601.3399658203125
LCA,2028,1551.2967529296875
LCA,2029,1502.8125
LCA,2030,1455.838623046875
LCA,2031,1410.327880859375
LCA,2032,1366.23486328125
LKA,2018,250508.125
LKA,2019,242712.078125
LKA,2020,235152.46875
LKA,2021,227827.046875
LKA,2022,220729.875
LKA,2023,213853.78125
LKA,2024,207191.875
LKA,2025,200737.5
LKA,2026,194484.1875
LKA,2027,188425.671875
LKA,2028,182555.875
LKA,2029,176868.921875
LKA,2030,171359.125
LKA,2031,166020.96875
LKA,2032,160849.09375
LSO,2018,5847.009765625
LSO,2019,5664.333984375
LSO,2020,5487.779296875
LSO,2021,5316.66748046875
LSO,2022,5150.888671875
LSO,2023,4990.27392578125
LSO,2024,4834.66259765625
LSO,2025,4683.8984375
LSO,2026,4537.8310546875
LSO,2027,4396.3134765625
LSO,2028,4259.2041015625
LSO,2029,4126.3662109375
LSO,2030,3997.665771484375
LSO,2031,3872.974853515625
LSO,2032,3752.168212890625
LTU,2018,74605.46875
LTU,2019,72283.53125
LTU,2020,70032.046875
LTU,2021,67850.3125
LTU,2022,65736.5546875
LTU,2023,63688.64453125
LTU,2024,61704.52734375
LTU,2025,59782.22265625
LTU,2026,57919.79296875
LTU,2027,56115.37890625
LTU,2028,54367.17578125
LTU,2029,52673.4296875
LTU,2030,51032.44921875
LTU,2031,49442.5859375
LTU,2032,47902.24609375
LUX,2018,31914.083984375
LUX,2019,30920.72265625
LUX,2020,29957.515625
LUX,2021,29024.146484375
LUX,2022,28119.857421875
LUX,2023,27243.736328125
LUX,2024,26394.908203125
LUX,2025,25572.5234375
LUX,2026,24775.755859375
LUX,2027,24003.80859375
LUX,2028,23255.908203125
LUX,2029,22531.306640625
LUX,2030,21829.275390625
LUX,2031,21149.11328125
LUX,2032,20490.138671875
LVA,2018,45197.25390625
LVA,2019,43790.515625
LVA,2020,42426.47265625
LVA,2021,41104.68359375
LVA,2022,39824.078125
LVA,2023,38583.36328125
LVA,2024,37381.30078125
LVA,2025,36216.68359375
LVA,2026,35088.34375
LVA,2027,33995.15234375
LVA,2028,32936.01171875
LVA,2029,31909.86328125
LVA,2030,30915.6796875
LVA,2031,29952.46875
LVA,2032,29019.26171875
MAR,2018,291830.34375
MAR,2019,282748.375
MAR,2020,273941.78125
MAR,2021,265408.03125
MAR,2022,257140.1875
MAR,2023,249129.875
MAR,2024,241369.09375
MAR,2025,233850.0625
MAR,2026,226565.25
MAR,2027,219507.375
MAR,2028,212669.359375
MAR,2029,206044.359375
MAR,2030,199625.71875
MAR,2031,193407.046875
MAR,2032,187382.09375
MDA,2018,23978.001953125
MDA,2019,23231.556640625
MDA,2020,22507.837890625
MDA,2021,21806.537109375
MDA,2022,21127.083984375
MDA,2023,20468.796875
MDA,2024,19831.015625
MDA,2025,19213.099609375
MDA,2026,18614.435546875
MDA,2027,18034.41796875
MDA,2028,17472.470703125
MDA,2029,16928.02734375
MDA,2030,16400.544921875
MDA,2031,15889.494140625
MDA,2032,15394.3623046875
MDG,2018,37938.3515625
MDG,2019,36757.37890625
MDG,2020,35612.39453125
MDG,2021,34502.87109375
MDG,2022,33427.91796875
MDG,2023,32386.447265625
MDG,2024,31377.421875
MDG,2025,30399.826171875
MDG,2026,29452.681640625
MDG,2027,28535.04296875
MDG,2028,27645.990234375
MDG,2029,26784.634765625
MDG,2030,25950.109375
MDG,2031,25141.580078125
MDG,2032,24358.23828125
MDV,2018,7802.09521484375
MDV,2019,7559.0703125
MDV,2020,7323.47998046875
MDV,2021,7095.185546875
MDV,2022,6874.00390625
MDV,2023,6659.71240234375
MDV,2024,6452.09619140625
MDV,2025,6250.947265625
MDV,2026,6056.064453125
MDV,2027,5867.251953125
MDV,2028,5684.3212890625
MDV,2029,5507.08984375
MDV,2030,5335.37890625
MDV,2031,5169.0166015625
MDV,2032,5007.8369140625
MEX,2018,2109928.5
MEX,2019,2044267.0
MEX,2020,1980596.5
MEX,2021,1918898.625
MEX,2022,1859123.25
MEX,2023,1801209.75
MEX,2024,1745100.25
MEX,2025,1690738.5
MEX,2026,1638070.25
MEX,2027,1587042.75
MEX,2028,1537604.75
MEX,2029,1489706.875
MEX,2030,1443301.0
MEX,2031,1398340.625
MEX,2032,1354780.75
MKD,2018,26001.052734375
MKD,2019,25191.654296875
MKD,2020,24406.884765625
MKD,2021,23646.423828125
MKD,2022,22909.658203125
MKD,2023,22195.841796875
MKD,2024,21504.26171875
MKD,2025,20834.224609375
MKD,2026,20185.060546875
MKD,2027,19556.119140625
MKD,2028,18946.767578125
MKD,2029,18356.400390625
MKD,2030,17784.421875
MKD,2031,17230.259765625
MKD,2032,16693.361328125
MLI,2018,44944.01953125
MLI,2019,43544.58203125
MLI,2020,42188.2265625
MLI,2021,40873.859375
MLI,2022,39600.4453125
MLI,2023,38366.69921875
MLI,2024,37171.38671875
MLI,2025,36013.3046875
MLI,2026,34891.30078125
MLI,2027,33804.24609375
MLI,2028,32751.056640625
MLI,2029,31730.671875
MLI,2030,30742.07421875
MLI,2031,29784.271484375
MLI,2032,28856.3046875
MLT,2018,13507.1474609375
MLT,2019,13086.595703125
MLT,2020,12678.845703125
MLT,2021,12283.7255859375
MLT,2022,11900.916015625
MLT,2023,11530.03125
MLT,2024,11170.69921875
MLT,2025,10822.5625
MLT,2026,10485.26953125
MLT,2027,10158.4833984375
MLT,2028,9841.876953125
MLT,2029,9535.1337890625
MLT,2030,9237.9453125
MLT,2031,8950.0146484375
MLT,2032,8671.052734375
MNE,2018,10910.822265625
MNE,2019,10571.0859375
MNE,2020,10241.6826171875
MNE,2021,9922.482421875
MNE,2022,9613.228515625
MNE,2023,9313.607421875
MNE,2024,9023.3203125
MNE,2025,8742.0751953125
MNE,2026,8469.591796875
MNE,2027,8205.595703125
MNE,2028,7949.82421875
MNE,2029,7702.02001953125
MNE,2030,7461.93505859375
MNE,2031,7229.3291015625
MNE,2032,7003.96875
MNG,2018,37755.46875
MNG,2019,36580.234375
MNG,2020,35440.76171875
MNG,2021,34336.5859375
MNG,2022,33266.81640625
MNG,2023,32230.365234375
MNG,2024,31226.19921875
MNG,2025,30253.314453125
MNG,2026,29310.736328125
MNG,2027,28397.51953125
MNG,2028,27512.751953125
MNG,2029,26655.546875
MNG,2030,25825.04296875
MNG,2031,25020.408203125
MNG,2032,24240.841796875
MOZ,2018,31791.705078125
MOZ,2019,30801.880859375
MOZ,2020,29842.390625
MOZ,2021,28912.607421875
MOZ,2022,28011.794921875
MOZ,2023,27139.04296875
MOZ,2024,26293.478515625
MOZ,2025,25474.251953125
MOZ,2026,24680.546875
MOZ,2027,23911.564453125
MOZ,2028,23166.5390625
MOZ,2029,22444.720703125
MOZ,2030,21745.38671875
MOZ,2031,21067.837890625
MOZ,2032,20411.396484375
MRT,2018,14062.328125
MRT,2019,13624.0595703125
MRT,2020,13199.5908203125
MRT,2021,12788.248046875
MRT,2022,12389.72265625
MRT,2023,12003.6123046875
MRT,2024,11629.529296875
MRT,2025,11267.099609375
MRT,2026,10915.958984375
MRT,2027,10575.7568359375
MRT,2028,10246.15234375
MRT,2029,9926.814453125
MRT,2030,9617.42578125
MRT,2031,9317.673828125
MRT,2032,9027.259765625
MUS,2018,25391.365234375
MUS,2019,24600.931640625
MUS,2020,23834.560546875
MUS,2021,23091.927734375
MUS,2022,22372.43359375
MUS,2023,21675.353515625
MUS,2024,20999.986328125
MUS,2025,20345.658203125
MUS,2026,19711.712890625
MUS,2027,19097.515625
MUS,2028,18502.451171875
MUS,2029,17925.923828125
MUS,2030,17367.35546875
MUS,2031,16826.1875
MUS,2032,16301.876953125
MWI,2018,20236.666015625
MWI,2019,19606.46875
MWI,2020,18995.666015625
MWI,2021,18403.76953125
MWI,2022,17830.31640625
MWI,2023,17274.7265625
MWI,2024,16736.443359375
MWI,2025,16214.9287109375
MWI,2026,15709.6591796875
MWI,2027,15220.12890625
MWI,2028,14745.84765625
MWI,2029,14286.341796875
MWI,2030,13841.1494140625
MWI,2031,13409.8251953125
MWI,2032,12991.935546875
MYS,2018,755996.5625
MYS,2019,732469.5625
MYS,2020,709656.125
MYS,2021,687549.4375
MYS,2022,666131.5625
MYS,2023,645380.8125
MYS,2024,625276.4375
MYS,2025,605798.375
MYS,2026,586927.0625
MYS,2027,568643.6875
MYS,2028,550929.8125
MYS,2029,533767.6875
MYS,2030,517140.21875
MYS,2031,501030.71875
MYS,2032,485422.96875
NAM,2018,22332.0546875
NAM,2019,21636.603515625
NAM,2020,20962.568359375
NAM,2021,20309.400390625
NAM,2022,19676.583984375
NAM,2023,19063.482421875
NAM,2024,18469.478515625
NAM,2025,17893.9765625
NAM,2026,17336.404296875
NAM,2027,16796.201171875
NAM,2028,16272.82421875
NAM,2029,15765.7509765625
NAM,2030,15274.4736328125
NAM,2031,14798.5
NAM,2032,14337.353515625
NER,2018,19144.666015625
NER,2019,18548.16796875
NER,2020,17970.33984375
NER,2021,17410.3828125
NER,2022,16867.875
NER,2023,16342.2666015625
NER,2024,15833.0302734375
NER,2025,15339.65625
NER,2026,14861.65234375
NER,2027,14398.5390625
NER,2028,13949.8525390625
NER,2029,13515.142578125
NER,2030,13093.9736328125
NER,2031,12685.9248046875
NER,2032,12290.5869140625
NGA,2018,978662.0625
NGA,2019,948206.125
NGA,2020,918673.375
NGA,2021,890055.6875
NGA,2022,862329.5625
NGA,2023,835467.125
NGA,2024,809441.4375
NGA,2025,784226.4375
NGA,2026,759796.9375
NGA,2027,736128.5
NGA,2028,713197.3125
NGA,2029,690980.4375
NGA,2030,669455.6875
NGA,2031,648601.4375
NGA,2032,628396.8125
NLD,2018,786979.5625
NLD,2019,762488.1875
NLD,2020,738739.8125
NLD,2021,715727.1875
NLD,2022,693431.5625
NLD,2023,671830.4375
NLD,2024,650902.1875
NLD,2025,630625.875
NLD,2026,610981.1875
NLD,2027,591948.4375
NLD,2028,573508.5625
NLD,2029,555643.1875
NLD,2030,538334.25
NLD,2031,521564.53125
NLD,2032,505317.15625
NOR,2018,430927.40625
NOR,2019,417516.53125
NOR,2020,404512.53125
NOR,2021,391911.375
NOR,2022,379702.8125
NOR,2023,367874.53125
NOR,2024,356414.71875
NOR,2025,345311.90625
NOR,2026,334554.96875
NOR,2027,324133.09375
NOR,2028,314035.90625
NOR,2029,304253.25
NOR,2030,294775.34375
NOR,2031,285592.65625
NOR,2032,276696.03125
NPL,2018,74643.1875
NPL,2019,72320.0625
NPL,2020,70067.4453125
NPL,2021,67884.609375
NPL,2022,65769.78125
NPL,2023,63720.8359375
NPL,2024,61735.71484375
NPL,2025,59812.43359375
NPL,2026,57949.0625
NPL,2027,56143.73828125
NPL,2028,54394.65234375
NPL,2029,52700.05078125
NPL,2030,51058.23828125
NPL,2031,49467.5703125
NPL,2032,47926.45703125
NZL,2018,165315.53125
NZL,2019,160170.65625
NZL,2020,155181.859375
NZL,2021,150347.609375
NZL,2022,145663.96875
NZL,2023,141126.234375
NZL,2024,136729.859375
NZL,2025,132470.4375
NZL,2026,128343.703125
NZL,2027,124345.515625
NZL,2028,120471.8828125
NZL,2029,116718.9140625
NZL,2030,113082.8515625
NZL,2031,109560.0546875
NZL,2032,106146.9921875
OMN,2018,175130.890625
OMN,2019,169680.5
OMN,2020,164395.5
OMN,2021,159274.25
OMN,2022,154312.5625
OMN,2023,149505.4375
OMN,2024,144848.03125
OMN,2025,140335.71875
OMN,2026,135963.96875
OMN,2027,131728.40625
OMN,2028,127624.7890625
OMN,2029,123649.0
OMN,2030,119797.0625
OMN,2031,116065.125
OMN,2032,112449.4375
PAK,2018,996640.0
PAK,2019,965624.8125
PAK,2020,935549.5625
PAK,2021,906406.0625
PAK,2022,878170.5625
PAK,2023,850814.6875
PAK,2024,824310.9375
PAK,2025,798632.8125
PAK,2026,773754.5625
PAK,2027,749651.3125
PAK,2028,726298.8125
PAK,2029,703673.875
PAK,2030,681753.6875
PAK,2031,660516.3125
PAK,2032,639940.5625
PAN,2018,87967.5625
PAN,2019,85229.71875
PAN,2020,82575.015625
PAN,2021,80002.5546875
PAN,2022,77510.234375
PAN,2023,75095.5625
PAN,2024,72756.109375
PAN,2025,70489.53125
PAN,2026,68293.5625
PAN,2027,66165.9921875
PAN,2028,64104.69921875
PAN,2029,62107.62109375
PAN,2030,60172.75390625
PAN,2031,58298.16015625
PAN,2032,56481.9609375
PER,2018,369473.21875
PER,2019,357974.96875
PER,2020,346825.40625
PER,2021,336021.28125
PER,2022,325553.75
PER,2023,315412.28125
PER,2024,305586.71875
PER,2025,296067.25
PER,2026,286844.34375
PER,2027,277908.71875
PER,2028,269251.46875
PER,2029,260863.859375
PER,2030,252737.5625
PER,2031,244864.40625
PER,2032,237236.5
PHL,2018,788568.5625
PHL,2019,764028.3125
PHL,2020,740232.0
PHL,2021,717172.8125
PHL,2022,694832.125
PHL,2023,673187.3125
PHL,2024,652216.8125
PHL,2025,631899.5625
PHL,2026,612215.1875
PHL,2027,593144.0625
PHL,2028,574667.0
PHL,2029,556765.5
PHL,2030,539421.625
PHL,2031,522618.0
PHL,2032,506337.84375
POL,2018,999271.625
POL,2019,968173.75
POL,2020,938019.125
POL,2021,908798.6875
POL,2022,880488.6875
POL,2023,853060.5625
POL,2024,826486.8125
POL,2025,800740.875
POL,2026,775796.9375
POL,2027,751630.0625
POL,2028,728216.0
POL,2029,705531.3125
POL,2030,683553.25
POL,2031,662259.8125
POL,2032,641629.6875
PRT,2018,247012.96875
PRT,2019,239325.671875
PRT,2020,231871.53125
PRT,2021,224648.3125
PRT,2022,217650.15625
PRT,2023,210870.0
PRT,2024,204301.046875
PRT,2025,197936.71875
PRT,2026,191770.65625
PRT,2027,185796.65625
PRT,2028,180008.765625
PRT,2029,174401.1875
PRT,2030,168968.265625
PRT,2031,163704.59375
PRT,2032,158604.875
PRY,2018,59287.125
PRY,2019,57441.82421875
PRY,2020,55652.6015625
PRY,2021,53918.8046875
PRY,2022,52239.02734375
PRY,2023,50611.578125
PRY,2024,49034.82421875
PRY,2025,47507.1875
PRY,2026,46027.13671875
PRY,2027,44593.19140625
PRY,2028,43203.9140625
PRY,2029,41857.91796875
PRY,2030,40553.84765625
PRY,2031,39290.40234375
PRY,2032,38066.31640625
QAT,2018,350903.5
QAT,2019,339982.96875
QAT,2020,329393.78125
QAT,2021,319132.65625
QAT,2022,309191.21875
QAT,2023,299559.46875
QAT,2024,290227.78125
QAT,2025,281186.75
QAT,2026,272427.375
QAT,2027,263940.84375
QAT,2028,255718.6875
QAT,2029,247752.65625
QAT,2030,240034.765625
QAT,2031,232557.3125
QAT,2032,225312.78125
ROU,2018,433612.90625
ROU,2019,420118.53125
ROU,2020,407033.46875
ROU,2021,394353.8125
ROU,2022,382069.1875
ROU,2023,370167.21875
ROU,2024,358636.0
ROU,2025,347464.0
ROU,2026,336640.0
ROU,2027,326153.21875
ROU,2028,315993.09375
ROU,2029,306149.46875
ROU,2030,296612.46875
ROU,2031,287372.5625
ROU,2032,278420.46875
RUS,2018,3642635.0
RUS,2019,3529274.5
RUS,2020,3419352.25
RUS,2021,3312835.5
RUS,2022,3209637.5
RUS,2023,3109654.25
RUS,2024,3012785.5
RUS,2025,2918934.5
RUS,2026,2828006.75
RUS,2027,2739911.5
RUS,2028,2654560.5
RUS,2029,2571868.5
RUS,2030,2491752.5
RUS,2031,2414132.0
RUS,2032,2338929.5
RWA,2018,22905.677734375
RWA,2019,22192.490234375
RWA,2020,21501.138671875
RWA,2021,20831.1953125
RWA,2022,20182.126953125
RWA,2023,19553.275390625
RWA,2024,18944.01171875
RWA,2025,18353.728515625
RWA,2026,17781.833984375
RWA,2027,17227.75390625
RWA,2028,16690.935546875
RWA,2029,16170.8369140625
RWA,2030,15666.94140625
RWA,2031,15178.7421875
RWA,2032,14705.75
SAU,2018,1653883.125
SAU,2019,1602413.25
SAU,2020,1552504.75
SAU,2021,1504142.375
SAU,2022,1457286.75
SAU,2023,1411890.75
SAU,2024,1367908.875
SAU,2025,1325297.0
SAU,2026,1284012.625
SAU,2027,1244014.25
SAU,2028,1205261.875
SAU,2029,1167716.75
SAU,2030,1131341.125
SAU,2031,1096098.75
SAU,2032,1061954.125
SDN,2018,167109.1875
SDN,2019,161908.375
SDN,2020,156865.46875
SDN,2021,151978.78125
SDN,2022,147244.34375
SDN,2023,142657.375
SDN,2024,138213.3125
SDN,2025,133907.6875
SDN,2026,129736.1796875
SDN,2027,125694.625
SDN,2028,121778.9609375
SDN,2029,117985.2734375
SDN,2030,114309.765625
SDN,2031,110748.75
SDN,2032,107298.6640625
SEN,2018,47965.2109375
SEN,2019,46472.12109375
SEN,2020,45024.56640625
SEN,2021,43621.83984375
SEN,2022,42262.82421875
SEN,2023,40946.140625
SEN,2024,39670.47265625
SEN,2025,38434.54296875
SEN,2026,37237.11328125
SEN,2027,36076.984375
SEN,2028,34952.99609375
SEN,2029,33864.01953125
SEN,2030,32808.96484375
SEN,2031,31786.775390625
SEN,2032,30796.427734375
SGP,2018,384023.78125
SGP,2019,372072.53125
SGP,2020,360483.875
SGP,2021,349254.25
SGP,2022,338374.5
SGP,2023,327833.65625
SGP,2024,317621.1875
SGP,2025,307726.84375
SGP,2026,298140.71875
SGP,2027,288853.21875
SGP,2028,279855.03125
SGP,2029,271137.125
SGP,2030,262690.78125
SGP,2031,254507.5625
SGP,2032,246579.25
SLE,2018,11211.205078125
SLE,2019,10861.44921875
SLE,2020,10523.033203125
SLE,2021,10195.0673828125
SLE,2022,9877.322265625
SLE,2023,9569.474609375
SLE,2024,9271.216796875
SLE,2025,8982.2490234375
SLE,2026,8702.283203125
SLE,2027,8431.0390625
SLE,2028,8168.24462890625
SLE,2029,7913.63623046875
SLE,2030,7666.958984375
SLE,2031,7427.966796875
SLE,2032,7196.4189453125
SLV,2018,43912.90234375
SLV,2019,42546.08984375
SLV,2020,41220.8046875
SLV,2021,39936.57421875
SLV,2022,38692.35546875
SLV,2023,37486.89453125
SLV,2024,36318.98828125
SLV,2025,35187.4609375
SLV,2026,34091.1796875
SLV,2027,33029.05078125
SLV,2028,32000.005859375
SLV,2029,31003.015625
SLV,2030,30037.083984375
SLV,2031,29101.240234375
SLV,2032,28194.55078125
SRB,2018,97407.390625
SRB,2019,94375.859375
SRB,2020,91436.296875
SRB,2021,88587.796875
SRB,2022,85828.046875
SRB,2023,83154.265625
SRB,2024,80563.78125
SRB,2025,78053.984375
SRB,2026,75622.375
SRB,2027,73266.5078125
SRB,2028,70984.0234375
SRB,2029,68772.640625
SRB,2030,66630.1484375
SRB,2031,64554.40234375
SRB,2032,62543.31640625
STP,2018,773.9292602539062
STP,2019,749.452880859375
STP,2020,725.9610595703125
STP,2021,703.1859741210938
STP,2022,681.1211547851562
STP,2023,659.7435913085938
STP,2024,639.0320434570312
STP,2025,618.9656372070312
STP,2026,599.5242919921875
STP,2027,580.6885375976562
STP,2028,562.4395751953125
STP,2029,544.7590942382812
STP,2030,527.6293334960938
STP,2031,511.0332336425781
STP,2032,494.9540710449219
SUR,2018,6438.92626953125
SUR,2019,6238.2529296875
SUR,2020,6043.8037109375
SUR,2021,5855.3720703125
SUR,2022,5672.8125
SUR,2023,5495.93896484375
SUR,2024,5324.5751953125
SUR,2025,5158.5498046875
SUR,2026,4997.6962890625
SUR,2027,4841.85302734375
SUR,2028,4690.865234375
SUR,2029,4544.58056640625
SUR,2030,4402.85302734375
SUR,2031,4265.5400390625
SUR,2032,4132.50439453125
SVK,2018,144060.234375
SVK,2019,139576.828125
SVK,2020,135229.453125
SVK,2021,131016.75
SVK,2022,126935.296875
SVK,2023,122980.984375
SVK,2024,119149.859375
SVK,2025,115438.078125
SVK,2026,111841.921875
SVK,2027,108357.78125
SVK,2028,104982.171875
SVK,2029,101711.7109375
SVK,2030,98543.140625
SVK,2031,95473.2734375
SVK,2032,92499.03125
SVN,2018,58056.19921875
SVN,2019,56249.296875
SVN,2020,54497.21484375
SVN,2021,52799.41015625
SVN,2022,51154.50390625
SVN,2023,49560.83984375
SVN,2024,48016.81640625
SVN,2025,46520.89453125
SVN,2026,45071.56640625
SVN,2027,43667.390625
SVN,2028,42306.953125
SVN,2029,40988.89453125
SVN,2030,39711.89453125
SVN,2031,38474.67578125
SVN,2032,37275.99609375
SWE,2018,441975.78125
SWE,2019,428221.09375
SWE,2020,414883.65625
SWE,2021,401959.40625
SWE,2022,389437.84375
SWE,2023,377306.34375
SWE,2024,365552.75
SWE,2025,354165.28125
SWE,2026,343132.53125
SWE,2027,332443.46875
SWE,2028,322087.375
SWE,2029,312053.90625
SWE,2030,302332.96875
SWE,2031,292914.84375
SWE,2032,283790.125
SWZ,2018,9892.599609375
SWZ,2019,9584.2099609375
SWZ,2020,9285.5595703125
SWZ,2021,8996.14453125
SWZ,2022,8715.74609375
SWZ,2023,8444.0830078125
SWZ,2024,8180.8818359375
SWZ,2025,7925.88037109375
SWZ,2026,7678.822265625
SWZ,2027,7439.4599609375
SWZ,2028,7207.5537109375
SWZ,2029,6982.87158203125
SWZ,2030,6765.1884765625
SWZ,2031,6554.287109375
SWZ,2032,6349.955078125
SYR,2018,49551.328125
SYR,2019,48009.109375
SYR,2020,46513.67578125
SYR,2021,45064.56640625
SYR,2022,43660.60546875
SYR,2023,42300.37890625
SYR,2024,40982.52734375
SYR,2025,39705.73046875
SYR,2026,38468.69921875
SYR,2027,37270.20703125
SYR,2028,36109.05078125
SYR,2029,34984.06640625
SYR,2030,33894.12109375
SYR,2031,32838.12890625
SYR,2032,31815.03125
TCD,2018,24180.568359375
TCD,2019,23427.15234375
TCD,2020,22697.373046875
TCD,2021,21990.162109375
TCD,2022,21304.98828125
TCD,2023,20641.158203125
TCD,2024,19998.0078125
TCD,2025,19374.892578125
TCD,2026,18771.1875
TCD,2027,18186.287109375
TCD,2028,17619.607421875
TCD,2029,17070.580078125
TCD,2030,16538.65625
TCD,2031,16023.3017578125
TCD,2032,15524.0009765625
TGO,2018,11502.857421875
TGO,2019,11144.23828125
TGO,2020,10797.005859375
TGO,2021,10460.505859375
TGO,2022,10134.4921875
TGO,2023,9818.6337890625
TGO,2024,9512.6142578125
TGO,2025,9216.1279296875
TGO,2026,8928.876953125
TGO,2027,8650.57421875
TGO,2028,8380.94140625
TGO,2029,8119.70703125
TGO,2030,7866.61083984375
TGO,2031,7621.3994140625
TGO,2032,7383.826171875
THA,2018,1066756.25
THA,2019,1033558.375
THA,2020,1001367.3125
THA,2021,970173.5
THA,2022,939951.5625
THA,2023,910671.125
THA,2024,882302.75
THA,2025,854818.0625
THA,2026,828189.5625
THA,2027,802390.5625
THA,2028,777395.25
THA,2029,753178.5625
THA,2030,729716.25
THA,2031,706984.8125
THA,2032,684961.4375
TJK,2018,35069.765625
TJK,2019,33978.05859375
TJK,2020,32919.63671875
TJK,2021,31893.994140625
TJK,2022,30900.306640625
TJK,2023,29937.57421875
TJK,2024,29004.83203125
TJK,2025,28101.146484375
TJK,2026,27225.611328125
TJK,2027,26377.349609375
TJK,2028,25555.509765625
TJK,2029,24759.2734375
TJK,2030,23987.837890625
TJK,2031,23240.43359375
TJK,2032,22516.3125
TKM,2018,132027.859375
TKM,2019,127918.6640625
TKM,2020,123934.390625
TKM,2021,120073.5390625
TKM,2022,116332.984375
TKM,2023,112708.9375
TKM,2024,109197.7890625
TKM,2025,105796.015625
TKM,2026,102500.21875
TKM,2027,99307.0859375
TKM,2028,96213.421875
TKM,2029,93216.125
TKM,2030,90312.1953125
TKM,2031,87498.7265625
TKM,2032,84772.8984375
TTO,2018,38197.53125
TTO,2019,37008.484375
TTO,2020,35855.67578125
TTO,2021,34738.57421875
TTO,2022,33656.27734375
TTO,2023,32607.6953125
TTO,2024,31591.779296875
TTO,2025,30607.505859375
TTO,2026,29653.89453125
TTO,2027,28729.990234375
TTO,2028,27834.865234375
TTO,2029,26967.625
TTO,2030,26127.400390625
TTO,2031,25313.349609375
TTO,2032,24524.65625
TUN,2018,123752.78125
TUN,2019,119901.3515625
TUN,2020,116166.78125
TUN,2021,112547.90625
TUN,2022,109041.7734375
TUN,2023,105644.859375
TUN,2024,102353.765625
TUN,2025,99165.1875
TUN,2026,96075.9375
TUN,2027,93082.921875
TUN,2028,90183.1484375
TUN,2029,87373.6953125
TUN,2030,84651.765625
TUN,2031,82014.625
TUN,2032,79459.6328125
TUR,2018,2009505.5
TUR,2019,1946968.75
TUR,2020,1886328.625
TUR,2021,1827567.25
TUR,2022,1770636.75
TUR,2023,1715479.625
TUR,2024,1662040.75
TUR,2025,1610266.5
TUR,2026,1560105.0
TUR,2027,1511506.125
TUR,2028,1464421.25
TUR,2029,1418803.0
TUR,2030,1374605.75
TUR,2031,1331785.25
TUR,2032,1290298.75
TZA,2018,146609.75
TZA,2019,142047.03125
TZA,2020,137622.71875
TZA,2021,133335.46875
TZA,2022,129181.7890625
TZA,2023,125157.5078125
TZA,2024,121258.578125
TZA,2025,117481.1015625
TZA,2026,113821.296875
TZA,2027,110275.4921875
TZA,2028,106840.140625
TZA,2029,103511.8125
TZA,2030,100287.1640625
TZA,2031,97162.9609375
TZA,2032,94136.0859375
UGA,2018,80309.9375
UGA,2019,77810.4375
UGA,2020,75386.8203125
UGA,2021,73038.28125
UGA,2022,70762.90625
UGA,2023,68558.4140625
UGA,2024,66422.59375
UGA,2025,64353.30859375
UGA,2026,62348.48828125
UGA,2027,60406.12109375
UGA,2028,58524.26171875
UGA,2029,56701.01953125
UGA,2030,54934.57421875
UGA,2031,53223.15625
UGA,2032,51565.05078125
UKR,2018,386324.96875
UKR,2019,374302.40625
UKR,2020,362644.3125
UKR,2021,351347.40625
UKR,2022,340402.4375
UKR,2023,329798.4375
UKR,2024,319524.78125
UKR,2025,309571.125
UKR,2026,299927.53125
UKR,2027,290584.375
UKR,2028,281532.25
UKR,2029,272762.09375
UKR,2030,264265.15625
UKR,2031,256032.890625
UKR,2032,248057.078125
URY,2018,66287.5
URY,2019,64224.40234375
URY,2020,62223.92578125
URY,2021,60285.421875
URY,2022,58407.31640625
URY,2023,56587.71484375
URY,2024,54824.80078125
URY,2025,53116.80078125
URY,2026,51462.00390625
URY,2027,49858.76171875
URY,2028,48305.45703125
URY,2029,46800.5390625
URY,2030,45342.50390625
URY,2031,43929.88671875
URY,2032,42561.2734375
USA,2018,17228954.0
USA,2019,16692780.0
USA,2020,16172870.0
USA,2021,15669068.0
USA,2022,15180962.0
USA,2023,14708061.0
USA,2024,14249892.0
USA,2025,13805996.0
USA,2026,13375926.0
USA,2027,12959253.0
USA,2028,12555560.0
USA,2029,12164442.0
USA,2030,11785508.0
USA,2031,11418379.0
USA,2032,11062686.0
UZB,2018,298531.03125
UZB,2019,289240.5
UZB,2020,280231.75
UZB,2021,271502.03125
UZB,2022,263044.34375
UZB,2023,254850.125
UZB,2024,246911.15625
UZB,2025,239219.484375
UZB,2026,231767.421875
UZB,2027,224547.5
UZB,2028,217552.5
UZB,2029,210775.375
UZB,2030,204209.375
UZB,2031,197847.90625
UZB,2032,191684.609375
VCT,2018,999.4130249023438
VCT,2019,968.0339965820312
VCT,2020,937.7290649414062
VCT,2021,908.3574829101562
VCT,2022,879.9013061523438
VCT,2023,852.3316040039062
VCT,2024,825.6206665039062
VCT,2025,799.7418823242188
VCT,2026,774.6692504882812
VCT,2027,750.3776245117188
VCT,2028,726.8427124023438
VCT,2029,704.0409545898438
VCT,2030,681.9494018554688
VCT,2031,660.5460815429688
VCT,2032,639.8095092773438
VEN,2018,352162.625
VEN,2019,341202.96875
VEN,2020,330575.78125
VEN,2021,320277.84375
VEN,2022,310300.71875
VEN,2023,300634.40625
VEN,2024,291269.21875
VEN,2025,282195.75
VEN,2026,273404.9375
VEN,2027,264887.96875
VEN,2028,256636.3125
VEN,2029,248641.703125
VEN,2030,240896.125
VEN,2031,233391.828125
VEN,2032,226121.3125
VNM,2018,591796.8125
VNM,2019,573380.1875
VNM,2020,555521.6875
VNM,2021,538216.5
VNM,2022,521450.40625
VNM,2023,505206.59375
VNM,2024,489468.8125
VNM,2025,474221.28125
VNM,2026,459448.71875
VNM,2027,445136.375
VNM,2028,431269.84375
VNM,2029,417835.21875
VNM,2030,404819.09375
VNM,2031,392208.4375
VNM,2032,379990.625
YEM,2018,50877.19140625
YEM,2019,49293.54296875
YEM,2020,47758.11328125
YEM,2021,46270.23828125
YEM,2022,44828.72265625
YEM,2023,43432.109375
YEM,2024,42079.0
YEM,2025,40768.04296875
YEM,2026,39497.92578125
YEM,2027,38267.37109375
YEM,2028,37075.1484375
YEM,2029,35920.06640625
YEM,2030,34800.96484375
YEM,2031,33716.7265625
YEM,2032,32666.259765625
ZAF,2018,662308.3125
ZAF,2019,641696.9375
ZAF,2020,621710.6875
ZAF,2021,602343.625
ZAF,2022,583579.9375
ZAF,2023,565400.75
ZAF,2024,547787.875
ZAF,2025,530723.6875
ZAF,2026,514191.0
ZAF,2027,498173.34375
ZAF,2028,482654.625
ZAF,2029,467619.34375
ZAF,2030,453052.40625
ZAF,2031,438939.25
ZAF,2032,425265.75
ZMB,2018,57926.75
ZMB,2019,56123.578125
ZMB,2020,54375.42578125
ZMB,2021,52681.41796875
ZMB,2022,51040.1875
ZMB,2023,49450.08203125
ZMB,2024,47909.51171875
ZMB,2025,46416.9296875
ZMB,2026,44970.83984375
ZMB,2027,43569.80078125
ZMB,2028,42212.40625
ZMB,2029,40897.29296875
ZMB,2030,39623.14453125
ZMB,2031,38388.69140625
ZMB,2032,37192.69140625
ZWE,2018,30780.0
ZWE,2019,29821.6953125
ZWE,2020,28892.73046875
ZWE,2021,27992.53125
ZWE,2022,27120.376953125
ZWE,2023,26275.392578125
ZWE,2024,25456.728515625
ZWE,2025,24663.568359375
ZWE,2026,23895.115234375
ZWE,2027,23150.599609375
ZWE,2028,22429.279296875
ZWE,2029,21730.427734375
ZWE,2030,21053.345703125
ZWE,2031,20397.35546875
ZWE,2032,19761.798828125
