RegionCode,YearCode,AggValue
ARG,1950,2034
ARG,1951,2037.866699
ARG,1952,2041.740845
ARG,1953,2045.622314
ARG,1954,2049.51123
ARG,1955,2053.407471
ARG,1956,2057.311035
ARG,1957,2061.222168
ARG,1958,2065.140625
ARG,1959,2069.06665
ARG,1960,2073
ARG,1961,2066.200439
ARG,1962,2059.42334
ARG,1963,2052.668457
ARG,1964,2045.935547
ARG,1965,2039.224854
ARG,1966,2032.536133
ARG,1967,2025.869385
ARG,1968,2019.224487
ARG,1969,2012.601318
ARG,1970,2006
ARG,1971,2002.661133
ARG,1972,1999.327759
ARG,1973,1996
ARG,1974,1992.842163
ARG,1975,1989.689331
ARG,1976,1986.541504
ARG,1977,1983.398682
ARG,1978,1980.260864
ARG,1979,1977.12793
ARG,1980,1974
ARG,1981,1961.230103
ARG,1982,1948.542725
ARG,1983,1935.9375
ARG,1984,1923.413696
ARG,1985,1910.971069
ARG,1986,1898.608887
ARG,1987,1886.32666
ARG,1988,1874.123779
ARG,1989,1862
ARG,1990,1850
ARG,1991,1837.960815
ARG,1992,1826
ARG,1993,1850.337769
ARG,1994,1875
ARG,1995,1881.961182
ARG,1996,1888.94812
ARG,1997,1895.96106
ARG,1998,1903
ARG,1999,1887.285034
ARG,2000,1862.13623
ARG,2001,1811.152588
ARG,2002,1710.036499
ARG,2003,1713.574585
ARG,2004,1730.817261
ARG,2005,1761.399414
ARG,2006,1765.601318
ARG,2007,1780.556519
ARG,2008,1781.424561
ARG,2009,1742.904297
ARG,2010,1751.765503
ARG,2011,1750.974121
ARG,2012,1726.258423
ARG,2013,1714.871094
ARG,2014,1695.364014
ARG,2015,1691.536255
ARG,2016,1691.536255
ARG,2017,1691.536255
AUS,1950,2178.245605
AUS,1951,2158.101318
AUS,1952,2138.143555
AUS,1953,2118.370117
AUS,1954,2098.779785
AUS,1955,2079.370361
AUS,1956,2060.140625
AUS,1957,2041.088623
AUS,1958,2022.212891
AUS,1959,2003.511597
AUS,1960,1984.983398
AUS,1961,1981.321411
AUS,1962,1977.66626
AUS,1963,1974.017822
AUS,1964,1970.376099
AUS,1965,1966.741089
AUS,1966,1963.112793
AUS,1967,1959.491211
AUS,1968,1955.876221
AUS,1969,1952.267944
AUS,1970,1948.666382
AUS,1971,1929.967041
AUS,1972,1909.567749
AUS,1973,1896.180664
AUS,1974,1913.498779
AUS,1975,1900.218018
AUS,1976,1910.630127
AUS,1977,1912.436401
AUS,1978,1913.286377
AUS,1979,1918.704956
AUS,1980,1919.110229
AUS,1981,1900.644165
AUS,1982,1881.506592
AUS,1983,1869.026855
AUS,1984,1883.686401
AUS,1985,1870.22998
AUS,1986,1880.669922
AUS,1987,1877.531128
AUS,1988,1874.57959
AUS,1989,1887.269653
AUS,1990,1867.951538
AUS,1991,1853.898438
AUS,1992,1851.84082
AUS,1993,1869.620728
AUS,1994,1877.727783
AUS,1995,1875.914795
AUS,1996,1868.759277
AUS,1997,1867.076172
AUS,1998,1851.233765
AUS,1999,1855.829102
AUS,2000,1854.035278
AUS,2001,1818.213013
AUS,2002,1814.102051
AUS,2003,1806.720947
AUS,2004,1805.019775
AUS,2005,1803.010132
AUS,2006,1791.993286
AUS,2007,1792.651489
AUS,2008,1790.540039
AUS,2009,1761.795654
AUS,2010,1769.309448
AUS,2011,1768.649414
AUS,2012,1759.519287
AUS,2013,1755.827148
AUS,2014,1747.937012
AUS,2015,1747.009033
AUS,2016,1734.214966
AUS,2017,1731.494263
AUT,1950,2085.669434
AUT,1951,2083.015625
AUT,1952,2080.365234
AUT,1953,2077.718018
AUT,1954,2075.074219
AUT,1955,2072.433838
AUT,1956,2069.796631
AUT,1957,2067.163086
AUT,1958,2064.532715
AUT,1959,2061.905762
AUT,1960,2059.281982
AUT,1961,2046.629761
AUT,1962,2034.055176
AUT,1963,2021.557983
AUT,1964,2009.137451
AUT,1965,1996.793213
AUT,1966,1984.524902
AUT,1967,1972.331909
AUT,1968,1960.213867
AUT,1969,1948.170288
AUT,1970,1890.137451
AUT,1971,1885.287964
AUT,1972,1905.749878
AUT,1973,1900.731323
AUT,1974,1978.662476
AUT,1975,1903.97168
AUT,1976,1898.042358
AUT,1977,1904.783081
AUT,1978,1844.067627
AUT,1979,1876.68042
AUT,1980,1881.0354
AUT,1981,1819.141235
AUT,1982,1835.118896
AUT,1983,1829.912231
AUT,1984,1825.925537
AUT,1985,1821.530273
AUT,1986,1820.710938
AUT,1987,1808.716309
AUT,1988,1812.131226
AUT,1989,1825.243286
AUT,1990,1826.029785
AUT,1991,1836.444214
AUT,1992,1804.931396
AUT,1993,1802.298096
AUT,1994,1800.538086
AUT,1995,1774.436401
AUT,1996,1807.27063
AUT,1997,1815.692017
AUT,1998,1794.030518
AUT,1999,1797.971313
AUT,2000,1798.432251
AUT,2001,1785.420166
AUT,2002,1782.8479
AUT,2003,1773.977905
AUT,2004,1776.46582
AUT,2005,1752.48938
AUT,2006,1735.669556
AUT,2007,1724.779175
AUT,2008,1717.195068
AUT,2009,1673.075073
AUT,2010,1665.843872
AUT,2011,1671.687744
AUT,2012,1647.852905
AUT,2013,1632.067627
AUT,2014,1621.565796
AUT,2015,1598.894409
AUT,2016,1609.352295
AUT,2017,1613.05188
BEL,1950,2106.150391
BEL,1951,2095.871826
BEL,1952,2085.643555
BEL,1953,2075.465332
BEL,1954,2065.336426
BEL,1955,2055.257324
BEL,1956,2045.227173
BEL,1957,2035.245972
BEL,1958,2025.313599
BEL,1959,2015.429565
BEL,1960,2005.593872
BEL,1961,1993.630371
BEL,1962,1981.738037
BEL,1963,1969.91687
BEL,1964,1958.166016
BEL,1965,1946.485352
BEL,1966,1934.87439
BEL,1967,1923.332642
BEL,1968,1911.859741
BEL,1969,1900.455322
BEL,1970,1889.118896
BEL,1971,1879.757935
BEL,1972,1853.576904
BEL,1973,1827.111938
BEL,1974,1797.076904
BEL,1975,1787.197876
BEL,1976,1787.983887
BEL,1977,1762.513916
BEL,1978,1743.757935
BEL,1979,1726.987915
BEL,1980,1707.125977
BEL,1981,1683.521973
BEL,1982,1669.515991
BEL,1983,1675.520874
BEL,1984,1699.527954
BEL,1985,1705.530884
BEL,1986,1685.523926
BEL,1987,1670.517944
BEL,1988,1658.515991
BEL,1989,1649.510986
BEL,1990,1663.516968
BEL,1991,1626.504883
BEL,1992,1603.498901
BEL,1993,1559.483887
BEL,1994,1559.483887
BEL,1995,1585.491943
BEL,1996,1559.483887
BEL,1997,1572.487915
BEL,1998,1583.490967
BEL,1999,1582.490967
BEL,2000,1594.850464
BEL,2001,1588.374878
BEL,2002,1582.715454
BEL,2003,1577.791748
BEL,2004,1572.961304
BEL,2005,1565.430298
BEL,2006,1572.245728
BEL,2007,1576.65625
BEL,2008,1569.979736
BEL,2009,1548.116089
BEL,2010,1545.848022
BEL,2011,1559.623779
BEL,2012,1559.905151
BEL,2013,1558.007935
BEL,2014,1555.202515
BEL,2015,1544.609985
BEL,2016,1545.815063
BEL,2017,1544.269043
BGD,1970,2071.4104
BGD,1971,2075.184326
BGD,1972,2078.137207
BGD,1973,2079.959717
BGD,1974,2081.076416
BGD,1975,2085.556396
BGD,1976,2087.495117
BGD,1977,2089.5979
BGD,1978,2092.141846
BGD,1979,2095.262695
BGD,1980,2099.014648
BGD,1981,2103.787109
BGD,1982,2117.375977
BGD,1983,2130.710938
BGD,1984,2143.550781
BGD,1985,2111.861084
BGD,1986,2083.791748
BGD,1987,2066.466309
BGD,1988,2052.22876
BGD,1989,2040.884521
BGD,1990,2122.014404
BGD,1991,2204.14917
BGD,1992,2182.919922
BGD,1993,2162.833008
BGD,1994,2143.963867
BGD,1995,2126.347656
BGD,1996,2111.63623
BGD,1997,2141.601807
BGD,1998,2169.101074
BGD,1999,2194.28125
BGD,2000,2216.776123
BGD,2001,2129.592285
BGD,2002,2044.279053
BGD,2003,1960.516602
BGD,2004,2061.473877
BGD,2005,2160.984131
BGD,2006,2259.631348
BGD,2007,2245.335938
BGD,2008,2239.289795
BGD,2009,2241.00415
BGD,2010,2250.152832
BGD,2011,2311.767822
BGD,2012,2274.539063
BGD,2013,2231.428467
BGD,2014,2231.87207
BGD,2015,2232.354248
BGD,2016,2232.354248
BGD,2017,2232.354248
BGR,1995,1710.67395
BGR,1996,1708.202515
BGR,1997,1706.867432
BGR,1998,1649.980957
BGR,1999,1669.499878
BGR,2000,1640.253784
BGR,2001,1651.858887
BGR,2002,1651.259399
BGR,2003,1640.511108
BGR,2004,1663.688721
BGR,2005,1658.646362
BGR,2006,1654.102661
BGR,2007,1654.521362
BGR,2008,1693.595947
BGR,2009,1646.275269
BGR,2010,1644.837891
BGR,2011,1643.592773
BGR,2012,1644.449829
BGR,2013,1644.979492
BGR,2014,1644.05896
BGR,2015,1644.385254
BGR,2016,1643.547485
BGR,2017,1643.547485
BRA,1950,2042
BRA,1951,2051.018555
BRA,1952,2060.077148
BRA,1953,2069.175537
BRA,1954,2078.314209
BRA,1955,2087.493164
BRA,1956,2096.712891
BRA,1957,2105.973145
BRA,1958,2115.27417
BRA,1959,2124.616455
BRA,1960,2134
BRA,1961,2135.097412
BRA,1962,2136.195557
BRA,1963,2137.293945
BRA,1964,2138.393311
BRA,1965,2139.49292
BRA,1966,2140.593262
BRA,1967,2141.694092
BRA,1968,2142.79541
BRA,1969,2143.897461
BRA,1970,2145
BRA,1971,2128.540771
BRA,1972,2112.207764
BRA,1973,2096
BRA,1974,2079.770752
BRA,1975,2063.666992
BRA,1976,2047.68811
BRA,1977,2031.832886
BRA,1978,2016.100464
BRA,1979,2000.489746
BRA,1980,1985
BRA,1981,1974.096802
BRA,1982,1963.25354
BRA,1983,1952.469849
BRA,1984,1941.745361
BRA,1985,1931.079712
BRA,1986,1920.472778
BRA,1987,1909.92395
BRA,1988,1899.433228
BRA,1989,1889
BRA,1990,1879
BRA,1991,1868.470459
BRA,1992,1858
BRA,1993,1858.999756
BRA,1994,1860
BRA,1995,1855.231689
BRA,1996,1850.475586
BRA,1997,1845.731689
BRA,1998,1841
BRA,1999,1813.842773
BRA,2000,1837.927002
BRA,2001,1828.326416
BRA,2002,1818.725708
BRA,2003,1811.182495
BRA,2004,1803.126099
BRA,2005,1783.131226
BRA,2006,1778.71228
BRA,2007,1781.691284
BRA,2008,1784.670288
BRA,2009,1779.335327
BRA,2010,1779.579102
BRA,2011,1773.174561
BRA,2012,1766.77002
BRA,2013,1755.632324
BRA,2014,1739.474731
BRA,2015,1709.485596
BRA,2016,1709.485596
BRA,2017,1709.485596
BRB,1991,1658.106201
BRB,1992,1638.218628
BRB,1993,1660.333862
BRB,1994,1675.111084
BRB,1995,1694.753052
BRB,1996,1717.114868
BRB,1997,1727.741333
BRB,1998,1728.596069
BRB,1999,1733.947144
BRB,2000,1753.252441
BRB,2001,1764.270508
CAN,1950,2209.234131
CAN,1951,2194.183594
CAN,1952,2181.939453
CAN,1953,2180.52832
CAN,1954,2172.60376
CAN,1955,2154.656494
CAN,1956,2142.279053
CAN,1957,2122.981689
CAN,1958,2107.615234
CAN,1959,2104.434326
CAN,1960,2090.805908
CAN,1961,2066.495361
CAN,1962,2065.044922
CAN,1963,2050.357666
CAN,1964,2039.108398
CAN,1965,2021.2146
CAN,1966,1995.114258
CAN,1967,1985.598145
CAN,1968,1961.477661
CAN,1969,1942.468384
CAN,1970,1925
CAN,1971,1912
CAN,1972,1904
CAN,1973,1898
CAN,1974,1891
CAN,1975,1872
CAN,1976,1862
CAN,1977,1834
CAN,1978,1836
CAN,1979,1841
CAN,1980,1827
CAN,1981,1812
CAN,1982,1789
CAN,1983,1779
CAN,1984,1789
CAN,1985,1795
CAN,1986,1797
CAN,1987,1807
CAN,1988,1808
CAN,1989,1802
CAN,1990,1797
CAN,1991,1775
CAN,1992,1772
CAN,1993,1769
CAN,1994,1778
CAN,1995,1775
CAN,1996,1790
CAN,1997,1785.300659
CAN,1998,1782.123657
CAN,1999,1782.02356
CAN,2000,1778.614746
CAN,2001,1771.083252
CAN,2002,1753.57666
CAN,2003,1746.025513
CAN,2004,1759.083252
CAN,2005,1746.60083
CAN,2006,1744.890625
CAN,2007,1741.265015
CAN,2008,1734.814941
CAN,2009,1701.057129
CAN,2010,1703.0271
CAN,2011,1699.607056
CAN,2012,1712.54248
CAN,2013,1707.412964
CAN,2014,1703.650635
CAN,2015,1707.072998
CAN,2016,1702.967285
CAN,2017,1696.462402
CHE,1950,2039.995239
CHE,1951,2032.35083
CHE,1952,2024.735107
CHE,1953,2017.147949
CHE,1954,2009.589111
CHE,1955,2002.058716
CHE,1956,1994.556396
CHE,1957,1987.082275
CHE,1958,1979.63623
CHE,1959,1972.218018
CHE,1960,1964.827515
CHE,1961,1967.635132
CHE,1962,1970.446777
CHE,1963,1973.262329
CHE,1964,1976.082031
CHE,1965,1978.90564
CHE,1966,1981.733398
CHE,1967,1984.565186
CHE,1968,1987.401001
CHE,1969,1990.240845
CHE,1970,1993.084717
CHE,1971,1982.778687
CHE,1972,1958.465332
CHE,1973,1931.666504
CHE,1974,1902.822388
CHE,1975,1894.040039
CHE,1976,1890.915649
CHE,1977,1863.48584
CHE,1978,1849.038574
CHE,1979,1836.376343
CHE,1980,1821.8396
CHE,1981,1802.523071
CHE,1982,1791.421143
CHE,1983,1776.667969
CHE,1984,1757.570557
CHE,1985,1751.328857
CHE,1986,1742.752075
CHE,1987,1741.482422
CHE,1988,1740.954956
CHE,1989,1725.789063
CHE,1990,1716.220825
CHE,1991,1713.775269
CHE,1992,1723.190186
CHE,1993,1719.490356
CHE,1994,1741.311279
CHE,1995,1720.266235
CHE,1996,1696.871948
CHE,1997,1687.453613
CHE,1998,1695.534546
CHE,1999,1717.401001
CHE,2000,1712.743042
CHE,2001,1672.850708
CHE,2002,1651.258301
CHE,2003,1664.540527
CHE,2004,1694.953247
CHE,2005,1689.970215
CHE,2006,1679.238403
CHE,2007,1668.869995
CHE,2008,1659.458984
CHE,2009,1650.778809
CHE,2010,1624.346436
CHE,2011,1619.316895
CHE,2012,1603.231323
CHE,2013,1582.892334
CHE,2014,1575.321533
CHE,2015,1589.475098
CHE,2016,1589.675781
CHE,2017,1589.675781
CHL,1951,2677.806885
CHL,1952,2655.044189
CHL,1953,2632.474854
CHL,1954,2610.097412
CHL,1955,2587.910156
CHL,1956,2565.911377
CHL,1957,2544.099854
CHL,1958,2522.473633
CHL,1959,2501.03125
CHL,1960,2479.770996
CHL,1961,2471.214844
CHL,1962,2462.687988
CHL,1963,2454.190674
CHL,1964,2445.722656
CHL,1965,2437.283936
CHL,1966,2428.874268
CHL,1967,2420.493652
CHL,1968,2412.141846
CHL,1969,2403.818848
CHL,1970,2395.524658
CHL,1971,2392.672363
CHL,1972,2389.823486
CHL,1973,2386.978027
CHL,1974,2384.001709
CHL,1975,2381.029053
CHL,1976,2378.060303
CHL,1977,2375.094971
CHL,1978,2372.133545
CHL,1979,2369.175781
CHL,1980,2366.22168
CHL,1981,2371.732178
CHL,1982,2377.255615
CHL,1983,2382.791748
CHL,1984,2388.341064
CHL,1985,2393.903076
CHL,1986,2399.478027
CHL,1987,2405.065918
CHL,1988,2410.666992
CHL,1989,2416.281006
CHL,1990,2422.385742
CHL,1991,2418.905029
CHL,1992,2415.424316
CHL,1993,2389.400635
CHL,1994,2363.657471
CHL,1995,2338.19165
CHL,1996,2313
CHL,1997,2256
CHL,1998,2299
CHL,1999,2277
CHL,2000,2263
CHL,2001,2242
CHL,2002,2250
CHL,2003,2235
CHL,2004,2232
CHL,2005,2157
CHL,2006,2165
CHL,2007,2128
CHL,2008,2095
CHL,2009,2074
CHL,2010,2070
CHL,2011,2047
CHL,2012,2024
CHL,2013,2015
CHL,2014,1990
CHL,2015,1988
CHL,2016,1974
CHL,2017,1974
CHN,1970,1976.312012
CHN,1971,1975.793701
CHN,1972,1975.50769
CHN,1973,1975.364746
CHN,1974,1975.189697
CHN,1975,1974.897461
CHN,1976,1974.20752
CHN,1977,1973.435303
CHN,1978,1972.727417
CHN,1979,1972.10376
CHN,1980,1971.496704
CHN,1981,1971.101563
CHN,1982,1970.706299
CHN,1983,1970.192749
CHN,1984,1969.7229
CHN,1985,1969.390503
CHN,1986,1970.44165
CHN,1987,1971.463257
CHN,1988,1972.676392
CHN,1989,1973.987305
CHN,1990,1975.354004
CHN,1991,1976.880005
CHN,1992,1978.424072
CHN,1993,1981.64978
CHN,1994,1989.304077
CHN,1995,2001.833984
CHN,1996,2017.269287
CHN,1997,2037.369019
CHN,1998,2062.053955
CHN,1999,2082.065918
CHN,2000,2090.475342
CHN,2001,2103.512695
CHN,2002,2118.199707
CHN,2003,2138.082764
CHN,2004,2167.89624
CHN,2005,2192.354492
CHN,2006,2183.056396
CHN,2007,2152.653809
CHN,2008,2131.585938
CHN,2009,2138.847168
CHN,2010,2172.710449
CHN,2011,2178.770752
CHN,2012,2184.230713
CHN,2013,2178.240967
CHN,2014,2178.16333
CHN,2015,2174.350098
CHN,2016,2174.350098
CHN,2017,2174.350098
COL,1950,2323
COL,1951,2312.280029
COL,1952,2301.609619
COL,1953,2290.988525
COL,1954,2280.41626
COL,1955,2269.893066
COL,1956,2259.418213
COL,1957,2248.991699
COL,1958,2238.613281
COL,1959,2228.282715
COL,1960,2218
COL,1961,2213.152588
COL,1962,2208.315918
COL,1963,2203.489502
COL,1964,2198.673828
COL,1965,2193.868652
COL,1966,2189.073975
COL,1967,2184.289795
COL,1968,2179.516113
COL,1969,2174.75293
COL,1970,2170
COL,1971,2160.290039
COL,1972,2150.623291
COL,1973,2141
COL,1974,2131.297607
COL,1975,2121.639404
COL,1976,2112.024658
COL,1977,2102.453613
COL,1978,2092.926025
COL,1979,2083.441406
COL,1980,2074
COL,1981,2063.223145
COL,1982,2052.502197
COL,1983,2041.837158
COL,1984,2031.227417
COL,1985,2020.672852
COL,1986,2010.173096
COL,1987,1999.727905
COL,1988,1989.336914
COL,1989,1979
COL,1990,1969
COL,1991,1958.974487
COL,1992,1949
COL,1993,1961.956909
COL,1994,1975
COL,1995,1970.232788
COL,1996,1965.477051
COL,1997,1960.732788
COL,1998,1956
COL,1999,1956
COL,2000,1956
COL,2001,1956
COL,2002,2032.288574
COL,2003,2016.248779
COL,2004,2004.256348
COL,2005,2013.928711
COL,2006,2036.023193
COL,2007,2058.360107
COL,2008,2080.941895
COL,2009,2049.564697
COL,2010,2039.065308
COL,2011,2040.172974
COL,2012,2021.057007
COL,2013,2000.659424
COL,2014,1991.974609
COL,2015,1997.748047
COL,2016,1997.748047
COL,2017,1997.748047
CRI,1987,2371.744629
CRI,1988,2351.565674
CRI,1989,2313.102783
CRI,1990,2363.539551
CRI,1991,2278.258789
CRI,1992,2364.548828
CRI,1993,2352.418457
CRI,1994,2376.106689
CRI,1995,2350.712891
CRI,1996,2392.572021
CRI,1997,2371.212402
CRI,1998,2362.283691
CRI,1999,2376.17334
CRI,2000,2367.584473
CRI,2001,2335.043213
CRI,2002,2362.696045
CRI,2003,2356.13501
CRI,2004,2375.4021
CRI,2005,2357.846436
CRI,2006,2365.613037
CRI,2007,2392.574707
CRI,2008,2397.883301
CRI,2009,2354.243164
CRI,2010,2249.265381
CRI,2011,2289.887207
CRI,2012,2242.599121
CRI,2013,2156.558105
CRI,2014,2135.533203
CRI,2015,2156.910156
CRI,2016,2212.383545
CRI,2017,2212.383545
CYP,1995,1899.567505
CYP,1996,1898.601685
CYP,1997,1906.274048
CYP,1998,1912.541992
CYP,1999,1919.713257
CYP,2000,1926.388306
CYP,2001,1950.894043
CYP,2002,1923.207397
CYP,2003,1916.095215
CYP,2004,1878.595093
CYP,2005,1847.325806
CYP,2006,1832.902832
CYP,2007,1862.128906
CYP,2008,1882.501099
CYP,2009,1870.233398
CYP,2010,1856.247803
CYP,2011,1841.439087
CYP,2012,1834.737061
CYP,2013,1804.860718
CYP,2014,1792.988037
CYP,2015,1789.706055
CYP,2016,1783.52063
CYP,2017,1783.52063
CZE,1993,1856.904541
CZE,1994,1838.904541
CZE,1995,1857.902588
CZE,1996,1852.577515
CZE,1997,1857.762329
CZE,1998,1877.418335
CZE,1999,1893.534668
CZE,2000,1895.562134
CZE,2001,1818.315674
CZE,2002,1816.57019
CZE,2003,1806.223999
CZE,2004,1817.061035
CZE,2005,1816.988281
CZE,2006,1799.166748
CZE,2007,1784.364502
CZE,2008,1789.540527
CZE,2009,1778.766968
CZE,2010,1799.500488
CZE,2011,1805.623291
CZE,2012,1776.12439
CZE,2013,1763.004761
CZE,2014,1776.737549
CZE,2015,1756.161011
CZE,2016,1778.397095
CZE,2017,1776.161987
DEU,1950,2427.428711
DEU,1951,2401.595215
DEU,1952,2376.036865
DEU,1953,2350.750488
DEU,1954,2325.733154
DEU,1955,2300.982178
DEU,1956,2276.494385
DEU,1957,2252.267334
DEU,1958,2228.298096
DEU,1959,2204.583984
DEU,1960,2181.122314
DEU,1961,2154.504639
DEU,1962,2117.401611
DEU,1963,2086.952637
DEU,1964,2098.446777
DEU,1965,2084.230469
DEU,1966,2057.915527
DEU,1967,2020.207397
DEU,1968,2007.7052
DEU,1969,1987.943726
DEU,1970,1972.5177
DEU,1971,1940.556519
DEU,1972,1915.451416
DEU,1973,1884.901733
DEU,1974,1851.629883
DEU,1975,1811.905273
DEU,1976,1824.306641
DEU,1977,1806.25415
DEU,1978,1787.19873
DEU,1979,1775.163696
DEU,1980,1756.108276
DEU,1981,1734.044067
DEU,1982,1723.011963
DEU,1983,1709.973999
DEU,1984,1698.942017
DEU,1985,1675.874878
DEU,1986,1656.819458
DEU,1987,1633.752319
DEU,1988,1628.737793
DEU,1989,1605.670654
DEU,1990,1582.603516
DEU,1991,1553.518921
DEU,1992,1564.715454
DEU,1993,1541.576294
DEU,1994,1537.25061
DEU,1995,1527.978271
DEU,1996,1510.495361
DEU,1997,1499.644287
DEU,1998,1493.581909
DEU,1999,1478.722046
DEU,2000,1452.012939
DEU,2001,1441.910156
DEU,2002,1430.860474
DEU,2003,1424.744873
DEU,2004,1422.223389
DEU,2005,1411.280029
DEU,2006,1424.675171
DEU,2007,1424.352173
DEU,2008,1418.396362
DEU,2009,1372.713501
DEU,2010,1389.882935
DEU,2011,1392.813354
DEU,2012,1375.026733
DEU,2013,1362.697632
DEU,2014,1367.079102
DEU,2015,1368.106934
DEU,2016,1358.586548
DEU,2017,1353.886841
DNK,1950,2049.319336
DNK,1951,2034.865967
DNK,1952,2020.514526
DNK,1953,2006.264282
DNK,1954,1992.114502
DNK,1955,1978.064453
DNK,1956,1964.113647
DNK,1957,1950.261108
DNK,1958,1936.506348
DNK,1959,1922.848511
DNK,1960,1909.287109
DNK,1961,1921.231689
DNK,1962,1933.250977
DNK,1963,1945.345581
DNK,1964,1957.515747
DNK,1965,1969.762085
DNK,1966,1982.084961
DNK,1967,1953.990967
DNK,1968,1909.151001
DNK,1969,1869.583984
DNK,1970,1845.387939
DNK,1971,1809.766968
DNK,1972,1751.861938
DNK,1973,1709.756958
DNK,1974,1691.369019
DNK,1975,1616.660034
DNK,1976,1623.531738
DNK,1977,1598.639526
DNK,1978,1575.331909
DNK,1979,1563.694458
DNK,1980,1577.586426
DNK,1981,1546.245972
DNK,1982,1552.793335
DNK,1983,1545.771362
DNK,1984,1540.641602
DNK,1985,1527.708862
DNK,1986,1530.696655
DNK,1987,1492.763428
DNK,1988,1471.003418
DNK,1989,1455.071411
DNK,1990,1440.54895
DNK,1991,1437.057861
DNK,1992,1452.630493
DNK,1993,1449.078613
DNK,1994,1406.564331
DNK,1995,1419.154297
DNK,1996,1412.247925
DNK,1997,1428.313721
DNK,1998,1441.19873
DNK,1999,1456.374756
DNK,2000,1466.01709
DNK,2001,1468.925293
DNK,2002,1462.689697
DNK,2003,1457.644043
DNK,2004,1458.155273
DNK,2005,1451.447388
DNK,2006,1455.671143
DNK,2007,1432.971558
DNK,2008,1429.991577
DNK,2009,1417.202148
DNK,2010,1422.234985
DNK,2011,1436.789429
DNK,2012,1423.250122
DNK,2013,1425.841309
DNK,2014,1414.154663
DNK,2015,1412.271484
DNK,2016,1408.963501
DNK,2017,1400.38147
ECU,1995,1943
ECU,1996,1936.310303
ECU,1997,1929.643677
ECU,1998,1923
ECU,1999,1788.703857
ECU,2000,1799.721191
ECU,2001,1810.806396
ECU,2002,1821.959839
ECU,2003,1833.182129
ECU,2004,1772.026245
ECU,2005,1804.769409
ECU,2006,1772.748047
ECU,2007,1792.030884
ECU,2008,1845.987183
ECU,2009,1825.042725
ECU,2010,1827.777222
ECU,2011,1799.33606
ECU,2012,1775.933838
ECU,2013,1780.753418
ECU,2014,1733.558472
ECU,2015,1701.355835
ECU,2016,1701.355835
ECU,2017,1701.355835
ESP,1950,2208.704102
ESP,1951,2204.526611
ESP,1952,2200.465088
ESP,1953,2196.505859
ESP,1954,2213.559814
ESP,1955,2195.474854
ESP,1956,2179.343018
ESP,1957,2164.270508
ESP,1958,2149.641846
ESP,1959,2139.092773
ESP,1960,2129.84082
ESP,1961,2111.588623
ESP,1962,2094.388672
ESP,1963,2077.4646
ESP,1964,2031.747192
ESP,1965,2024.023804
ESP,1966,2025.412354
ESP,1967,2034.259888
ESP,1968,1996.513184
ESP,1969,1988.266846
ESP,1970,1996.220703
ESP,1971,1996.337646
ESP,1972,1992.193726
ESP,1973,1980.358643
ESP,1974,1986.529663
ESP,1975,1996.356689
ESP,1976,2006.463623
ESP,1977,2000.275635
ESP,1978,1973.44873
ESP,1979,1929.361694
ESP,1980,1917.924683
ESP,1981,1884.183716
ESP,1982,1862.435669
ESP,1983,1830.668701
ESP,1984,1786.112671
ESP,1985,1776.220703
ESP,1986,1768.28772
ESP,1987,1760.370728
ESP,1988,1756.398682
ESP,1989,1744.480713
ESP,1990,1746.447754
ESP,1991,1755.349731
ESP,1992,1747.485718
ESP,1993,1739.571777
ESP,1994,1738.52771
ESP,1995,1738.816772
ESP,1996,1740.202515
ESP,1997,1742.493896
ESP,1998,1750.964233
ESP,1999,1756.053467
ESP,2000,1752.755127
ESP,2001,1762.5
ESP,2002,1764.573975
ESP,2003,1755.938843
ESP,2004,1741.506958
ESP,2005,1725.600586
ESP,2006,1715.65564
ESP,2007,1703.487793
ESP,2008,1712.552368
ESP,2009,1719.674072
ESP,2010,1710.395752
ESP,2011,1715.510864
ESP,2012,1701.192749
ESP,2013,1693.534668
ESP,2014,1694.587158
ESP,2015,1699.499146
ESP,2016,1701.366943
ESP,2017,1686.497314
EST,1995,1983.229126
EST,1996,1982.282227
EST,1997,1980.551392
EST,1998,1980.161499
EST,1999,1977.344971
EST,2000,1977.872925
EST,2001,1970.496094
EST,2002,1972.689941
EST,2003,1978.334717
EST,2004,1986.460693
EST,2005,2008.373291
EST,2006,2000.990356
EST,2007,1998.484619
EST,2008,1967.769775
EST,2009,1832.140137
EST,2010,1874.70166
EST,2011,1918.863037
EST,2012,1885.686646
EST,2013,1865.842896
EST,2014,1859.431885
EST,2015,1851.616577
EST,2016,1855.199341
EST,2017,1856.682739
FIN,1950,2053.067627
FIN,1951,2053.672119
FIN,1952,2054.276855
FIN,1953,2054.881592
FIN,1954,2055.486572
FIN,1955,2056.091797
FIN,1956,2056.697266
FIN,1957,2057.302979
FIN,1958,2057.908691
FIN,1959,2058.514648
FIN,1960,2059.12085
FIN,1961,2058.121582
FIN,1962,2051.128174
FIN,1963,2047.131714
FIN,1964,2073.10791
FIN,1965,2073.10791
FIN,1966,2048.130859
FIN,1967,2031.146362
FIN,1968,2015.160889
FIN,1969,1996.178223
FIN,1970,1980.192749
FIN,1971,1945.220825
FIN,1972,1929.23584
FIN,1973,1913.252808
FIN,1974,1907.255859
FIN,1975,1899.142822
FIN,1976,1896.128784
FIN,1977,1887.836792
FIN,1978,1893.255859
FIN,1979,1869.142822
FIN,1980,1849.188843
FIN,1981,1854.794067
FIN,1982,1840.273804
FIN,1983,1822.644653
FIN,1984,1813.701294
FIN,1985,1813.302124
FIN,1986,1792.587158
FIN,1987,1798.126465
FIN,1988,1806.179932
FIN,1989,1802.142212
FIN,1990,1769.119141
FIN,1991,1747.436768
FIN,1992,1752.757324
FIN,1993,1755.339478
FIN,1994,1774.842651
FIN,1995,1776.051758
FIN,1996,1774.891968
FIN,1997,1764.724976
FIN,1998,1754.397217
FIN,1999,1757.257813
FIN,2000,1742.07019
FIN,2001,1722.593872
FIN,2002,1713.776611
FIN,2003,1705.279175
FIN,2004,1707.322266
FIN,2005,1697.087891
FIN,2006,1692.903076
FIN,2007,1691.491455
FIN,2008,1684.512451
FIN,2009,1660.655762
FIN,2010,1667.76709
FIN,2011,1662.452759
FIN,2012,1650.260132
FIN,2013,1639.585693
FIN,2014,1636.331055
FIN,2015,1637.194946
FIN,2016,1634.759399
FIN,2017,1659.28064
FRA,1950,2193.31665
FRA,1951,2214.521729
FRA,1952,2197.814453
FRA,1953,2179.002686
FRA,1954,2193.687988
FRA,1955,2179.016846
FRA,1956,2130.490234
FRA,1957,2107.170898
FRA,1958,2096.481445
FRA,1959,2100.085938
FRA,1960,2111.611572
FRA,1961,2091.98584
FRA,1962,2107.498291
FRA,1963,2093.72876
FRA,1964,2103.750977
FRA,1965,2092.967041
FRA,1966,2087.106934
FRA,1967,2055.803467
FRA,1968,2034.268433
FRA,1969,1964.445313
FRA,1970,1948.230103
FRA,1971,1947.81665
FRA,1972,1898.090576
FRA,1973,1884.460449
FRA,1974,1854.751099
FRA,1975,1830.153076
FRA,1976,1856.825684
FRA,1977,1819.906982
FRA,1978,1789.749268
FRA,1979,1787.019897
FRA,1980,1778.867798
FRA,1981,1759.619263
FRA,1982,1687.917114
FRA,1983,1670.744751
FRA,1984,1664.953857
FRA,1985,1630.436646
FRA,1986,1626.71521
FRA,1987,1638.998413
FRA,1988,1648.224976
FRA,1989,1633.682129
FRA,1990,1629.096069
FRA,1991,1622.62085
FRA,1992,1621.56665
FRA,1993,1614.078857
FRA,1994,1611.646118
FRA,1995,1590.683228
FRA,1996,1587.097534
FRA,1997,1585.503906
FRA,1998,1575.727905
FRA,1999,1569.434326
FRA,2000,1549.964966
FRA,2001,1530.46167
FRA,2002,1497.338501
FRA,2003,1502.097534
FRA,2004,1525.996704
FRA,2005,1527.371704
FRA,2006,1510.607422
FRA,2007,1530.004761
FRA,2008,1537.762085
FRA,2009,1521.275879
FRA,2010,1527.950928
FRA,2011,1534.606567
FRA,2012,1528.892578
FRA,2013,1513.874268
FRA,2014,1508.988525
FRA,2015,1509.41272
FRA,2016,1502.728516
FRA,2017,1514.137085
GBR,1950,2183.943604
GBR,1951,2192.663818
GBR,1952,2160.858643
GBR,1953,2164.779785
GBR,1954,2168.930908
GBR,1955,2167.363037
GBR,1956,2153.779541
GBR,1957,2132.252197
GBR,1958,2102.453369
GBR,1959,2112.238037
GBR,1960,2103.58374
GBR,1961,2066.811035
GBR,1962,2029.0448
GBR,1963,2020.59668
GBR,1964,2020.833618
GBR,1965,1997.567993
GBR,1966,1941.609741
GBR,1967,1929.527466
GBR,1968,1922.201538
GBR,1969,1912.604736
GBR,1970,1870.894409
GBR,1971,1830.142456
GBR,1972,1851.366455
GBR,1973,1860.252319
GBR,1974,1845.296997
GBR,1975,1814.07959
GBR,1976,1807.02417
GBR,1977,1816.929321
GBR,1978,1818.037476
GBR,1979,1815.493042
GBR,1980,1785.396362
GBR,1981,1749.119995
GBR,1982,1745.419189
GBR,1983,1739.548462
GBR,1984,1745.752563
GBR,1985,1748.081787
GBR,1986,1742.736816
GBR,1987,1747.566772
GBR,1988,1754.725708
GBR,1989,1758.556885
GBR,1990,1745.944092
GBR,1991,1720.546631
GBR,1992,1714.330444
GBR,1993,1710.31604
GBR,1994,1720.590454
GBR,1995,1722.625244
GBR,1996,1722.092529
GBR,1997,1721.195435
GBR,1998,1716.99939
GBR,1999,1708.610352
GBR,2000,1692.953979
GBR,2001,1695.97644
GBR,2002,1678.561401
GBR,2003,1669.380371
GBR,2004,1666.715698
GBR,2005,1669.737183
GBR,2006,1663.985718
GBR,2007,1665.821411
GBR,2008,1660.46875
GBR,2009,1638.331787
GBR,2010,1643.207886
GBR,2011,1641.315674
GBR,2012,1655.106567
GBR,2013,1665.891724
GBR,2014,1672.267944
GBR,2015,1669.074707
GBR,2016,1668.387573
GBR,2017,1670.272827
GRC,1951,2312.55127
GRC,1952,2302.988037
GRC,1953,2293.4646
GRC,1954,2283.980225
GRC,1955,2274.535156
GRC,1956,2265.12915
GRC,1957,2255.761963
GRC,1958,2246.433838
GRC,1959,2237.144043
GRC,1960,2227.892578
GRC,1961,2217.990723
GRC,1962,2208.132813
GRC,1963,2198.318848
GRC,1964,2188.54834
GRC,1965,2178.821533
GRC,1966,2169.137695
GRC,1967,2159.496826
GRC,1968,2149.89917
GRC,1969,2140.34375
GRC,1970,2098.642822
GRC,1971,2099.604736
GRC,1972,2101.093506
GRC,1973,2102.545898
GRC,1974,2103.959717
GRC,1975,2105.333252
GRC,1976,2106.665283
GRC,1977,2107.954346
GRC,1978,2109.609863
GRC,1979,2111.049316
GRC,1980,2111.699219
GRC,1981,2111.783936
GRC,1982,2111.394531
GRC,1983,2108.866211
GRC,1984,2108.495605
GRC,1985,2107.469238
GRC,1986,2107.8125
GRC,1987,2110.071289
GRC,1988,2107.254883
GRC,1989,2109.303955
GRC,1990,2111.622803
GRC,1991,2112.890869
GRC,1992,2112.868896
GRC,1993,2112.143799
GRC,1994,2110.19873
GRC,1995,2110.706299
GRC,1996,2109.400391
GRC,1997,2107.944824
GRC,1998,2108.434326
GRC,1999,2104.852295
GRC,2000,2107.638428
GRC,2001,2101.130371
GRC,2002,2093.215088
GRC,2003,2091.47876
GRC,2004,2082.551758
GRC,2005,2136.239014
GRC,2006,2125.336426
GRC,2007,2110.988525
GRC,2008,2106.26001
GRC,2009,2081.21167
GRC,2010,2019.570801
GRC,2011,2037.700317
GRC,2012,2055.374023
GRC,2013,2059.219971
GRC,2014,2020.881592
GRC,2015,2031.140503
GRC,2016,2030.090454
GRC,2017,2016.895386
HKG,1960,2722.365479
HKG,1961,2702.060303
HKG,1962,2681.90625
HKG,1963,2661.902832
HKG,1964,2642.048584
HKG,1965,2622.342285
HKG,1966,2602.782959
HKG,1967,2583.369629
HKG,1968,2564.101074
HKG,1969,2544.976074
HKG,1970,2525.993896
HKG,1971,2527.050293
HKG,1972,2525.529785
HKG,1973,2523.873779
HKG,1974,2522.075439
HKG,1975,2520.205811
HKG,1976,2518.052246
HKG,1977,2508.34375
HKG,1978,2498.870117
HKG,1979,2490.391113
HKG,1980,2479.387695
HKG,1981,2466.15625
HKG,1982,2441.601318
HKG,1983,2410.730957
HKG,1984,2381.766602
HKG,1985,2356.082764
HKG,1986,2360.248535
HKG,1987,2324.306152
HKG,1988,2372.438721
HKG,1989,2314.03125
HKG,1990,2278.521973
HKG,1991,2309.904541
HKG,1992,2224.171387
HKG,1993,2287.959229
HKG,1994,2291.928467
HKG,1995,2254.849854
HKG,1996,2304.267822
HKG,1997,2257.813232
HKG,1998,2259.152832
HKG,1999,2301.925781
HKG,2000,2330.666992
HKG,2001,2326.357666
HKG,2002,2343.430908
HKG,2003,2330.898682
HKG,2004,2354.375
HKG,2005,2346.385986
HKG,2006,2315.494873
HKG,2007,2327.780029
HKG,2008,2277.022705
HKG,2009,2251.998779
HKG,2010,2302.080078
HKG,2011,2256.76123
HKG,2012,2235.594238
HKG,2013,2225.413818
HKG,2014,2175.247314
HKG,2015,2185.578857
HKG,2016,2185.578857
HKG,2017,2185.578857
HRV,1995,1923.711304
HRV,1996,1923.696533
HRV,1997,1923.758423
HRV,1998,1923.667236
HRV,1999,1923.66394
HRV,2000,1922.10083
HRV,2001,1923.391968
HRV,2002,1923.665527
HRV,2003,1924.74646
HRV,2004,1926.584961
HRV,2005,1926.516602
HRV,2006,1928.644531
HRV,2007,1930.672485
HRV,2008,1932.227051
HRV,2009,1928.894165
HRV,2010,1942.999634
HRV,2011,1940.276245
HRV,2012,1923.314331
HRV,2013,1909.485107
HRV,2014,1891.603149
HRV,2015,1827.651001
HRV,2016,1834.932739
HRV,2017,1834.932739
HUN,1980,2193.477295
HUN,1981,2192.477539
HUN,1982,2099.499756
HUN,1983,2079.504639
HUN,1984,2007.521729
HUN,1985,1980.528076
HUN,1986,1971.530273
HUN,1987,2015.519775
HUN,1988,2009.52124
HUN,1989,1984.527222
HUN,1990,1944.536743
HUN,1991,1912.544312
HUN,1992,1869.554565
HUN,1993,1869.554565
HUN,1994,2000.523315
HUN,1995,2005.522217
HUN,1996,1999.579346
HUN,1997,2023.401611
HUN,1998,2022.893188
HUN,1999,2040.071045
HUN,2000,2032.84668
HUN,2001,1993.321289
HUN,2002,2005.256836
HUN,2003,1978.166748
HUN,2004,1986.123779
HUN,2005,1986.903809
HUN,2006,1983.476807
HUN,2007,1978.635376
HUN,2008,1981.753784
HUN,2009,1963.060059
HUN,2010,1956.183594
HUN,2011,1948.678223
HUN,2012,1926.539185
HUN,2013,1920.533447
HUN,2014,1928.303833
HUN,2015,1923.720947
HUN,2016,1937.33252
HUN,2017,1937.33252
IDN,1970,1988.071533
IDN,1971,1990.317993
IDN,1972,2020.969971
IDN,1973,2032.022583
IDN,1974,2029.859253
IDN,1975,2011.433105
IDN,1976,1972.943359
IDN,1977,1990.820557
IDN,1978,1975.81543
IDN,1979,1988.143311
IDN,1980,2003.261719
IDN,1981,2034.144043
IDN,1982,2013.323486
IDN,1983,2051.514893
IDN,1984,2056.866455
IDN,1985,2029.077637
IDN,1986,1887.905762
IDN,1987,1890.029663
IDN,1988,1886.164429
IDN,1989,1891.391724
IDN,1990,1909.369629
IDN,1991,1928.295898
IDN,1992,1897.323364
IDN,1993,1898.663574
IDN,1994,1929.729492
IDN,1995,1928.019531
IDN,1996,1917.212402
IDN,1997,1922.929199
IDN,1998,1928.835693
IDN,1999,1949.529053
IDN,2000,1913.022339
IDN,2001,1935.449463
IDN,2002,1917.733276
IDN,2003,1941.851685
IDN,2004,1969.054443
IDN,2005,1953.515991
IDN,2006,1965.110962
IDN,2007,2042.989868
IDN,2008,2044.32959
IDN,2009,2063.680176
IDN,2010,2054.324219
IDN,2011,2023.279175
IDN,2012,2026.351318
IDN,2013,2024.239502
IDN,2014,2008.46228
IDN,2015,2024.286987
IDN,2016,2024.286987
IDN,2017,2024.286987
IND,1970,2077.330811
IND,1971,2077.085205
IND,1972,2076.560303
IND,1973,2074.829102
IND,1974,2072.365723
IND,1975,2069.956543
IND,1976,2067.159912
IND,1977,2065.379639
IND,1978,2064.417725
IND,1979,2064.224609
IND,1980,2064.027832
IND,1981,2063.623047
IND,1982,2064.153076
IND,1983,2065.120361
IND,1984,2066.708252
IND,1985,2068.607666
IND,1986,2070.577881
IND,1987,2072.270508
IND,1988,2075.077393
IND,1989,2078.13208
IND,1990,2078.479492
IND,1991,2079.304199
IND,1992,2076.9104
IND,1993,2075.869385
IND,1994,2075.687256
IND,1995,2077.097168
IND,1996,2079.830322
IND,1997,2079.382568
IND,1998,2080.741211
IND,1999,2082.693848
IND,2000,2086.628418
IND,2001,2086.772705
IND,2002,2088.893555
IND,2003,2091.99585
IND,2004,2095.77832
IND,2005,2096.916016
IND,2006,2097.096436
IND,2007,2098.121338
IND,2008,2099.633057
IND,2009,2103.536133
IND,2010,2110.392578
IND,2011,2113.624512
IND,2012,2115.710205
IND,2013,2117.103027
IND,2014,2118.088135
IND,2015,2117.011719
IND,2016,2117.011719
IND,2017,2117.011719
IRL,1950,2419.411133
IRL,1951,2407.574951
IRL,1952,2395.796875
IRL,1953,2384.076172
IRL,1954,2372.413086
IRL,1955,2360.806885
IRL,1956,2349.257324
IRL,1957,2337.764404
IRL,1958,2326.327881
IRL,1959,2314.947021
IRL,1960,2303.62207
IRL,1961,2306.615723
IRL,1962,2309.613281
IRL,1963,2312.61499
IRL,1964,2315.620361
IRL,1965,2318.629639
IRL,1966,2321.642822
IRL,1967,2324.660156
IRL,1968,2327.681152
IRL,1969,2330.706299
IRL,1970,2333.735107
IRL,1971,2316.731201
IRL,1972,2296.587891
IRL,1973,2284.031006
IRL,1974,2247.668701
IRL,1975,2237.727783
IRL,1976,2232.234375
IRL,1977,2202.67334
IRL,1978,2183.053467
IRL,1979,2161.340576
IRL,1980,2122.100586
IRL,1981,2090.708496
IRL,1982,2083.383789
IRL,1983,2073.181396
IRL,1984,2055.130859
IRL,1985,2062.194092
IRL,1986,2096.725342
IRL,1987,2076.059082
IRL,1988,2084.430176
IRL,1989,2091.754883
IRL,1990,2080.244629
IRL,1991,2045.190186
IRL,1992,1996.794067
IRL,1993,1970.110962
IRL,1994,1970.372559
IRL,1995,1962.001343
IRL,1996,1953.599243
IRL,1997,1954.194092
IRL,1998,1953.194092
IRL,1999,1941.882935
IRL,2000,1932.723755
IRL,2001,1923.529419
IRL,2002,1904.276245
IRL,2003,1886.786377
IRL,2004,1875.255981
IRL,2005,1883.193726
IRL,2006,1878.812988
IRL,2007,1864.932251
IRL,2008,1843.89624
IRL,2009,1811.802979
IRL,2010,1801.277344
IRL,2011,1702.17688
IRL,2012,1707.498169
IRL,2013,1719.559082
IRL,2014,1731.046509
IRL,2015,1740.528564
IRL,2016,1738.72937
IRL,2017,1745.684326
ISL,1964,2144.754883
ISL,1965,2121.403076
ISL,1966,2109.061523
ISL,1967,2073.160889
ISL,1968,2025.913574
ISL,1969,1997.327637
ISL,1970,1979.844482
ISL,1971,1941.354858
ISL,1972,1908.254028
ISL,1973,1890.837769
ISL,1974,1866.088501
ISL,1975,1841.308716
ISL,1976,1813.777954
ISL,1977,1771.641724
ISL,1978,1733.060791
ISL,1979,1720.171753
ISL,1980,1710.077515
ISL,1981,1703.643433
ISL,1982,1706.384888
ISL,1983,1706.39856
ISL,1984,1704.55835
ISL,1985,1703.649536
ISL,1986,1696.320923
ISL,1987,1694.454346
ISL,1988,1701.800781
ISL,1989,1697.243408
ISL,1990,1687.147217
ISL,1991,1690.753784
ISL,1992,1690.753784
ISL,1993,1705.917603
ISL,1994,1677.275024
ISL,1995,1663.796143
ISL,1996,1681.487183
ISL,1997,1706.76001
ISL,1998,1687.384155
ISL,1999,1667.165894
ISL,2000,1718.553955
ISL,2001,1729.505493
ISL,2002,1694.965942
ISL,2003,1661.268799
ISL,2004,1668.008301
ISL,2005,1659.583984
ISL,2006,1649.474854
ISL,2007,1627.571655
ISL,2008,1629.256592
ISL,2009,1549.008545
ISL,2010,1542.501587
ISL,2011,1548.252075
ISL,2012,1523.732056
ISL,2013,1521.809692
ISL,2014,1509.629395
ISL,2015,1509.168457
ISL,2016,1493.365112
ISL,2017,1493.365112
ISR,1981,1966.033081
ISR,1982,1941.760986
ISR,1983,1928.613647
ISR,1984,1931.647705
ISR,1985,1931.647705
ISR,1986,1926.591064
ISR,1987,1920.523071
ISR,1988,1878.046997
ISR,1989,1909.398315
ISR,1990,1904.341675
ISR,1991,1897.262329
ISR,1992,1950.863037
ISR,1993,1952.885742
ISR,1994,1993.338989
ISR,1995,2017.611084
ISR,1996,2035.539063
ISR,1997,2040.497681
ISR,1998,2015.459229
ISR,1999,2023.338501
ISR,2000,2034.742065
ISR,2001,1998.014771
ISR,2002,2015.554321
ISR,2003,1996.878052
ISR,2004,1973.289429
ISR,2005,1965.095703
ISR,2006,1951.719238
ISR,2007,1964.7948
ISR,2008,1960.650391
ISR,2009,1962.02771
ISR,2010,1956.267212
ISR,2011,1946.812988
ISR,2012,1918.9104
ISR,2013,1908.565674
ISR,2014,1894.067627
ISR,2015,1895.457397
ISR,2016,1920.610596
ISR,2017,1920.610596
ITA,1950,2107.255371
ITA,1951,2113.708008
ITA,1952,2120.18042
ITA,1953,2126.672607
ITA,1954,2133.184814
ITA,1955,2139.716797
ITA,1956,2146.268799
ITA,1957,2152.841064
ITA,1958,2159.433105
ITA,1959,2166.045654
ITA,1960,2172.678223
ITA,1961,2155.935547
ITA,1962,2106.670654
ITA,1963,2091.876953
ITA,1964,2085.723145
ITA,1965,2027.920776
ITA,1966,2046.62439
ITA,1967,2071.154297
ITA,1968,2064.690674
ITA,1969,2063.568115
ITA,1970,2042.22876
ITA,1971,1989.750732
ITA,1972,1970.888062
ITA,1973,1954.645874
ITA,1974,1924.070801
ITA,1975,1908.54895
ITA,1976,1906.453369
ITA,1977,1871.6073
ITA,1978,1861.564209
ITA,1979,1855.028564
ITA,1980,1856.065063
ITA,1981,1862.324463
ITA,1982,1873.733032
ITA,1983,1873.046387
ITA,1984,1862.673096
ITA,1985,1859.158691
ITA,1986,1867.559326
ITA,1987,1886.682495
ITA,1988,1890.402344
ITA,1989,1874.563354
ITA,1990,1863.834595
ITA,1991,1856.869507
ITA,1992,1860.002563
ITA,1993,1859.880371
ITA,1994,1853.832642
ITA,1995,1856.086792
ITA,1996,1866.127197
ITA,1997,1860.113037
ITA,1998,1873.785645
ITA,1999,1870.357178
ITA,2000,1850.806152
ITA,2001,1837.76062
ITA,2002,1826.59375
ITA,2003,1815.797363
ITA,2004,1815.341553
ITA,2005,1812.055176
ITA,2006,1812.582275
ITA,2007,1818.152588
ITA,2008,1807.03186
ITA,2009,1775.661133
ITA,2010,1777.273682
ITA,2011,1773.25647
ITA,2012,1734.174683
ITA,2013,1719.507446
ITA,2014,1717.137207
ITA,2015,1717.99585
ITA,2016,1724.415283
ITA,2017,1722.611328
JAM,1986,1864.824585
JAM,1987,1893.674805
JAM,1988,1914.996948
JAM,1989,1972.910767
JAM,1990,1938.222778
JAM,1991,1947.974976
JAM,1992,1963.452515
JAM,1993,1951.13269
JAM,1994,1958.878174
JAM,1995,1948.525024
JAM,1996,1969.264771
JAM,1997,1963.947388
JAM,1998,1999.210693
JAM,1999,1983.450317
JAM,2000,1963.449219
JAM,2001,1970.636841
JAM,2002,1965.566406
JPN,1950,2030.413696
JPN,1951,2012.990723
JPN,1952,1995.717163
JPN,1953,1978.591797
JPN,1954,2008.945435
JPN,1955,2034.516357
JPN,1956,2084.966797
JPN,1957,2108.042725
JPN,1958,2133.144775
JPN,1959,2156.244629
JPN,1960,2172.898926
JPN,1961,2175.313721
JPN,1962,2152.699951
JPN,1963,2146.327637
JPN,1964,2153.529053
JPN,1965,2135.122314
JPN,1966,2142.947266
JPN,1967,2156.571045
JPN,1968,2160.340088
JPN,1969,2147.011719
JPN,1970,2137.217285
JPN,1971,2129.29541
JPN,1972,2131.664795
JPN,1973,2117.544189
JPN,1974,2058.716309
JPN,1975,2030.261841
JPN,1976,2057.5
JPN,1977,2064.006348
JPN,1978,2067.987793
JPN,1979,2072.703125
JPN,1980,2073.943848
JPN,1981,2068.827637
JPN,1982,2068.618652
JPN,1983,2074.860107
JPN,1984,2089.279785
JPN,1985,2076.767334
JPN,1986,2078.495117
JPN,1987,2083.968262
JPN,1988,2080.437744
JPN,1989,2061.361572
JPN,1990,2028.418701
JPN,1991,2010.741943
JPN,1992,1962.130615
JPN,1993,1926.776855
JPN,1994,1909.099976
JPN,1995,1911.599976
JPN,1996,1914.800049
JPN,1997,1887.099976
JPN,1998,1866.5
JPN,1999,1850.900024
JPN,2000,1858.5
JPN,2001,1843.099976
JPN,2002,1830.599976
JPN,2003,1834.199951
JPN,2004,1841.5
JPN,2005,1827.800049
JPN,2006,1836
JPN,2007,1826.5
JPN,2008,1807.300049
JPN,2009,1757.199951
JPN,2010,1777.800049
JPN,2011,1772.699951
JPN,2012,1782.900024
JPN,2013,1761.5
JPN,2014,1756.5
JPN,2015,1750.900024
JPN,2016,1742
JPN,2017,1738.363281
KHM,1993,2190.643555
KHM,1994,2160.657959
KHM,1995,2187.28125
KHM,1996,2191.996338
KHM,1997,2202.334473
KHM,1998,2239.29126
KHM,1999,2265.426758
KHM,2000,2296.890869
KHM,2001,2321.056152
KHM,2002,2367.166748
KHM,2003,2366.47583
KHM,2004,2374.303955
KHM,2005,2373.758057
KHM,2006,2374.135254
KHM,2007,2380.886475
KHM,2008,2382.565186
KHM,2009,2389.084717
KHM,2010,2390.162109
KHM,2011,2408.062012
KHM,2012,2414.252197
KHM,2013,2423.970703
KHM,2014,2442.695557
KHM,2015,2455.550781
KHM,2016,2455.550781
KHM,2017,2455.550781
KOR,1953,2304.547852
KOR,1954,2325.147217
KOR,1955,2345.930908
KOR,1956,2366.900391
KOR,1957,2388.057373
KOR,1958,2409.40332
KOR,1959,2430.940186
KOR,1960,2452.669434
KOR,1961,2474.593018
KOR,1962,2496.712646
KOR,1963,2519.030029
KOR,1964,2439.481689
KOR,1965,2545.545898
KOR,1966,2529.63623
KOR,1967,2561.455566
KOR,1968,2609.18457
KOR,1969,2667.52002
KOR,1970,2561.455566
KOR,1971,2625.094238
KOR,1972,2688.73291
KOR,1973,2736.461914
KOR,1974,2789.494141
KOR,1975,2810.707031
KOR,1976,2895.558594
KOR,1977,2863.739258
KOR,1978,2895.558594
KOR,1979,2879.648926
KOR,1980,2863.739258
KOR,1981,2879.737793
KOR,1982,2892.736572
KOR,1983,2910.734863
KOR,1984,2906.735352
KOR,1985,2881.737549
KOR,1986,2910.734863
KOR,1987,2879.737793
KOR,1988,2833.741943
KOR,1989,2730.751465
KOR,1990,2676.756348
KOR,1991,2660.757813
KOR,1992,2638.759766
KOR,1993,2655.657471
KOR,1994,2640.145264
KOR,1995,2647.234375
KOR,1996,2636.560791
KOR,1997,2580.861328
KOR,1998,2485.872314
KOR,1999,2492.090332
KOR,2000,2509.288086
KOR,2001,2495.92041
KOR,2002,2454.881104
KOR,2003,2423.648193
KOR,2004,2391.531982
KOR,2005,2351.319092
KOR,2006,2345.913818
KOR,2007,2306.198486
KOR,2008,2212.911377
KOR,2009,2168.052979
KOR,2010,2157.064941
KOR,2011,2127.147217
KOR,2012,2103.230469
KOR,2013,2094.229736
KOR,2014,2069.314941
KOR,2015,2076.295898
KOR,2016,2063.331543
KOR,2017,2063.331543
LCA,1985,1959.811646
LCA,1986,1943.393921
LCA,1987,1924.84375
LCA,1988,1898.247681
LCA,1989,1880.487671
LCA,1990,1881.799683
LCA,1991,1897.346558
LCA,1992,1928.898804
LCA,1993,1995.793335
LCA,1994,1962.668945
LCA,1995,1986.113403
LCA,1996,1972.072876
LCA,1997,2011.284912
LCA,1998,1972.301147
LCA,1999,1997.799683
LCA,2000,1979.141602
LCA,2001,1981.815796
LKA,1970,1894.260986
LKA,1971,1893.890137
LKA,1972,1893.871338
LKA,1973,1893.986572
LKA,1974,1894.163696
LKA,1975,1894.34375
LKA,1976,1894.200806
LKA,1977,1949.333496
LKA,1978,1953.41272
LKA,1979,1957.567139
LKA,1980,1961.809937
LKA,1981,1969.678223
LKA,1982,1972.961792
LKA,1983,1986.351196
LKA,1984,1966.26709
LKA,1985,1893.413208
LKA,1986,1956.421997
LKA,1987,1962.374146
LKA,1988,1968.31543
LKA,1989,1974.377563
LKA,1990,1980.645142
LKA,1991,1997.950562
LKA,1992,2001.626465
LKA,1993,2017.428467
LKA,1994,1961.767822
LKA,1995,1943.484497
LKA,1996,1936.94873
LKA,1997,1894.859863
LKA,1998,1910.487793
LKA,1999,1932.793701
LKA,2000,2000.739624
LKA,2001,1975.660278
LKA,2002,1812.201538
LKA,2003,1733.871338
LKA,2004,1856.297607
LKA,2005,1887.692505
LKA,2006,1835.429565
LKA,2007,1861.297974
LKA,2008,1823.990967
LKA,2009,1810.628662
LKA,2010,1872.33606
LKA,2011,1993.543701
LKA,2012,2052.939209
LKA,2013,1896.459106
LKA,2014,1926.246094
LKA,2015,1923.935425
LKA,2016,1923.935425
LKA,2017,1923.935425
LTU,1995,1729.355835
LTU,1996,1727.040161
LTU,1997,1732.69397
LTU,1998,1779.593872
LTU,1999,1726.013916
LTU,2000,1846.227417
LTU,2001,1831.21936
LTU,2002,1802.171143
LTU,2003,1785.886353
LTU,2004,1878.556152
LTU,2005,1878.971924
LTU,2006,1874.210205
LTU,2007,1903.756714
LTU,2008,1933.571533
LTU,2009,1862.943726
LTU,2010,1884.286621
LTU,2011,1858.872803
LTU,2012,1857.293945
LTU,2013,1841.247314
LTU,2014,1833.529907
LTU,2015,1859.497437
LTU,2016,1885.008911
LTU,2017,1844.01709
LUX,1970,1845.83606
LUX,1971,1842.324829
LUX,1972,1821.742554
LUX,1973,1792.481812
LUX,1974,1768.983032
LUX,1975,1741.35498
LUX,1976,1757.82251
LUX,1977,1732.71936
LUX,1978,1715.118896
LUX,1979,1698.508911
LUX,1980,1682.30127
LUX,1981,1658.05188
LUX,1982,1640.411865
LUX,1983,1634.781494
LUX,1984,1621.196533
LUX,1985,1634.857544
LUX,1986,1626.659546
LUX,1987,1624.833496
LUX,1988,1644.875488
LUX,1989,1633.943604
LUX,1990,1633.941528
LUX,1991,1616.636597
LUX,1992,1595.6875
LUX,1993,1602.065552
LUX,1994,1581.122559
LUX,1995,1592.614502
LUX,1996,1599.5625
LUX,1997,1598.036987
LUX,1998,1593.313599
LUX,1999,1591.75708
LUX,2000,1602.215454
LUX,2001,1585.719971
LUX,2002,1580.682495
LUX,2003,1578.93335
LUX,2004,1577.878296
LUX,2005,1549.842407
LUX,2006,1552.275513
LUX,2007,1566.295898
LUX,2008,1566.968994
LUX,2009,1516.470337
LUX,2010,1516.497925
LUX,2011,1515.069214
LUX,2012,1508.08667
LUX,2013,1502.680908
LUX,2014,1508.261108
LUX,2015,1521.028809
LUX,2016,1519.51062
LUX,2017,1518.857544
LVA,1995,1975.908203
LVA,1996,1975.895874
LVA,1997,1975.91687
LVA,1998,1975.904541
LVA,1999,1975.900757
LVA,2000,1975.794922
LVA,2001,1987.143921
LVA,2002,1937.873779
LVA,2003,1927.734009
LVA,2004,1878.394165
LVA,2005,1905.512085
LVA,2006,1906.828613
LVA,2007,1878.209106
LVA,2008,2002.249146
LVA,2009,1952.224121
LVA,2010,1935.135376
LVA,2011,1951.897827
LVA,2012,1934.283813
LVA,2013,1927.746094
LVA,2014,1938.475708
LVA,2015,1901.741333
LVA,2016,1902.485596
LVA,2017,1874.5979
MEX,1950,2431.730225
MEX,1951,2431.27832
MEX,1952,2430.826416
MEX,1953,2430.374756
MEX,1954,2429.923096
MEX,1955,2429.471436
MEX,1956,2429.019775
MEX,1957,2428.568359
MEX,1958,2428.116943
MEX,1959,2427.665771
MEX,1960,2427.2146
MEX,1961,2417.560547
MEX,1962,2407.944824
MEX,1963,2398.367432
MEX,1964,2388.828125
MEX,1965,2379.326904
MEX,1966,2369.863281
MEX,1967,2360.437256
MEX,1968,2351.048828
MEX,1969,2341.697754
MEX,1970,2332.383789
MEX,1971,2330.500732
MEX,1972,2328.619141
MEX,1973,2326.739258
MEX,1974,2325.123047
MEX,1975,2323.508057
MEX,1976,2321.894043
MEX,1977,2320.281494
MEX,1978,2318.669678
MEX,1979,2317.059326
MEX,1980,2315.449707
MEX,1981,2316.45166
MEX,1982,2317.453857
MEX,1983,2318.456299
MEX,1984,2319.459473
MEX,1985,2320.462891
MEX,1986,2321.466797
MEX,1987,2322.471191
MEX,1988,2323.476074
MEX,1989,2324.481201
MEX,1990,2325.610352
MEX,1991,2319.253418
MEX,1992,2312.914307
MEX,1993,2306.592285
MEX,1994,2294
MEX,1995,2294
MEX,1996,2314
MEX,1997,2322
MEX,1998,2291
MEX,1999,2306
MEX,2000,2311
MEX,2001,2285
MEX,2002,2271
MEX,2003,2277
MEX,2004,2271
MEX,2005,2290
MEX,2006,2278
MEX,2007,2260
MEX,2008,2264
MEX,2009,2255
MEX,2010,2254
MEX,2011,2248
MEX,2012,2239
MEX,2013,2244
MEX,2014,2242
MEX,2015,2248
MEX,2016,2255
MEX,2017,2255
MLT,1994,2258.487793
MLT,1995,2257.289795
MLT,1996,2250.385742
MLT,1997,2252.86499
MLT,1998,2277.382813
MLT,1999,2254.384033
MLT,2000,2251.181641
MLT,2001,2159.336914
MLT,2002,2216.687744
MLT,2003,2191.667725
MLT,2004,2091.196289
MLT,2005,2157.913574
MLT,2006,2162.855957
MLT,2007,2153.303711
MLT,2008,2162.973877
MLT,2009,2168.403809
MLT,2010,2110.202148
MLT,2011,2052.075684
MLT,2012,2027.420044
MLT,2013,2008.344482
MLT,2014,1976.505249
MLT,2015,1964.558716
MLT,2016,2031.904785
MLT,2017,2040.031738
MYS,1970,2258.996338
MYS,1971,2260.572266
MYS,1972,2262.172852
MYS,1973,2263.805176
MYS,1974,2265.477051
MYS,1975,2267.194824
MYS,1976,2269.094971
MYS,1977,2270.991211
MYS,1978,2272.87085
MYS,1979,2274.726807
MYS,1980,2276.562012
MYS,1981,2277.69873
MYS,1982,2278.489502
MYS,1983,2277.405273
MYS,1984,2283.333984
MYS,1985,2279.449219
MYS,1986,2272.286865
MYS,1987,2273.154297
MYS,1988,2271.488037
MYS,1989,2279.64502
MYS,1990,2283.269775
MYS,1991,2290.689941
MYS,1992,2298.172607
MYS,1993,2299.566895
MYS,1994,2299.925049
MYS,1995,2300.315186
MYS,1996,2300.736084
MYS,1997,2305.627197
MYS,1998,2302.712646
MYS,1999,2304.095215
MYS,2000,2303.312744
MYS,2001,2306.759521
MYS,2002,2334.033447
MYS,2003,2324.475098
MYS,2004,2318.824707
MYS,2005,2361.263916
MYS,2006,2349.085205
MYS,2007,2324.452393
MYS,2008,2298.306641
MYS,2009,2306.563965
MYS,2010,2290.21167
MYS,2011,2285.832275
MYS,2012,2268.632324
MYS,2013,2240.950195
MYS,2014,2249.616943
MYS,2015,2238.272949
MYS,2016,2238.272949
MYS,2017,2238.272949
NGA,2010,1996.656494
NGA,2011,1984.212524
NGA,2012,1880.984375
NGA,2013,1893.632324
NGA,2014,1909.652954
NGA,2015,1703.478149
NGA,2016,1827.240112
NGA,2017,1827.240112
NLD,1950,1993.994873
NLD,1951,1979.341309
NLD,1952,1964.79541
NLD,1953,1950.356445
NLD,1954,1936.023682
NLD,1955,1921.796143
NLD,1956,1907.673218
NLD,1957,1893.654053
NLD,1958,1879.737915
NLD,1959,1865.924072
NLD,1960,1852.21167
NLD,1961,1850.541992
NLD,1962,1848.873779
NLD,1963,1847.207153
NLD,1964,1845.541992
NLD,1965,1843.878296
NLD,1966,1842.216187
NLD,1967,1840.555542
NLD,1968,1838.896362
NLD,1969,1875.044556
NLD,1970,1835.58252
NLD,1971,1802.096558
NLD,1972,1800.348511
NLD,1973,1773.943481
NLD,1974,1720.461548
NLD,1975,1667.366455
NLD,1976,1651.492432
NLD,1977,1631.266479
NLD,1978,1602.720459
NLD,1979,1581.288452
NLD,1980,1578.360474
NLD,1981,1577.835449
NLD,1982,1563.332397
NLD,1983,1548.4104
NLD,1984,1540.29248
NLD,1985,1523.841431
NLD,1986,1508.904419
NLD,1987,1487.642456
NLD,1988,1484.435425
NLD,1989,1479.688477
NLD,1990,1473.87146
NLD,1991,1464.771484
NLD,1992,1471.175415
NLD,1993,1460.859375
NLD,1994,1468.491455
NLD,1995,1479.235474
NLD,1996,1494.454834
NLD,1997,1480.075317
NLD,1998,1476.342407
NLD,1999,1475.292847
NLD,2000,1462.02124
NLD,2001,1451.897705
NLD,2002,1434.814331
NLD,2003,1426.553955
NLD,2004,1447.527832
NLD,2005,1433.575562
NLD,2006,1430.460205
NLD,2007,1429.74585
NLD,2008,1430.044312
NLD,2009,1421.976685
NLD,2010,1421.341187
NLD,2011,1422.443481
NLD,2012,1413.139526
NLD,2013,1417.569458
NLD,2014,1428.87561
NLD,2015,1423.920166
NLD,2016,1436.729004
NLD,2017,1430.022949
NOR,1950,2129.484863
NOR,1951,2118.701416
NOR,1952,2107.972656
NOR,1953,2097.298096
NOR,1954,2086.677734
NOR,1955,2076.111084
NOR,1956,2065.5979
NOR,1957,2055.137939
NOR,1958,2044.731079
NOR,1959,2034.376831
NOR,1960,2024.074951
NOR,1961,2009.30542
NOR,1962,1994.643799
NOR,1963,1985.645386
NOR,1964,1995.643555
NOR,1965,1950.651611
NOR,1966,1951.651367
NOR,1967,1935.654297
NOR,1968,1896.661255
NOR,1969,1848.6698
NOR,1970,1834.672363
NOR,1971,1812.67627
NOR,1972,1779.682129
NOR,1973,1765.684692
NOR,1974,1744.688354
NOR,1975,1727.691406
NOR,1976,1674.094727
NOR,1977,1637.94043
NOR,1978,1601.491699
NOR,1979,1580.136597
NOR,1980,1579.784546
NOR,1981,1569.908813
NOR,1982,1558.480957
NOR,1983,1553.807129
NOR,1984,1548.614624
NOR,1985,1542.647095
NOR,1986,1538.205933
NOR,1987,1510.697632
NOR,1988,1513.564087
NOR,1989,1510.832886
NOR,1990,1502.671143
NOR,1991,1500.490723
NOR,1992,1510.324463
NOR,1993,1506.588623
NOR,1994,1504.573853
NOR,1995,1487.73584
NOR,1996,1482.200684
NOR,1997,1477.538208
NOR,1998,1475.711182
NOR,1999,1474.848267
NOR,2000,1456.465576
NOR,2001,1430.841919
NOR,2002,1416.345703
NOR,2003,1404.50415
NOR,2004,1423.838257
NOR,2005,1427.782471
NOR,2006,1425.225952
NOR,2007,1434.31958
NOR,2008,1438.670288
NOR,2009,1416.890625
NOR,2010,1426.476318
NOR,2011,1430.037964
NOR,2012,1428.464966
NOR,2013,1417.987427
NOR,2014,1420.247681
NOR,2015,1422.560791
NOR,2016,1429.088257
NOR,2017,1417.47229
NZL,1970,1900.694092
NZL,1971,1896.716064
NZL,1972,1892.942749
NZL,1973,1889.160889
NZL,1974,1885.378906
NZL,1975,1881.603394
NZL,1976,1877.83252
NZL,1977,1874.070801
NZL,1978,1870.369019
NZL,1979,1866.336426
NZL,1980,1864.451538
NZL,1981,1861.289429
NZL,1982,1846.842896
NZL,1983,1844.521851
NZL,1984,1852.914551
NZL,1985,1837.232056
NZL,1986,1834
NZL,1987,1838
NZL,1988,1829
NZL,1989,1820
NZL,1990,1809
NZL,1991,1792
NZL,1992,1799
NZL,1993,1853
NZL,1994,1848
NZL,1995,1841
NZL,1996,1834
NZL,1997,1826
NZL,1998,1829
NZL,1999,1845
NZL,2000,1836
NZL,2001,1825
NZL,2002,1826
NZL,2003,1823
NZL,2004,1830
NZL,2005,1815
NZL,2006,1795
NZL,2007,1774
NZL,2008,1761
NZL,2009,1740
NZL,2010,1755
NZL,2011,1746
NZL,2012,1734
NZL,2013,1752
NZL,2014,1762
NZL,2015,1757
NZL,2016,1752
NZL,2017,1752
PAK,1970,2215.517578
PAK,1971,2256.368652
PAK,1972,2204.079834
PAK,1973,2238.260254
PAK,1974,2270.173096
PAK,1975,2308.28125
PAK,1976,2265.524658
PAK,1977,2220.815674
PAK,1978,2176.048584
PAK,1979,2130.696533
PAK,1980,2143.270996
PAK,1981,2125.989502
PAK,1982,2129.310059
PAK,1983,2132.988281
PAK,1984,2140.3125
PAK,1985,2157.969971
PAK,1986,2164.002686
PAK,1987,2134.238037
PAK,1988,2108.900391
PAK,1989,2138.928467
PAK,1990,2167.264893
PAK,1991,2205.851318
PAK,1992,2202.446289
PAK,1993,2233.546875
PAK,1994,2195.501709
PAK,1995,2217.460449
PAK,1996,2211.916748
PAK,1997,2199.747803
PAK,1998,2177.577637
PAK,1999,2179.280029
PAK,2000,2186.436768
PAK,2001,2178.742432
PAK,2002,2169.929199
PAK,2003,2184.91333
PAK,2004,2176.870117
PAK,2005,2164.674316
PAK,2006,2131.496582
PAK,2007,2135.804443
PAK,2008,2128.708008
PAK,2009,2109.135254
PAK,2010,2127.92334
PAK,2011,2114.874268
PAK,2012,2101.449951
PAK,2013,2088.75293
PAK,2014,2095.248779
PAK,2015,2096.144287
PAK,2016,2096.144287
PAK,2017,2096.144287
PER,1950,2157
PER,1951,2151.730225
PER,1952,2146.473633
PER,1953,2141.229736
PER,1954,2135.998535
PER,1955,2130.780029
PER,1956,2125.574463
PER,1957,2120.381592
PER,1958,2115.201416
PER,1959,2110.033936
PER,1960,2104.878906
PER,1961,2099.736572
PER,1962,2094.606934
PER,1963,2089.489746
PER,1964,2084.38501
PER,1965,2079.292725
PER,1966,2074.212891
PER,1967,2069.145508
PER,1968,2064.090576
PER,1969,2059.047852
PER,1970,2054.017334
PER,1971,2048.999268
PER,1972,2043.99353
PER,1973,2039
PER,1974,2032.421143
PER,1975,2025.863525
PER,1976,2019.327026
PER,1977,2012.811646
PER,1978,2006.317261
PER,1979,1999.843872
PER,1980,1993.391235
PER,1981,1986.959595
PER,1982,1980.548584
PER,1983,1974.158325
PER,1984,1967.788696
PER,1985,1961.439575
PER,1986,1955.110962
PER,1987,1948.802734
PER,1988,1942.514893
PER,1989,1936.247314
PER,1990,1930
PER,1991,1928.999756
PER,1992,1928
PER,1993,1927.666504
PER,1994,1927.33313
PER,1995,1926.999756
PER,1996,1926.666382
PER,1997,1926.33313
PER,1998,1926
PER,1999,1890.957031
PER,2000,2005.011353
PER,2001,1982.578369
PER,2002,2003.076782
PER,2003,1985.320557
PER,2004,1974.636108
PER,2005,1956.41687
PER,2006,1968.925415
PER,2007,1989.056763
PER,2008,1989.980957
PER,2009,1960.881226
PER,2010,1926.221924
PER,2011,1923.783081
PER,2012,1923.418579
PER,2013,1919.162354
PER,2014,1904.48291
PER,2015,1932.45813
PER,2016,1932.45813
PER,2017,1932.45813
PHL,1970,2113.668945
PHL,1971,2116.460449
PHL,1972,2118.368408
PHL,1973,2109.430664
PHL,1974,2120.068359
PHL,1975,2124.262695
PHL,1976,2124.676758
PHL,1977,2161.410889
PHL,1978,2136.626221
PHL,1979,2135.648926
PHL,1980,2134.494141
PHL,1981,2135.503906
PHL,1982,2131.058594
PHL,1983,2141.854736
PHL,1984,2172.795898
PHL,1985,2174.200928
PHL,1986,2171.386719
PHL,1987,2179.792969
PHL,1988,2188.268066
PHL,1989,2197.348389
PHL,1990,2191.781494
PHL,1991,2176.11084
PHL,1992,2175.977051
PHL,1993,2135.964355
PHL,1994,2149.860352
PHL,1995,2129.836426
PHL,1996,2094.214111
PHL,1997,2098.442383
PHL,1998,2091.767334
PHL,1999,2081.390869
PHL,2000,2086.843994
PHL,2001,2079.727051
PHL,2002,2061.266113
PHL,2003,2077.873047
PHL,2004,2084.768555
PHL,2005,2103.612061
PHL,2006,2077.947754
PHL,2007,2093.107178
PHL,2008,2113.245605
PHL,2009,2117.425049
PHL,2010,2124.781006
PHL,2011,2126.817139
PHL,2012,2132.033447
PHL,2013,2141.511963
PHL,2014,2143.243408
PHL,2015,2148.564453
PHL,2016,2148.564453
PHL,2017,2148.564453
POL,1993,2070.821289
POL,1994,2084.624268
POL,1995,2081.91626
POL,1996,2082.040283
POL,1997,2081.883301
POL,1998,2081.813477
POL,1999,2079.998291
POL,2000,2081.697266
POL,2001,2083.690918
POL,2002,2078.475098
POL,2003,2084.172119
POL,2004,2084.532715
POL,2005,2079.04834
POL,2006,2080.57959
POL,2007,2077.614502
POL,2008,2069.600098
POL,2009,2054
POL,2010,2048.800049
POL,2011,2043.599976
POL,2012,2038.400024
POL,2013,2034.754639
POL,2014,2041.321899
POL,2015,2049.009033
POL,2016,2050.359131
POL,2017,2028.495239
PRT,1950,2399.429932
PRT,1951,2384.18457
PRT,1952,2369.035889
PRT,1953,2353.983398
PRT,1954,2339.026855
PRT,1955,2324.165039
PRT,1956,2309.397705
PRT,1957,2294.724365
PRT,1958,2280.144287
PRT,1959,2265.656494
PRT,1960,2251.260986
PRT,1961,2238.862305
PRT,1962,2226.531738
PRT,1963,2214.269043
PRT,1964,2202.073975
PRT,1965,2189.946045
PRT,1966,2177.88501
PRT,1967,2165.890381
PRT,1968,2153.96167
PRT,1969,2142.098633
PRT,1970,2097.288086
PRT,1971,2097.046143
PRT,1972,2096.649902
PRT,1973,2095.296631
PRT,1974,2105.091553
PRT,1975,2105.226563
PRT,1976,2100.879639
PRT,1977,2101.811035
PRT,1978,2087.209229
PRT,1979,2072.234863
PRT,1980,2053.481934
PRT,1981,2036.178467
PRT,1982,2016.133057
PRT,1983,1998.177246
PRT,1984,1981.213013
PRT,1985,1966.830444
PRT,1986,1954.453613
PRT,1987,1969.772339
PRT,1988,1949.933228
PRT,1989,1978.339355
PRT,1990,1967.894287
PRT,1991,1888.837524
PRT,1992,1871.988892
PRT,1993,1859.423462
PRT,1994,1855.100952
PRT,1995,1893.401855
PRT,1996,1894.421997
PRT,1997,1889.628052
PRT,1998,1905.308228
PRT,1999,1907.087402
PRT,2000,1916.809692
PRT,2001,1900.453247
PRT,2002,1893.59314
PRT,2003,1886.637329
PRT,2004,1892.810303
PRT,2005,1894.853516
PRT,2006,1882.983276
PRT,2007,1899.984619
PRT,2008,1886.891724
PRT,2009,1887.095947
PRT,2010,1889.757568
PRT,2011,1866.581543
PRT,2012,1849.049316
PRT,2013,1859.134766
PRT,2014,1866.898193
PRT,2015,1874.919434
PRT,2016,1864.585449
PRT,2017,1863.174438
ROU,1995,1822.645386
ROU,1996,1861.463501
ROU,1997,1860.523926
ROU,1998,1859.149292
ROU,1999,1850.044678
ROU,2000,1852.999023
ROU,2001,1852.480469
ROU,2002,1867.176147
ROU,2003,1837.059937
ROU,2004,1845.963013
ROU,2005,1852.912109
ROU,2006,1869.286011
ROU,2007,1878.150024
ROU,2008,1878.427979
ROU,2009,1867.851196
ROU,2010,1860.665405
ROU,2011,1893.799683
ROU,2012,1811.542847
ROU,2013,1806.456909
ROU,2014,1792.533569
ROU,2015,1785.671143
ROU,2016,1792.790771
ROU,2017,1805.999756
RUS,1992,1933
RUS,1993,1939
RUS,1994,1895
RUS,1995,1891
RUS,1996,1894
RUS,1997,1951
RUS,1998,1946
RUS,1999,1964
RUS,2000,1982
RUS,2001,1980
RUS,2002,1982
RUS,2003,1993
RUS,2004,1993
RUS,2005,1989
RUS,2006,1998
RUS,2007,1999
RUS,2008,1997
RUS,2009,1974
RUS,2010,1976
RUS,2011,1979
RUS,2012,1982
RUS,2013,1980
RUS,2014,1985
RUS,2015,1978
RUS,2016,1974
RUS,2017,1974
SGP,1960,2296.984863
SGP,1961,2291.875488
SGP,1962,2286.777588
SGP,1963,2281.690918
SGP,1964,2276.615479
SGP,1965,2271.55127
SGP,1966,2266.498535
SGP,1967,2261.457031
SGP,1968,2256.426514
SGP,1969,2251.407471
SGP,1970,2246.399414
SGP,1971,2246.345215
SGP,1972,2246.261963
SGP,1973,2246.186523
SGP,1974,2246.181396
SGP,1975,2225.806396
SGP,1976,2250.824219
SGP,1977,2198.776611
SGP,1978,2198.055664
SGP,1979,2174.717529
SGP,1980,2182.920898
SGP,1981,2208.874023
SGP,1982,2215.067627
SGP,1983,2220.122803
SGP,1984,2229.229248
SGP,1985,2189.910156
SGP,1986,2222.724365
SGP,1987,2252.50293
SGP,1988,2265.777344
SGP,1989,2322.621826
SGP,1990,2326.933838
SGP,1991,2346.335449
SGP,1992,2349.848145
SGP,1993,2375.039307
SGP,1994,2390.906494
SGP,1995,2403.967041
SGP,1996,2424.098633
SGP,1997,2437.762939
SGP,1998,2425.889893
SGP,1999,2446.380371
SGP,2000,2463.381836
SGP,2001,2443.506348
SGP,2002,2435.383545
SGP,2003,2440.172607
SGP,2004,2407.216309
SGP,2005,2407.35083
SGP,2006,2399.098633
SGP,2007,2378.30542
SGP,2008,2370.743164
SGP,2009,2335.380615
SGP,2010,2373.066895
SGP,2011,2330.072266
SGP,2012,2337.486572
SGP,2013,2328.050293
SGP,2014,2290.32251
SGP,2015,2263.146484
SGP,2016,2252.585693
SGP,2017,2237.726318
SVK,1990,1827.645508
SVK,1991,1827.734253
SVK,1992,1827.675049
SVK,1993,1827.803345
SVK,1994,1827.428345
SVK,1995,1853.04834
SVK,1996,1819.632202
SVK,1997,1829.997925
SVK,1998,1821.860718
SVK,1999,1816.240601
SVK,2000,1815.606079
SVK,2001,1800.735596
SVK,2002,1754.073975
SVK,2003,1697.565063
SVK,2004,1741.994385
SVK,2005,1769.487915
SVK,2006,1774.453979
SVK,2007,1791.20105
SVK,2008,1793.356934
SVK,2009,1780.338257
SVK,2010,1805.150146
SVK,2011,1793.012695
SVK,2012,1789.04248
SVK,2013,1771.614136
SVK,2014,1759.613159
SVK,2015,1754.086304
SVK,2016,1740.010742
SVK,2017,1745.230713
SVN,1995,1755.397095
SVN,1996,1727.491455
SVN,1997,1714.796997
SVN,1998,1727.967651
SVN,1999,1729.692383
SVN,2000,1710.097168
SVN,2001,1695.889648
SVN,2002,1720.518066
SVN,2003,1723.825073
SVN,2004,1736.570313
SVN,2005,1696.603516
SVN,2006,1667.450806
SVN,2007,1654.939575
SVN,2008,1673.646606
SVN,2009,1678.75061
SVN,2010,1680.140259
SVN,2011,1663.163574
SVN,2012,1644.590454
SVN,2013,1662.405273
SVN,2014,1681.904907
SVN,2015,1687.857422
SVN,2016,1666.920166
SVN,2017,1655.088989
SWE,1950,1989.310791
SWE,1951,1980.430054
SWE,1952,1980.430054
SWE,1953,1960.694824
SWE,1954,1971.549194
SWE,1955,1960.694824
SWE,1956,1936.025757
SWE,1957,1936.025757
SWE,1958,1904.449341
SWE,1959,1878.793579
SWE,1960,1873.859741
SWE,1961,1875.833252
SWE,1962,1863.992188
SWE,1963,1858.071533
SWE,1964,1827.481934
SWE,1965,1816.627563
SWE,1966,1802.812988
SWE,1967,1772.223389
SWE,1968,1729.792603
SWE,1969,1707.097046
SWE,1970,1707.097046
SWE,1971,1675.263062
SWE,1972,1635.716064
SWE,1973,1620.220093
SWE,1974,1601.470093
SWE,1975,1577.824097
SWE,1976,1590.845093
SWE,1977,1560.861084
SWE,1978,1523.138062
SWE,1979,1513.863037
SWE,1980,1516.807129
SWE,1981,1508.411133
SWE,1982,1522.542114
SWE,1983,1531.839111
SWE,1984,1534.01709
SWE,1985,1538.054077
SWE,1986,1536.072144
SWE,1987,1546.190063
SWE,1988,1565.760132
SWE,1989,1564.612061
SWE,1990,1560.937134
SWE,1991,1547.672119
SWE,1992,1565.280151
SWE,1993,1596.999146
SWE,1994,1635.221924
SWE,1995,1640.344849
SWE,1996,1653.040894
SWE,1997,1657.968994
SWE,1998,1656.31897
SWE,1999,1664.811646
SWE,2000,1642.08252
SWE,2001,1618.207275
SWE,2002,1594.873901
SWE,2003,1581.563232
SWE,2004,1605.510498
SWE,2005,1605.063599
SWE,2006,1599.127197
SWE,2007,1611.495483
SWE,2008,1616.864502
SWE,2009,1609.147461
SWE,2010,1635.006836
SWE,2011,1632.516968
SWE,2012,1618.375366
SWE,2013,1608.718262
SWE,2014,1609.422852
SWE,2015,1610.072021
SWE,2016,1626.459106
SWE,2017,1609.289551
THA,1970,2455.388184
THA,1971,2455.359375
THA,1972,2352.250488
THA,1973,2471.673096
THA,1974,2489.01709
THA,1975,2461.744873
THA,1976,2457.497559
THA,1977,2453.686035
THA,1978,2528.999268
THA,1979,2619.867188
THA,1980,2710.09375
THA,1981,2632.850342
THA,1982,2348.657715
THA,1983,2682.073242
THA,1984,2700.727295
THA,1985,2672.274902
THA,1986,2671.416016
THA,1987,2625.665283
THA,1988,2648.563965
THA,1989,2715.418213
THA,1990,2579.754639
THA,1991,2627.615479
THA,1992,2643.450928
THA,1993,2564.596436
THA,1994,2614.280273
THA,1995,2609.088379
THA,1996,2555.251953
THA,1997,2485.230957
THA,1998,2533.818604
THA,1999,2498.467773
THA,2000,2502.524902
THA,2001,2404.644043
THA,2002,2393.939697
THA,2003,2383.696777
THA,2004,2389.041504
THA,2005,2337.971191
THA,2006,2325.638428
THA,2007,2329.801025
THA,2008,2342.080566
THA,2009,2354.084717
THA,2010,2349.290527
THA,2011,2357.556885
THA,2012,2312.437988
THA,2013,2273.493896
THA,2014,2247.321045
THA,2015,2185.445557
THA,2016,2185.445557
THA,2017,2185.445557
TTO,1991,1585.060059
TTO,1992,1564.75061
TTO,1993,1580.242432
TTO,1994,1591.537598
TTO,1995,1602.291626
TTO,1996,1618.539307
TTO,1997,1627.136597
TTO,1998,1630.515259
TTO,1999,1636.525024
TTO,2000,1663.895386
TTO,2001,1668.044678
TTO,2002,1634.800415
TUR,1970,2086
TUR,1971,2077
TUR,1972,2069
TUR,1973,2060
TUR,1974,2044
TUR,1975,2028
TUR,1976,2012
TUR,1977,1996
TUR,1978,1980
TUR,1979,1964
TUR,1980,1957
TUR,1981,1950
TUR,1982,1943
TUR,1983,1935
TUR,1984,1871
TUR,1985,1898
TUR,1986,1883
TUR,1987,1844
TUR,1988,1837
TUR,1989,1867
TUR,1990,1866
TUR,1991,1870
TUR,1992,1897
TUR,1993,1917
TUR,1994,1886
TUR,1995,1876
TUR,1996,1892
TUR,1997,1878
TUR,1998,1884
TUR,1999,1925
TUR,2000,1937
TUR,2001,1942
TUR,2002,1943
TUR,2003,1943
TUR,2004,1918
TUR,2005,1936
TUR,2006,1944
TUR,2007,1911
TUR,2008,1900
TUR,2009,1881
TUR,2010,1877
TUR,2011,1864
TUR,2012,1855
TUR,2013,1832
TUR,2014,1832
TUR,2015,1832
TUR,2016,1832
TUR,2017,1832
TWN,1951,2374.069336
TWN,1952,2371.826172
TWN,1953,2369.584961
TWN,1954,2367.345947
TWN,1955,2365.109131
TWN,1956,2362.874268
TWN,1957,2360.641602
TWN,1958,2358.411133
TWN,1959,2356.182861
TWN,1960,2353.956299
TWN,1961,2351.732178
TWN,1962,2349.51001
TWN,1963,2347.290039
TWN,1964,2345.072021
TWN,1965,2342.856201
TWN,1966,2340.642578
TWN,1967,2338.430908
TWN,1968,2336.221436
TWN,1969,2334.013916
TWN,1970,2331.808594
TWN,1971,2330.850586
TWN,1972,2326.832031
TWN,1973,2321.934814
TWN,1974,2324.664063
TWN,1975,2322.519531
TWN,1976,2317.856689
TWN,1977,2310.460938
TWN,1978,2303.027588
TWN,1979,2336.617432
TWN,1980,2313.908691
TWN,1981,2310.124023
TWN,1982,2269.437744
TWN,1983,2254.771973
TWN,1984,2254.298828
TWN,1985,2244.36377
TWN,1986,2242.94458
TWN,1987,2276.53418
TWN,1988,2250.51416
TWN,1989,2231.590332
TWN,1990,2230.644043
TWN,1991,2217.870361
TWN,1992,2220.23584
TWN,1993,2240.579102
TWN,1994,2184.753906
TWN,1995,2224.493896
TWN,1996,2198.000488
TWN,1997,2141.229004
TWN,1998,2192.323242
TWN,1999,2190.430908
TWN,2000,2180.49585
TWN,2001,2125.616943
TWN,2002,2111.897217
TWN,2003,2117.101074
TWN,2004,2135.552002
TWN,2005,2127.509277
TWN,2006,2134.605713
TWN,2007,2129.874756
TWN,2008,2073.576416
TWN,2009,2054.179443
TWN,2010,2062.695313
TWN,2011,2052.760254
TWN,2012,2066.953125
TWN,2013,2062.222168
TWN,2014,2059.055176
TWN,2015,2057.212891
TWN,2016,1989.147583
TWN,2017,1990.321167
URY,1990,1788
URY,1991,1781.500977
URY,1992,1775.025635
URY,1993,1768.57373
URY,1994,1762.145386
URY,1995,1755.740356
URY,1996,1749.358521
URY,1997,1743
URY,1998,1736.664551
URY,1999,1722
URY,2000,1704.076904
URY,2001,1672.772095
URY,2002,1635.878784
URY,2003,1612.803833
URY,2004,1638.44812
URY,2005,1628.001221
URY,2006,1622.795776
URY,2007,1608.917969
URY,2008,1623.90332
URY,2009,1595.375488
URY,2010,1590.438354
URY,2011,1585.915405
URY,2012,1571.863403
URY,2013,1566.206665
URY,2014,1562.999023
URY,2015,1552.347046
URY,2016,1552.347046
URY,2017,1552.347046
USA,1950,1989.238037
USA,1951,2030.559937
USA,1952,2026.734741
USA,1953,2020.25
USA,1954,1997.08374
USA,1955,2004.501831
USA,1956,1989.36499
USA,1957,1961.523804
USA,1958,1927.547607
USA,1959,1952.852905
USA,1960,1934.287476
USA,1961,1919.797241
USA,1962,1939.245117
USA,1963,1927.459595
USA,1964,1933.125488
USA,1965,1952.98999
USA,1966,1961.711182
USA,1967,1938.948853
USA,1968,1935.284546
USA,1969,1935.967896
USA,1970,1891.411987
USA,1971,1875.647217
USA,1972,1873.319946
USA,1973,1871.67334
USA,1974,1843.812378
USA,1975,1812.416504
USA,1976,1808.450195
USA,1977,1808.508301
USA,1978,1814.819336
USA,1979,1817.119385
USA,1980,1801.332764
USA,1981,1788.807129
USA,1982,1771.043457
USA,1983,1779.080811
USA,1984,1794.722046
USA,1985,1800.700439
USA,1986,1780.511719
USA,1987,1787.977783
USA,1988,1797.743286
USA,1989,1809.922241
USA,1990,1795.551514
USA,1991,1787.253174
USA,1992,1775.088135
USA,1993,1790.074097
USA,1994,1807.96582
USA,1995,1817.575684
USA,1996,1823.622314
USA,1997,1828.681763
USA,1998,1839.514404
USA,1999,1841.641235
USA,2000,1844.918701
USA,2001,1823.822876
USA,2002,1806.903687
USA,2003,1791.093262
USA,2004,1789.967896
USA,2005,1787.311035
USA,2006,1787.577637
USA,2007,1786.084229
USA,2008,1767.012695
USA,2009,1729.955322
USA,2010,1736.094971
USA,2011,1745.049194
USA,2012,1745.437988
USA,2013,1750.078613
USA,2014,1754.422363
USA,2015,1765.182617
USA,2016,1760.796021
USA,2017,1757.225464
VEN,1950,2179
VEN,1951,2162.980225
VEN,1952,2147.078369
VEN,1953,2131.293213
VEN,1954,2115.624268
VEN,1955,2100.070557
VEN,1956,2084.631104
VEN,1957,2069.305176
VEN,1958,2054.091797
VEN,1959,2038.990356
VEN,1960,2024
VEN,1961,2016.578735
VEN,1962,2009.184692
VEN,1963,2001.817749
VEN,1964,1994.477783
VEN,1965,1987.164795
VEN,1966,1979.878662
VEN,1967,1972.619141
VEN,1968,1965.38623
VEN,1969,1958.179932
VEN,1970,1951
VEN,1971,1955.655518
VEN,1972,1960.322266
VEN,1973,1965
VEN,1974,1969.539795
VEN,1975,1974.09021
VEN,1976,1978.651001
VEN,1977,1983.222412
VEN,1978,1987.804321
VEN,1979,1992.396851
VEN,1980,1997
VEN,1981,1985.982178
VEN,1982,1975.025146
VEN,1983,1964.12854
VEN,1984,1953.292114
VEN,1985,1942.515381
VEN,1986,1931.798218
VEN,1987,1921.140137
VEN,1988,1910.540771
VEN,1989,1900
VEN,1990,1889
VEN,1991,1878.470703
VEN,1992,1868
VEN,1993,1888.883301
VEN,1994,1910
VEN,1995,1915.228516
VEN,1996,1920.471313
VEN,1997,1925.728394
VEN,1998,1931
VEN,1999,1886.896606
VEN,2000,1898.511719
VEN,2001,1869.472412
VEN,2002,1829.020264
VEN,2003,1801.210938
VEN,2004,1896.694946
VEN,2005,1922.850098
VEN,2006,1903.851563
VNM,1970,2617.082031
VNM,1971,2618.405518
VNM,1972,2619.829834
VNM,1973,2620.692383
VNM,1974,2621.947266
VNM,1975,2622.230469
VNM,1976,2623.505371
VNM,1977,2625.73584
VNM,1978,2626.288574
VNM,1979,2627.864746
VNM,1980,2629.680664
VNM,1981,2631.898438
VNM,1982,2633.259766
VNM,1983,2634.905273
VNM,1984,2637.096191
VNM,1985,2638.394531
VNM,1986,2637.044434
VNM,1987,2640.36499
VNM,1988,2641.113281
VNM,1989,2641.757324
VNM,1990,2643.468994
VNM,1991,2644.756348
VNM,1992,2646.540771
VNM,1993,2647.239014
VNM,1994,2648.512451
VNM,1995,2648.729004
VNM,1996,2648.866943
VNM,1997,2317.34375
VNM,1998,2362.431396
VNM,1999,2362.140381
VNM,2000,2393.631348
VNM,2001,2246.990967
VNM,2002,2230.759766
VNM,2003,2254.885254
VNM,2004,2207.491943
VNM,2005,2191.706787
VNM,2006,2240.841064
VNM,2007,2241.181396
VNM,2008,2336.682373
VNM,2009,2405.354492
VNM,2010,2300.02002
VNM,2011,2331.283203
VNM,2012,2310.541016
VNM,2013,2267.488281
VNM,2014,2150.635742
VNM,2015,2169.591553
VNM,2016,2169.591553
VNM,2017,2169.591553
ZAF,2001,2376.338135
ZAF,2002,2382.765869
ZAF,2003,2318.679443
ZAF,2004,2342.273438
ZAF,2005,2399.428223
ZAF,2006,2315.748047
ZAF,2007,2322.122803
ZAF,2008,2284.234375
ZAF,2009,2249.30835
ZAF,2010,2235.74292
ZAF,2011,2254.585693
ZAF,2012,2224.108154
ZAF,2013,2211.986328
ZAF,2014,2209.091553
ZAF,2015,2209.091553
ZAF,2016,2209.091553
ZAF,2017,2209.091553
